week_start,unitid,institution,days_in_session,summer_break_days
2014-12-29,164924,Boston College,0,0
2014-12-29,164988,Boston University,0,0
2014-12-29,166027,Harvard University,0,0
2014-12-29,166683,Massachusetts Institute of Technology,0,0
2014-12-29,167358,Northeastern University,0,0
2014-12-29,168148,Tufts University,0,0
2015-01-05,164924,Boston College,0,0
2015-01-05,164988,Boston University,0,0
2015-01-05,166027,Harvard University,0,0
2015-01-05,166683,Massachusetts Institute of Technology,0,0
2015-01-05,167358,Northeastern University,0,0
2015-01-05,168148,Tufts University,0,0
2015-01-12,164924,Boston College,0,0
2015-01-12,164988,Boston University,0,0
2015-01-12,166027,Harvard University,0,0
2015-01-12,166683,Massachusetts Institute of Technology,0,0
2015-01-12,167358,Northeastern University,7,0
2015-01-12,168148,Tufts University,5,0
2015-01-19,164924,Boston College,6,0
2015-01-19,164988,Boston University,6,0
2015-01-19,166027,Harvard University,0,0
2015-01-19,166683,Massachusetts Institute of Technology,0,0
2015-01-19,167358,Northeastern University,7,0
2015-01-19,168148,Tufts University,7,0
2015-01-26,164924,Boston College,7,0
2015-01-26,164988,Boston University,7,0
2015-01-26,166027,Harvard University,7,0
2015-01-26,166683,Massachusetts Institute of Technology,0,0
2015-01-26,167358,Northeastern University,7,0
2015-01-26,168148,Tufts University,7,0
2015-02-02,164924,Boston College,7,0
2015-02-02,164988,Boston University,7,0
2015-02-02,166027,Harvard University,7,0
2015-02-02,166683,Massachusetts Institute of Technology,6,0
2015-02-02,167358,Northeastern University,7,0
2015-02-02,168148,Tufts University,7,0
2015-02-09,164924,Boston College,7,0
2015-02-09,164988,Boston University,7,0
2015-02-09,166027,Harvard University,7,0
2015-02-09,166683,Massachusetts Institute of Technology,7,0
2015-02-09,167358,Northeastern University,7,0
2015-02-09,168148,Tufts University,7,0
2015-02-16,164924,Boston College,7,0
2015-02-16,164988,Boston University,7,0
2015-02-16,166027,Harvard University,7,0
2015-02-16,166683,Massachusetts Institute of Technology,7,0
2015-02-16,167358,Northeastern University,7,0
2015-02-16,168148,Tufts University,7,0
2015-02-23,164924,Boston College,7,0
2015-02-23,164988,Boston University,7,0
2015-02-23,166027,Harvard University,7,0
2015-02-23,166683,Massachusetts Institute of Technology,7,0
2015-02-23,167358,Northeastern University,7,0
2015-02-23,168148,Tufts University,7,0
2015-03-02,164924,Boston College,5,0
2015-03-02,164988,Boston University,5,0
2015-03-02,166027,Harvard University,7,0
2015-03-02,166683,Massachusetts Institute of Technology,7,0
2015-03-02,167358,Northeastern University,5,0
2015-03-02,168148,Tufts University,7,0
2015-03-09,164924,Boston College,0,0
2015-03-09,164988,Boston University,0,0
2015-03-09,166027,Harvard University,5,0
2015-03-09,166683,Massachusetts Institute of Technology,7,0
2015-03-09,167358,Northeastern University,0,0
2015-03-09,168148,Tufts University,5,0
2015-03-16,164924,Boston College,7,0
2015-03-16,164988,Boston University,7,0
2015-03-16,166027,Harvard University,0,0
2015-03-16,166683,Massachusetts Institute of Technology,5,0
2015-03-16,167358,Northeastern University,7,0
2015-03-16,168148,Tufts University,0,0
2015-03-23,164924,Boston College,7,0
2015-03-23,164988,Boston University,7,0
2015-03-23,166027,Harvard University,7,0
2015-03-23,166683,Massachusetts Institute of Technology,0,0
2015-03-23,167358,Northeastern University,7,0
2015-03-23,168148,Tufts University,7,0
2015-03-30,164924,Boston College,7,0
2015-03-30,164988,Boston University,7,0
2015-03-30,166027,Harvard University,7,0
2015-03-30,166683,Massachusetts Institute of Technology,7,0
2015-03-30,167358,Northeastern University,7,0
2015-03-30,168148,Tufts University,7,0
2015-04-06,164924,Boston College,7,0
2015-04-06,164988,Boston University,7,0
2015-04-06,166027,Harvard University,7,0
2015-04-06,166683,Massachusetts Institute of Technology,7,0
2015-04-06,167358,Northeastern University,7,0
2015-04-06,168148,Tufts University,7,0
2015-04-13,164924,Boston College,7,0
2015-04-13,164988,Boston University,7,0
2015-04-13,166027,Harvard University,7,0
2015-04-13,166683,Massachusetts Institute of Technology,7,0
2015-04-13,167358,Northeastern University,7,0
2015-04-13,168148,Tufts University,7,0
2015-04-20,164924,Boston College,7,0
2015-04-20,164988,Boston University,7,0
2015-04-20,166027,Harvard University,7,0
2015-04-20,166683,Massachusetts Institute of Technology,7,0
2015-04-20,167358,Northeastern University,7,0
2015-04-20,168148,Tufts University,7,0
2015-04-27,164924,Boston College,7,0
2015-04-27,164988,Boston University,7,0
2015-04-27,166027,Harvard University,7,0
2015-04-27,166683,Massachusetts Institute of Technology,7,0
2015-04-27,167358,Northeastern University,5,2
2015-04-27,168148,Tufts University,7,0
2015-05-04,164924,Boston College,7,0
2015-05-04,164988,Boston University,6,1
2015-05-04,166027,Harvard University,7,0
2015-05-04,166683,Massachusetts Institute of Technology,7,0
2015-05-04,167358,Northeastern University,0,7
2015-05-04,168148,Tufts University,5,2
2015-05-11,164924,Boston College,7,0
2015-05-11,164988,Boston University,0,7
2015-05-11,166027,Harvard University,6,1
2015-05-11,166683,Massachusetts Institute of Technology,7,0
2015-05-11,167358,Northeastern University,0,7
2015-05-11,168148,Tufts University,0,7
2015-05-18,164924,Boston College,2,5
2015-05-18,164988,Boston University,0,7
2015-05-18,166027,Harvard University,0,7
2015-05-18,166683,Massachusetts Institute of Technology,5,2
2015-05-18,167358,Northeastern University,0,7
2015-05-18,168148,Tufts University,0,7
2015-05-25,164924,Boston College,0,7
2015-05-25,164988,Boston University,0,7
2015-05-25,166027,Harvard University,0,7
2015-05-25,166683,Massachusetts Institute of Technology,0,7
2015-05-25,167358,Northeastern University,0,7
2015-05-25,168148,Tufts University,0,7
2015-06-01,164924,Boston College,0,7
2015-06-01,164988,Boston University,0,7
2015-06-01,166027,Harvard University,0,7
2015-06-01,166683,Massachusetts Institute of Technology,0,7
2015-06-01,167358,Northeastern University,0,7
2015-06-01,168148,Tufts University,0,7
2015-06-08,164924,Boston College,0,7
2015-06-08,164988,Boston University,0,7
2015-06-08,166027,Harvard University,0,7
2015-06-08,166683,Massachusetts Institute of Technology,0,7
2015-06-08,167358,Northeastern University,0,7
2015-06-08,168148,Tufts University,0,7
2015-06-15,164924,Boston College,0,7
2015-06-15,164988,Boston University,0,7
2015-06-15,166027,Harvard University,0,7
2015-06-15,166683,Massachusetts Institute of Technology,0,7
2015-06-15,167358,Northeastern University,0,7
2015-06-15,168148,Tufts University,0,7
2015-06-22,164924,Boston College,0,7
2015-06-22,164988,Boston University,0,7
2015-06-22,166027,Harvard University,0,7
2015-06-22,166683,Massachusetts Institute of Technology,0,7
2015-06-22,167358,Northeastern University,0,7
2015-06-22,168148,Tufts University,0,7
2015-06-29,164924,Boston College,0,7
2015-06-29,164988,Boston University,0,7
2015-06-29,166027,Harvard University,0,7
2015-06-29,166683,Massachusetts Institute of Technology,0,7
2015-06-29,167358,Northeastern University,0,7
2015-06-29,168148,Tufts University,0,7
2015-07-06,164924,Boston College,0,7
2015-07-06,164988,Boston University,0,7
2015-07-06,166027,Harvard University,0,7
2015-07-06,166683,Massachusetts Institute of Technology,0,7
2015-07-06,167358,Northeastern University,0,7
2015-07-06,168148,Tufts University,0,7
2015-07-13,164924,Boston College,0,7
2015-07-13,164988,Boston University,0,7
2015-07-13,166027,Harvard University,0,7
2015-07-13,166683,Massachusetts Institute of Technology,0,7
2015-07-13,167358,Northeastern University,0,7
2015-07-13,168148,Tufts University,0,7
2015-07-20,164924,Boston College,0,7
2015-07-20,164988,Boston University,0,7
2015-07-20,166027,Harvard University,0,7
2015-07-20,166683,Massachusetts Institute of Technology,0,7
2015-07-20,167358,Northeastern University,0,7
2015-07-20,168148,Tufts University,0,7
2015-07-27,164924,Boston College,0,7
2015-07-27,164988,Boston University,0,7
2015-07-27,166027,Harvard University,0,7
2015-07-27,166683,Massachusetts Institute of Technology,0,7
2015-07-27,167358,Northeastern University,0,7
2015-07-27,168148,Tufts University,0,7
2015-08-03,164924,Boston College,0,7
2015-08-03,164988,Boston University,0,7
2015-08-03,166027,Harvard University,0,7
2015-08-03,166683,Massachusetts Institute of Technology,0,7
2015-08-03,167358,Northeastern University,0,7
2015-08-03,168148,Tufts University,0,7
2015-08-10,164924,Boston College,0,7
2015-08-10,164988,Boston University,0,7
2015-08-10,166027,Harvard University,0,7
2015-08-10,166683,Massachusetts Institute of Technology,0,7
2015-08-10,167358,Northeastern University,0,7
2015-08-10,168148,Tufts University,0,7
2015-08-17,164924,Boston College,0,7
2015-08-17,164988,Boston University,0,7
2015-08-17,166027,Harvard University,0,7
2015-08-17,166683,Massachusetts Institute of Technology,0,7
2015-08-17,167358,Northeastern University,0,7
2015-08-17,168148,Tufts University,0,7
2015-08-24,164924,Boston College,0,7
2015-08-24,164988,Boston University,0,7
2015-08-24,166027,Harvard University,0,7
2015-08-24,166683,Massachusetts Institute of Technology,0,7
2015-08-24,167358,Northeastern University,0,7
2015-08-24,168148,Tufts University,0,7
2015-08-31,164924,Boston College,7,0
2015-08-31,164988,Boston University,5,2
2015-08-31,166027,Harvard University,5,2
2015-08-31,166683,Massachusetts Institute of Technology,0,7
2015-08-31,167358,Northeastern University,0,7
2015-08-31,168148,Tufts University,0,7
2015-09-07,164924,Boston College,7,0
2015-09-07,164988,Boston University,7,0
2015-09-07,166027,Harvard University,7,0
2015-09-07,166683,Massachusetts Institute of Technology,5,2
2015-09-07,167358,Northeastern University,5,2
2015-09-07,168148,Tufts University,6,1
2015-09-14,164924,Boston College,7,0
2015-09-14,164988,Boston University,7,0
2015-09-14,166027,Harvard University,7,0
2015-09-14,166683,Massachusetts Institute of Technology,7,0
2015-09-14,167358,Northeastern University,7,0
2015-09-14,168148,Tufts University,7,0
2015-09-21,164924,Boston College,7,0
2015-09-21,164988,Boston University,7,0
2015-09-21,166027,Harvard University,7,0
2015-09-21,166683,Massachusetts Institute of Technology,7,0
2015-09-21,167358,Northeastern University,7,0
2015-09-21,168148,Tufts University,7,0
2015-09-28,164924,Boston College,7,0
2015-09-28,164988,Boston University,7,0
2015-09-28,166027,Harvard University,7,0
2015-09-28,166683,Massachusetts Institute of Technology,7,0
2015-09-28,167358,Northeastern University,7,0
2015-09-28,168148,Tufts University,7,0
2015-10-05,164924,Boston College,7,0
2015-10-05,164988,Boston University,7,0
2015-10-05,166027,Harvard University,7,0
2015-10-05,166683,Massachusetts Institute of Technology,7,0
2015-10-05,167358,Northeastern University,7,0
2015-10-05,168148,Tufts University,7,0
2015-10-12,164924,Boston College,7,0
2015-10-12,164988,Boston University,7,0
2015-10-12,166027,Harvard University,7,0
2015-10-12,166683,Massachusetts Institute of Technology,7,0
2015-10-12,167358,Northeastern University,7,0
2015-10-12,168148,Tufts University,7,0
2015-10-19,164924,Boston College,7,0
2015-10-19,164988,Boston University,7,0
2015-10-19,166027,Harvard University,7,0
2015-10-19,166683,Massachusetts Institute of Technology,7,0
2015-10-19,167358,Northeastern University,7,0
2015-10-19,168148,Tufts University,7,0
2015-10-26,164924,Boston College,7,0
2015-10-26,164988,Boston University,7,0
2015-10-26,166027,Harvard University,7,0
2015-10-26,166683,Massachusetts Institute of Technology,7,0
2015-10-26,167358,Northeastern University,7,0
2015-10-26,168148,Tufts University,7,0
2015-11-02,164924,Boston College,7,0
2015-11-02,164988,Boston University,7,0
2015-11-02,166027,Harvard University,7,0
2015-11-02,166683,Massachusetts Institute of Technology,7,0
2015-11-02,167358,Northeastern University,7,0
2015-11-02,168148,Tufts University,7,0
2015-11-09,164924,Boston College,7,0
2015-11-09,164988,Boston University,7,0
2015-11-09,166027,Harvard University,7,0
2015-11-09,166683,Massachusetts Institute of Technology,7,0
2015-11-09,167358,Northeastern University,7,0
2015-11-09,168148,Tufts University,7,0
2015-11-16,164924,Boston College,7,0
2015-11-16,164988,Boston University,7,0
2015-11-16,166027,Harvard University,7,0
2015-11-16,166683,Massachusetts Institute of Technology,7,0
2015-11-16,167358,Northeastern University,7,0
2015-11-16,168148,Tufts University,7,0
2015-11-23,164924,Boston College,2,0
2015-11-23,164988,Boston University,2,0
2015-11-23,166027,Harvard University,2,0
2015-11-23,166683,Massachusetts Institute of Technology,2,0
2015-11-23,167358,Northeastern University,2,0
2015-11-23,168148,Tufts University,2,0
2015-11-30,164924,Boston College,7,0
2015-11-30,164988,Boston University,7,0
2015-11-30,166027,Harvard University,7,0
2015-11-30,166683,Massachusetts Institute of Technology,7,0
2015-11-30,167358,Northeastern University,7,0
2015-11-30,168148,Tufts University,7,0
2015-12-07,164924,Boston College,7,0
2015-12-07,164988,Boston University,7,0
2015-12-07,166027,Harvard University,7,0
2015-12-07,166683,Massachusetts Institute of Technology,7,0
2015-12-07,167358,Northeastern University,7,0
2015-12-07,168148,Tufts University,7,0
2015-12-14,164924,Boston College,7,0
2015-12-14,164988,Boston University,6,0
2015-12-14,166027,Harvard University,6,0
2015-12-14,166683,Massachusetts Institute of Technology,5,0
2015-12-14,167358,Northeastern University,5,0
2015-12-14,168148,Tufts University,7,0
2015-12-21,164924,Boston College,3,0
2015-12-21,164988,Boston University,0,0
2015-12-21,166027,Harvard University,0,0
2015-12-21,166683,Massachusetts Institute of Technology,0,0
2015-12-21,167358,Northeastern University,0,0
2015-12-21,168148,Tufts University,2,0
2015-12-28,164924,Boston College,0,0
2015-12-28,164988,Boston University,0,0
2015-12-28,166027,Harvard University,0,0
2015-12-28,166683,Massachusetts Institute of Technology,0,0
2015-12-28,167358,Northeastern University,0,0
2015-12-28,168148,Tufts University,0,0
2016-01-04,164924,Boston College,0,0
2016-01-04,164988,Boston University,0,0
2016-01-04,166027,Harvard University,0,0
2016-01-04,166683,Massachusetts Institute of Technology,0,0
2016-01-04,167358,Northeastern University,0,0
2016-01-04,168148,Tufts University,0,0
2016-01-11,164924,Boston College,0,0
2016-01-11,164988,Boston University,0,0
2016-01-11,166027,Harvard University,0,0
2016-01-11,166683,Massachusetts Institute of Technology,0,0
2016-01-11,167358,Northeastern University,7,0
2016-01-11,168148,Tufts University,0,0
2016-01-18,164924,Boston College,6,0
2016-01-18,164988,Boston University,6,0
2016-01-18,166027,Harvard University,0,0
2016-01-18,166683,Massachusetts Institute of Technology,0,0
2016-01-18,167358,Northeastern University,7,0
2016-01-18,168148,Tufts University,4,0
2016-01-25,164924,Boston College,7,0
2016-01-25,164988,Boston University,7,0
2016-01-25,166027,Harvard University,7,0
2016-01-25,166683,Massachusetts Institute of Technology,0,0
2016-01-25,167358,Northeastern University,7,0
2016-01-25,168148,Tufts University,7,0
2016-02-01,164924,Boston College,7,0
2016-02-01,164988,Boston University,7,0
2016-02-01,166027,Harvard University,7,0
2016-02-01,166683,Massachusetts Institute of Technology,6,0
2016-02-01,167358,Northeastern University,7,0
2016-02-01,168148,Tufts University,7,0
2016-02-08,164924,Boston College,7,0
2016-02-08,164988,Boston University,7,0
2016-02-08,166027,Harvard University,7,0
2016-02-08,166683,Massachusetts Institute of Technology,7,0
2016-02-08,167358,Northeastern University,7,0
2016-02-08,168148,Tufts University,7,0
2016-02-15,164924,Boston College,7,0
2016-02-15,164988,Boston University,7,0
2016-02-15,166027,Harvard University,7,0
2016-02-15,166683,Massachusetts Institute of Technology,7,0
2016-02-15,167358,Northeastern University,7,0
2016-02-15,168148,Tufts University,7,0
2016-02-22,164924,Boston College,7,0
2016-02-22,164988,Boston University,7,0
2016-02-22,166027,Harvard University,7,0
2016-02-22,166683,Massachusetts Institute of Technology,7,0
2016-02-22,167358,Northeastern University,7,0
2016-02-22,168148,Tufts University,7,0
2016-02-29,164924,Boston College,5,0
2016-02-29,164988,Boston University,5,0
2016-02-29,166027,Harvard University,7,0
2016-02-29,166683,Massachusetts Institute of Technology,7,0
2016-02-29,167358,Northeastern University,5,0
2016-02-29,168148,Tufts University,7,0
2016-03-07,164924,Boston College,0,0
2016-03-07,164988,Boston University,0,0
2016-03-07,166027,Harvard University,5,0
2016-03-07,166683,Massachusetts Institute of Technology,7,0
2016-03-07,167358,Northeastern University,0,0
2016-03-07,168148,Tufts University,7,0
2016-03-14,164924,Boston College,7,0
2016-03-14,164988,Boston University,7,0
2016-03-14,166027,Harvard University,0,0
2016-03-14,166683,Massachusetts Institute of Technology,5,0
2016-03-14,167358,Northeastern University,7,0
2016-03-14,168148,Tufts University,5,0
2016-03-21,164924,Boston College,7,0
2016-03-21,164988,Boston University,7,0
2016-03-21,166027,Harvard University,7,0
2016-03-21,166683,Massachusetts Institute of Technology,0,0
2016-03-21,167358,Northeastern University,7,0
2016-03-21,168148,Tufts University,0,0
2016-03-28,164924,Boston College,7,0
2016-03-28,164988,Boston University,7,0
2016-03-28,166027,Harvard University,7,0
2016-03-28,166683,Massachusetts Institute of Technology,7,0
2016-03-28,167358,Northeastern University,7,0
2016-03-28,168148,Tufts University,7,0
2016-04-04,164924,Boston College,7,0
2016-04-04,164988,Boston University,7,0
2016-04-04,166027,Harvard University,7,0
2016-04-04,166683,Massachusetts Institute of Technology,7,0
2016-04-04,167358,Northeastern University,7,0
2016-04-04,168148,Tufts University,7,0
2016-04-11,164924,Boston College,7,0
2016-04-11,164988,Boston University,7,0
2016-04-11,166027,Harvard University,7,0
2016-04-11,166683,Massachusetts Institute of Technology,7,0
2016-04-11,167358,Northeastern University,7,0
2016-04-11,168148,Tufts University,7,0
2016-04-18,164924,Boston College,7,0
2016-04-18,164988,Boston University,7,0
2016-04-18,166027,Harvard University,7,0
2016-04-18,166683,Massachusetts Institute of Technology,7,0
2016-04-18,167358,Northeastern University,7,0
2016-04-18,168148,Tufts University,7,0
2016-04-25,164924,Boston College,7,0
2016-04-25,164988,Boston University,7,0
2016-04-25,166027,Harvard University,7,0
2016-04-25,166683,Massachusetts Institute of Technology,7,0
2016-04-25,167358,Northeastern University,5,2
2016-04-25,168148,Tufts University,7,0
2016-05-02,164924,Boston College,7,0
2016-05-02,164988,Boston University,6,1
2016-05-02,166027,Harvard University,7,0
2016-05-02,166683,Massachusetts Institute of Technology,7,0
2016-05-02,167358,Northeastern University,0,7
2016-05-02,168148,Tufts University,7,0
2016-05-09,164924,Boston College,7,0
2016-05-09,164988,Boston University,0,7
2016-05-09,166027,Harvard University,6,1
2016-05-09,166683,Massachusetts Institute of Technology,7,0
2016-05-09,167358,Northeastern University,0,7
2016-05-09,168148,Tufts University,5,2
2016-05-16,164924,Boston College,2,5
2016-05-16,164988,Boston University,0,7
2016-05-16,166027,Harvard University,0,7
2016-05-16,166683,Massachusetts Institute of Technology,5,2
2016-05-16,167358,Northeastern University,0,7
2016-05-16,168148,Tufts University,0,7
2016-05-23,164924,Boston College,0,7
2016-05-23,164988,Boston University,0,7
2016-05-23,166027,Harvard University,0,7
2016-05-23,166683,Massachusetts Institute of Technology,0,7
2016-05-23,167358,Northeastern University,0,7
2016-05-23,168148,Tufts University,0,7
2016-05-30,164924,Boston College,0,7
2016-05-30,164988,Boston University,0,7
2016-05-30,166027,Harvard University,0,7
2016-05-30,166683,Massachusetts Institute of Technology,0,7
2016-05-30,167358,Northeastern University,0,7
2016-05-30,168148,Tufts University,0,7
2016-06-06,164924,Boston College,0,7
2016-06-06,164988,Boston University,0,7
2016-06-06,166027,Harvard University,0,7
2016-06-06,166683,Massachusetts Institute of Technology,0,7
2016-06-06,167358,Northeastern University,0,7
2016-06-06,168148,Tufts University,0,7
2016-06-13,164924,Boston College,0,7
2016-06-13,164988,Boston University,0,7
2016-06-13,166027,Harvard University,0,7
2016-06-13,166683,Massachusetts Institute of Technology,0,7
2016-06-13,167358,Northeastern University,0,7
2016-06-13,168148,Tufts University,0,7
2016-06-20,164924,Boston College,0,7
2016-06-20,164988,Boston University,0,7
2016-06-20,166027,Harvard University,0,7
2016-06-20,166683,Massachusetts Institute of Technology,0,7
2016-06-20,167358,Northeastern University,0,7
2016-06-20,168148,Tufts University,0,7
2016-06-27,164924,Boston College,0,7
2016-06-27,164988,Boston University,0,7
2016-06-27,166027,Harvard University,0,7
2016-06-27,166683,Massachusetts Institute of Technology,0,7
2016-06-27,167358,Northeastern University,0,7
2016-06-27,168148,Tufts University,0,7
2016-07-04,164924,Boston College,0,7
2016-07-04,164988,Boston University,0,7
2016-07-04,166027,Harvard University,0,7
2016-07-04,166683,Massachusetts Institute of Technology,0,7
2016-07-04,167358,Northeastern University,0,7
2016-07-04,168148,Tufts University,0,7
2016-07-11,164924,Boston College,0,7
2016-07-11,164988,Boston University,0,7
2016-07-11,166027,Harvard University,0,7
2016-07-11,166683,Massachusetts Institute of Technology,0,7
2016-07-11,167358,Northeastern University,0,7
2016-07-11,168148,Tufts University,0,7
2016-07-18,164924,Boston College,0,7
2016-07-18,164988,Boston University,0,7
2016-07-18,166027,Harvard University,0,7
2016-07-18,166683,Massachusetts Institute of Technology,0,7
2016-07-18,167358,Northeastern University,0,7
2016-07-18,168148,Tufts University,0,7
2016-07-25,164924,Boston College,0,7
2016-07-25,164988,Boston University,0,7
2016-07-25,166027,Harvard University,0,7
2016-07-25,166683,Massachusetts Institute of Technology,0,7
2016-07-25,167358,Northeastern University,0,7
2016-07-25,168148,Tufts University,0,7
2016-08-01,164924,Boston College,0,7
2016-08-01,164988,Boston University,0,7
2016-08-01,166027,Harvard University,0,7
2016-08-01,166683,Massachusetts Institute of Technology,0,7
2016-08-01,167358,Northeastern University,0,7
2016-08-01,168148,Tufts University,0,7
2016-08-08,164924,Boston College,0,7
2016-08-08,164988,Boston University,0,7
2016-08-08,166027,Harvard University,0,7
2016-08-08,166683,Massachusetts Institute of Technology,0,7
2016-08-08,167358,Northeastern University,0,7
2016-08-08,168148,Tufts University,0,7
2016-08-15,164924,Boston College,0,7
2016-08-15,164988,Boston University,0,7
2016-08-15,166027,Harvard University,0,7
2016-08-15,166683,Massachusetts Institute of Technology,0,7
2016-08-15,167358,Northeastern University,0,7
2016-08-15,168148,Tufts University,0,7
2016-08-22,164924,Boston College,0,7
2016-08-22,164988,Boston University,0,7
2016-08-22,166027,Harvard University,0,7
2016-08-22,166683,Massachusetts Institute of Technology,0,7
2016-08-22,167358,Northeastern University,0,7
2016-08-22,168148,Tufts University,0,7
2016-08-29,164924,Boston College,7,0
2016-08-29,164988,Boston University,0,7
2016-08-29,166027,Harvard University,5,2
2016-08-29,166683,Massachusetts Institute of Technology,0,7
2016-08-29,167358,Northeastern University,0,7
2016-08-29,168148,Tufts University,0,7
2016-09-05,164924,Boston College,7,0
2016-09-05,164988,Boston University,6,1
2016-09-05,166027,Harvard University,7,0
2016-09-05,166683,Massachusetts Institute of Technology,5,2
2016-09-05,167358,Northeastern University,5,2
2016-09-05,168148,Tufts University,6,1
2016-09-12,164924,Boston College,7,0
2016-09-12,164988,Boston University,7,0
2016-09-12,166027,Harvard University,7,0
2016-09-12,166683,Massachusetts Institute of Technology,7,0
2016-09-12,167358,Northeastern University,7,0
2016-09-12,168148,Tufts University,7,0
2016-09-19,164924,Boston College,7,0
2016-09-19,164988,Boston University,7,0
2016-09-19,166027,Harvard University,7,0
2016-09-19,166683,Massachusetts Institute of Technology,7,0
2016-09-19,167358,Northeastern University,7,0
2016-09-19,168148,Tufts University,7,0
2016-09-26,164924,Boston College,7,0
2016-09-26,164988,Boston University,7,0
2016-09-26,166027,Harvard University,7,0
2016-09-26,166683,Massachusetts Institute of Technology,7,0
2016-09-26,167358,Northeastern University,7,0
2016-09-26,168148,Tufts University,7,0
2016-10-03,164924,Boston College,7,0
2016-10-03,164988,Boston University,7,0
2016-10-03,166027,Harvard University,7,0
2016-10-03,166683,Massachusetts Institute of Technology,7,0
2016-10-03,167358,Northeastern University,7,0
2016-10-03,168148,Tufts University,7,0
2016-10-10,164924,Boston College,7,0
2016-10-10,164988,Boston University,7,0
2016-10-10,166027,Harvard University,7,0
2016-10-10,166683,Massachusetts Institute of Technology,7,0
2016-10-10,167358,Northeastern University,7,0
2016-10-10,168148,Tufts University,7,0
2016-10-17,164924,Boston College,7,0
2016-10-17,164988,Boston University,7,0
2016-10-17,166027,Harvard University,7,0
2016-10-17,166683,Massachusetts Institute of Technology,7,0
2016-10-17,167358,Northeastern University,7,0
2016-10-17,168148,Tufts University,7,0
2016-10-24,164924,Boston College,7,0
2016-10-24,164988,Boston University,7,0
2016-10-24,166027,Harvard University,7,0
2016-10-24,166683,Massachusetts Institute of Technology,7,0
2016-10-24,167358,Northeastern University,7,0
2016-10-24,168148,Tufts University,7,0
2016-10-31,164924,Boston College,7,0
2016-10-31,164988,Boston University,7,0
2016-10-31,166027,Harvard University,7,0
2016-10-31,166683,Massachusetts Institute of Technology,7,0
2016-10-31,167358,Northeastern University,7,0
2016-10-31,168148,Tufts University,7,0
2016-11-07,164924,Boston College,7,0
2016-11-07,164988,Boston University,7,0
2016-11-07,166027,Harvard University,7,0
2016-11-07,166683,Massachusetts Institute of Technology,7,0
2016-11-07,167358,Northeastern University,7,0
2016-11-07,168148,Tufts University,7,0
2016-11-14,164924,Boston College,7,0
2016-11-14,164988,Boston University,7,0
2016-11-14,166027,Harvard University,7,0
2016-11-14,166683,Massachusetts Institute of Technology,7,0
2016-11-14,167358,Northeastern University,7,0
2016-11-14,168148,Tufts University,7,0
2016-11-21,164924,Boston College,2,0
2016-11-21,164988,Boston University,2,0
2016-11-21,166027,Harvard University,2,0
2016-11-21,166683,Massachusetts Institute of Technology,2,0
2016-11-21,167358,Northeastern University,2,0
2016-11-21,168148,Tufts University,2,0
2016-11-28,164924,Boston College,7,0
2016-11-28,164988,Boston University,7,0
2016-11-28,166027,Harvard University,7,0
2016-11-28,166683,Massachusetts Institute of Technology,7,0
2016-11-28,167358,Northeastern University,7,0
2016-11-28,168148,Tufts University,7,0
2016-12-05,164924,Boston College,7,0
2016-12-05,164988,Boston University,7,0
2016-12-05,166027,Harvard University,7,0
2016-12-05,166683,Massachusetts Institute of Technology,7,0
2016-12-05,167358,Northeastern University,7,0
2016-12-05,168148,Tufts University,7,0
2016-12-12,164924,Boston College,7,0
2016-12-12,164988,Boston University,7,0
2016-12-12,166027,Harvard University,6,0
2016-12-12,166683,Massachusetts Institute of Technology,7,0
2016-12-12,167358,Northeastern University,5,0
2016-12-12,168148,Tufts University,7,0
2016-12-19,164924,Boston College,3,0
2016-12-19,164988,Boston University,3,0
2016-12-19,166027,Harvard University,0,0
2016-12-19,166683,Massachusetts Institute of Technology,4,0
2016-12-19,167358,Northeastern University,0,0
2016-12-19,168148,Tufts University,4,0
2016-12-26,164924,Boston College,0,0
2016-12-26,164988,Boston University,0,0
2016-12-26,166027,Harvard University,0,0
2016-12-26,166683,Massachusetts Institute of Technology,0,0
2016-12-26,167358,Northeastern University,0,0
2016-12-26,168148,Tufts University,0,0
2017-01-02,164924,Boston College,0,0
2017-01-02,164988,Boston University,0,0
2017-01-02,166027,Harvard University,0,0
2017-01-02,166683,Massachusetts Institute of Technology,0,0
2017-01-02,167358,Northeastern University,0,0
2017-01-02,168148,Tufts University,0,0
2017-01-09,164924,Boston College,0,0
2017-01-09,164988,Boston University,0,0
2017-01-09,166027,Harvard University,0,0
2017-01-09,166683,Massachusetts Institute of Technology,0,0
2017-01-09,167358,Northeastern University,7,0
2017-01-09,168148,Tufts University,0,0
2017-01-16,164924,Boston College,6,0
2017-01-16,164988,Boston University,4,0
2017-01-16,166027,Harvard University,0,0
2017-01-16,166683,Massachusetts Institute of Technology,0,0
2017-01-16,167358,Northeastern University,7,0
2017-01-16,168148,Tufts University,4,0
2017-01-23,164924,Boston College,7,0
2017-01-23,164988,Boston University,7,0
2017-01-23,166027,Harvard University,7,0
2017-01-23,166683,Massachusetts Institute of Technology,0,0
2017-01-23,167358,Northeastern University,7,0
2017-01-23,168148,Tufts University,7,0
2017-01-30,164924,Boston College,7,0
2017-01-30,164988,Boston University,7,0
2017-01-30,166027,Harvard University,7,0
2017-01-30,166683,Massachusetts Institute of Technology,0,0
2017-01-30,167358,Northeastern University,7,0
2017-01-30,168148,Tufts University,7,0
2017-02-06,164924,Boston College,7,0
2017-02-06,164988,Boston University,7,0
2017-02-06,166027,Harvard University,7,0
2017-02-06,166683,Massachusetts Institute of Technology,6,0
2017-02-06,167358,Northeastern University,7,0
2017-02-06,168148,Tufts University,7,0
2017-02-13,164924,Boston College,7,0
2017-02-13,164988,Boston University,7,0
2017-02-13,166027,Harvard University,7,0
2017-02-13,166683,Massachusetts Institute of Technology,7,0
2017-02-13,167358,Northeastern University,7,0
2017-02-13,168148,Tufts University,7,0
2017-02-20,164924,Boston College,7,0
2017-02-20,164988,Boston University,7,0
2017-02-20,166027,Harvard University,7,0
2017-02-20,166683,Massachusetts Institute of Technology,7,0
2017-02-20,167358,Northeastern University,7,0
2017-02-20,168148,Tufts University,7,0
2017-02-27,164924,Boston College,5,0
2017-02-27,164988,Boston University,5,0
2017-02-27,166027,Harvard University,7,0
2017-02-27,166683,Massachusetts Institute of Technology,7,0
2017-02-27,167358,Northeastern University,5,0
2017-02-27,168148,Tufts University,7,0
2017-03-06,164924,Boston College,0,0
2017-03-06,164988,Boston University,0,0
2017-03-06,166027,Harvard University,5,0
2017-03-06,166683,Massachusetts Institute of Technology,7,0
2017-03-06,167358,Northeastern University,0,0
2017-03-06,168148,Tufts University,7,0
2017-03-13,164924,Boston College,7,0
2017-03-13,164988,Boston University,7,0
2017-03-13,166027,Harvard University,0,0
2017-03-13,166683,Massachusetts Institute of Technology,7,0
2017-03-13,167358,Northeastern University,7,0
2017-03-13,168148,Tufts University,5,0
2017-03-20,164924,Boston College,7,0
2017-03-20,164988,Boston University,7,0
2017-03-20,166027,Harvard University,7,0
2017-03-20,166683,Massachusetts Institute of Technology,5,0
2017-03-20,167358,Northeastern University,7,0
2017-03-20,168148,Tufts University,0,0
2017-03-27,164924,Boston College,7,0
2017-03-27,164988,Boston University,7,0
2017-03-27,166027,Harvard University,7,0
2017-03-27,166683,Massachusetts Institute of Technology,0,0
2017-03-27,167358,Northeastern University,7,0
2017-03-27,168148,Tufts University,7,0
2017-04-03,164924,Boston College,7,0
2017-04-03,164988,Boston University,7,0
2017-04-03,166027,Harvard University,7,0
2017-04-03,166683,Massachusetts Institute of Technology,7,0
2017-04-03,167358,Northeastern University,7,0
2017-04-03,168148,Tufts University,7,0
2017-04-10,164924,Boston College,7,0
2017-04-10,164988,Boston University,7,0
2017-04-10,166027,Harvard University,7,0
2017-04-10,166683,Massachusetts Institute of Technology,7,0
2017-04-10,167358,Northeastern University,7,0
2017-04-10,168148,Tufts University,7,0
2017-04-17,164924,Boston College,7,0
2017-04-17,164988,Boston University,7,0
2017-04-17,166027,Harvard University,7,0
2017-04-17,166683,Massachusetts Institute of Technology,7,0
2017-04-17,167358,Northeastern University,7,0
2017-04-17,168148,Tufts University,7,0
2017-04-24,164924,Boston College,7,0
2017-04-24,164988,Boston University,7,0
2017-04-24,166027,Harvard University,7,0
2017-04-24,166683,Massachusetts Institute of Technology,7,0
2017-04-24,167358,Northeastern University,5,2
2017-04-24,168148,Tufts University,7,0
2017-05-01,164924,Boston College,7,0
2017-05-01,164988,Boston University,7,0
2017-05-01,166027,Harvard University,7,0
2017-05-01,166683,Massachusetts Institute of Technology,7,0
2017-05-01,167358,Northeastern University,0,7
2017-05-01,168148,Tufts University,7,0
2017-05-08,164924,Boston College,7,0
2017-05-08,164988,Boston University,5,2
2017-05-08,166027,Harvard University,6,1
2017-05-08,166683,Massachusetts Institute of Technology,7,0
2017-05-08,167358,Northeastern University,0,7
2017-05-08,168148,Tufts University,5,2
2017-05-15,164924,Boston College,2,5
2017-05-15,164988,Boston University,0,7
2017-05-15,166027,Harvard University,0,7
2017-05-15,166683,Massachusetts Institute of Technology,7,0
2017-05-15,167358,Northeastern University,0,7
2017-05-15,168148,Tufts University,0,7
2017-05-22,164924,Boston College,0,7
2017-05-22,164988,Boston University,0,7
2017-05-22,166027,Harvard University,0,7
2017-05-22,166683,Massachusetts Institute of Technology,5,2
2017-05-22,167358,Northeastern University,0,7
2017-05-22,168148,Tufts University,0,7
2017-05-29,164924,Boston College,0,7
2017-05-29,164988,Boston University,0,7
2017-05-29,166027,Harvard University,0,7
2017-05-29,166683,Massachusetts Institute of Technology,0,7
2017-05-29,167358,Northeastern University,0,7
2017-05-29,168148,Tufts University,0,7
2017-06-05,164924,Boston College,0,7
2017-06-05,164988,Boston University,0,7
2017-06-05,166027,Harvard University,0,7
2017-06-05,166683,Massachusetts Institute of Technology,0,7
2017-06-05,167358,Northeastern University,0,7
2017-06-05,168148,Tufts University,0,7
2017-06-12,164924,Boston College,0,7
2017-06-12,164988,Boston University,0,7
2017-06-12,166027,Harvard University,0,7
2017-06-12,166683,Massachusetts Institute of Technology,0,7
2017-06-12,167358,Northeastern University,0,7
2017-06-12,168148,Tufts University,0,7
2017-06-19,164924,Boston College,0,7
2017-06-19,164988,Boston University,0,7
2017-06-19,166027,Harvard University,0,7
2017-06-19,166683,Massachusetts Institute of Technology,0,7
2017-06-19,167358,Northeastern University,0,7
2017-06-19,168148,Tufts University,0,7
2017-06-26,164924,Boston College,0,7
2017-06-26,164988,Boston University,0,7
2017-06-26,166027,Harvard University,0,7
2017-06-26,166683,Massachusetts Institute of Technology,0,7
2017-06-26,167358,Northeastern University,0,7
2017-06-26,168148,Tufts University,0,7
2017-07-03,164924,Boston College,0,7
2017-07-03,164988,Boston University,0,7
2017-07-03,166027,Harvard University,0,7
2017-07-03,166683,Massachusetts Institute of Technology,0,7
2017-07-03,167358,Northeastern University,0,7
2017-07-03,168148,Tufts University,0,7
2017-07-10,164924,Boston College,0,7
2017-07-10,164988,Boston University,0,7
2017-07-10,166027,Harvard University,0,7
2017-07-10,166683,Massachusetts Institute of Technology,0,7
2017-07-10,167358,Northeastern University,0,7
2017-07-10,168148,Tufts University,0,7
2017-07-17,164924,Boston College,0,7
2017-07-17,164988,Boston University,0,7
2017-07-17,166027,Harvard University,0,7
2017-07-17,166683,Massachusetts Institute of Technology,0,7
2017-07-17,167358,Northeastern University,0,7
2017-07-17,168148,Tufts University,0,7
2017-07-24,164924,Boston College,0,7
2017-07-24,164988,Boston University,0,7
2017-07-24,166027,Harvard University,0,7
2017-07-24,166683,Massachusetts Institute of Technology,0,7
2017-07-24,167358,Northeastern University,0,7
2017-07-24,168148,Tufts University,0,7
2017-07-31,164924,Boston College,0,7
2017-07-31,164988,Boston University,0,7
2017-07-31,166027,Harvard University,0,7
2017-07-31,166683,Massachusetts Institute of Technology,0,7
2017-07-31,167358,Northeastern University,0,7
2017-07-31,168148,Tufts University,0,7
2017-08-07,164924,Boston College,0,7
2017-08-07,164988,Boston University,0,7
2017-08-07,166027,Harvard University,0,7
2017-08-07,166683,Massachusetts Institute of Technology,0,7
2017-08-07,167358,Northeastern University,0,7
2017-08-07,168148,Tufts University,0,7
2017-08-14,164924,Boston College,0,7
2017-08-14,164988,Boston University,0,7
2017-08-14,166027,Harvard University,0,7
2017-08-14,166683,Massachusetts Institute of Technology,0,7
2017-08-14,167358,Northeastern University,0,7
2017-08-14,168148,Tufts University,0,7
2017-08-21,164924,Boston College,0,7
2017-08-21,164988,Boston University,0,7
2017-08-21,166027,Harvard University,0,7
2017-08-21,166683,Massachusetts Institute of Technology,0,7
2017-08-21,167358,Northeastern University,0,7
2017-08-21,168148,Tufts University,0,7
2017-08-28,164924,Boston College,7,0
2017-08-28,164988,Boston University,0,7
2017-08-28,166027,Harvard University,5,2
2017-08-28,166683,Massachusetts Institute of Technology,0,7
2017-08-28,167358,Northeastern University,0,7
2017-08-28,168148,Tufts University,0,7
2017-09-04,164924,Boston College,7,0
2017-09-04,164988,Boston University,6,1
2017-09-04,166027,Harvard University,7,0
2017-09-04,166683,Massachusetts Institute of Technology,5,2
2017-09-04,167358,Northeastern University,5,2
2017-09-04,168148,Tufts University,6,1
2017-09-11,164924,Boston College,7,0
2017-09-11,164988,Boston University,7,0
2017-09-11,166027,Harvard University,7,0
2017-09-11,166683,Massachusetts Institute of Technology,7,0
2017-09-11,167358,Northeastern University,7,0
2017-09-11,168148,Tufts University,7,0
2017-09-18,164924,Boston College,7,0
2017-09-18,164988,Boston University,7,0
2017-09-18,166027,Harvard University,7,0
2017-09-18,166683,Massachusetts Institute of Technology,7,0
2017-09-18,167358,Northeastern University,7,0
2017-09-18,168148,Tufts University,7,0
2017-09-25,164924,Boston College,7,0
2017-09-25,164988,Boston University,7,0
2017-09-25,166027,Harvard University,7,0
2017-09-25,166683,Massachusetts Institute of Technology,7,0
2017-09-25,167358,Northeastern University,7,0
2017-09-25,168148,Tufts University,7,0
2017-10-02,164924,Boston College,7,0
2017-10-02,164988,Boston University,7,0
2017-10-02,166027,Harvard University,7,0
2017-10-02,166683,Massachusetts Institute of Technology,7,0
2017-10-02,167358,Northeastern University,7,0
2017-10-02,168148,Tufts University,7,0
2017-10-09,164924,Boston College,7,0
2017-10-09,164988,Boston University,7,0
2017-10-09,166027,Harvard University,7,0
2017-10-09,166683,Massachusetts Institute of Technology,7,0
2017-10-09,167358,Northeastern University,7,0
2017-10-09,168148,Tufts University,7,0
2017-10-16,164924,Boston College,7,0
2017-10-16,164988,Boston University,7,0
2017-10-16,166027,Harvard University,7,0
2017-10-16,166683,Massachusetts Institute of Technology,7,0
2017-10-16,167358,Northeastern University,7,0
2017-10-16,168148,Tufts University,7,0
2017-10-23,164924,Boston College,7,0
2017-10-23,164988,Boston University,7,0
2017-10-23,166027,Harvard University,7,0
2017-10-23,166683,Massachusetts Institute of Technology,7,0
2017-10-23,167358,Northeastern University,7,0
2017-10-23,168148,Tufts University,7,0
2017-10-30,164924,Boston College,7,0
2017-10-30,164988,Boston University,7,0
2017-10-30,166027,Harvard University,7,0
2017-10-30,166683,Massachusetts Institute of Technology,7,0
2017-10-30,167358,Northeastern University,7,0
2017-10-30,168148,Tufts University,7,0
2017-11-06,164924,Boston College,7,0
2017-11-06,164988,Boston University,7,0
2017-11-06,166027,Harvard University,7,0
2017-11-06,166683,Massachusetts Institute of Technology,7,0
2017-11-06,167358,Northeastern University,7,0
2017-11-06,168148,Tufts University,7,0
2017-11-13,164924,Boston College,7,0
2017-11-13,164988,Boston University,7,0
2017-11-13,166027,Harvard University,7,0
2017-11-13,166683,Massachusetts Institute of Technology,7,0
2017-11-13,167358,Northeastern University,7,0
2017-11-13,168148,Tufts University,7,0
2017-11-20,164924,Boston College,2,0
2017-11-20,164988,Boston University,2,0
2017-11-20,166027,Harvard University,2,0
2017-11-20,166683,Massachusetts Institute of Technology,2,0
2017-11-20,167358,Northeastern University,2,0
2017-11-20,168148,Tufts University,2,0
2017-11-27,164924,Boston College,7,0
2017-11-27,164988,Boston University,7,0
2017-11-27,166027,Harvard University,7,0
2017-11-27,166683,Massachusetts Institute of Technology,7,0
2017-11-27,167358,Northeastern University,7,0
2017-11-27,168148,Tufts University,7,0
2017-12-04,164924,Boston College,7,0
2017-12-04,164988,Boston University,7,0
2017-12-04,166027,Harvard University,7,0
2017-12-04,166683,Massachusetts Institute of Technology,7,0
2017-12-04,167358,Northeastern University,7,0
2017-12-04,168148,Tufts University,7,0
2017-12-11,164924,Boston College,7,0
2017-12-11,164988,Boston University,7,0
2017-12-11,166027,Harvard University,6,0
2017-12-11,166683,Massachusetts Institute of Technology,7,0
2017-12-11,167358,Northeastern University,5,0
2017-12-11,168148,Tufts University,7,0
2017-12-18,164924,Boston College,3,0
2017-12-18,164988,Boston University,4,0
2017-12-18,166027,Harvard University,0,0
2017-12-18,166683,Massachusetts Institute of Technology,5,0
2017-12-18,167358,Northeastern University,0,0
2017-12-18,168148,Tufts University,4,0
2017-12-25,164924,Boston College,0,0
2017-12-25,164988,Boston University,0,0
2017-12-25,166027,Harvard University,0,0
2017-12-25,166683,Massachusetts Institute of Technology,0,0
2017-12-25,167358,Northeastern University,0,0
2017-12-25,168148,Tufts University,0,0
2018-01-01,164924,Boston College,0,0
2018-01-01,164988,Boston University,0,0
2018-01-01,166027,Harvard University,0,0
2018-01-01,166683,Massachusetts Institute of Technology,0,0
2018-01-01,167358,Northeastern University,0,0
2018-01-01,168148,Tufts University,0,0
2018-01-08,164924,Boston College,0,0
2018-01-08,164988,Boston University,0,0
2018-01-08,166027,Harvard University,0,0
2018-01-08,166683,Massachusetts Institute of Technology,0,0
2018-01-08,167358,Northeastern University,7,0
2018-01-08,168148,Tufts University,0,0
2018-01-15,164924,Boston College,6,0
2018-01-15,164988,Boston University,4,0
2018-01-15,166027,Harvard University,0,0
2018-01-15,166683,Massachusetts Institute of Technology,0,0
2018-01-15,167358,Northeastern University,7,0
2018-01-15,168148,Tufts University,4,0
2018-01-22,164924,Boston College,7,0
2018-01-22,164988,Boston University,7,0
2018-01-22,166027,Harvard University,7,0
2018-01-22,166683,Massachusetts Institute of Technology,0,0
2018-01-22,167358,Northeastern University,7,0
2018-01-22,168148,Tufts University,7,0
2018-01-29,164924,Boston College,7,0
2018-01-29,164988,Boston University,7,0
2018-01-29,166027,Harvard University,7,0
2018-01-29,166683,Massachusetts Institute of Technology,0,0
2018-01-29,167358,Northeastern University,7,0
2018-01-29,168148,Tufts University,7,0
2018-02-05,164924,Boston College,7,0
2018-02-05,164988,Boston University,7,0
2018-02-05,166027,Harvard University,7,0
2018-02-05,166683,Massachusetts Institute of Technology,6,0
2018-02-05,167358,Northeastern University,7,0
2018-02-05,168148,Tufts University,7,0
2018-02-12,164924,Boston College,7,0
2018-02-12,164988,Boston University,7,0
2018-02-12,166027,Harvard University,7,0
2018-02-12,166683,Massachusetts Institute of Technology,7,0
2018-02-12,167358,Northeastern University,7,0
2018-02-12,168148,Tufts University,7,0
2018-02-19,164924,Boston College,7,0
2018-02-19,164988,Boston University,7,0
2018-02-19,166027,Harvard University,7,0
2018-02-19,166683,Massachusetts Institute of Technology,7,0
2018-02-19,167358,Northeastern University,7,0
2018-02-19,168148,Tufts University,7,0
2018-02-26,164924,Boston College,5,0
2018-02-26,164988,Boston University,5,0
2018-02-26,166027,Harvard University,7,0
2018-02-26,166683,Massachusetts Institute of Technology,7,0
2018-02-26,167358,Northeastern University,5,0
2018-02-26,168148,Tufts University,7,0
2018-03-05,164924,Boston College,0,0
2018-03-05,164988,Boston University,0,0
2018-03-05,166027,Harvard University,5,0
2018-03-05,166683,Massachusetts Institute of Technology,7,0
2018-03-05,167358,Northeastern University,0,0
2018-03-05,168148,Tufts University,7,0
2018-03-12,164924,Boston College,7,0
2018-03-12,164988,Boston University,7,0
2018-03-12,166027,Harvard University,0,0
2018-03-12,166683,Massachusetts Institute of Technology,7,0
2018-03-12,167358,Northeastern University,7,0
2018-03-12,168148,Tufts University,5,0
2018-03-19,164924,Boston College,7,0
2018-03-19,164988,Boston University,7,0
2018-03-19,166027,Harvard University,7,0
2018-03-19,166683,Massachusetts Institute of Technology,5,0
2018-03-19,167358,Northeastern University,7,0
2018-03-19,168148,Tufts University,0,0
2018-03-26,164924,Boston College,7,0
2018-03-26,164988,Boston University,7,0
2018-03-26,166027,Harvard University,7,0
2018-03-26,166683,Massachusetts Institute of Technology,0,0
2018-03-26,167358,Northeastern University,7,0
2018-03-26,168148,Tufts University,7,0
2018-04-02,164924,Boston College,7,0
2018-04-02,164988,Boston University,7,0
2018-04-02,166027,Harvard University,7,0
2018-04-02,166683,Massachusetts Institute of Technology,7,0
2018-04-02,167358,Northeastern University,7,0
2018-04-02,168148,Tufts University,7,0
2018-04-09,164924,Boston College,7,0
2018-04-09,164988,Boston University,7,0
2018-04-09,166027,Harvard University,7,0
2018-04-09,166683,Massachusetts Institute of Technology,7,0
2018-04-09,167358,Northeastern University,7,0
2018-04-09,168148,Tufts University,7,0
2018-04-16,164924,Boston College,7,0
2018-04-16,164988,Boston University,7,0
2018-04-16,166027,Harvard University,7,0
2018-04-16,166683,Massachusetts Institute of Technology,7,0
2018-04-16,167358,Northeastern University,7,0
2018-04-16,168148,Tufts University,7,0
2018-04-23,164924,Boston College,7,0
2018-04-23,164988,Boston University,7,0
2018-04-23,166027,Harvard University,7,0
2018-04-23,166683,Massachusetts Institute of Technology,7,0
2018-04-23,167358,Northeastern University,5,2
2018-04-23,168148,Tufts University,7,0
2018-04-30,164924,Boston College,7,0
2018-04-30,164988,Boston University,7,0
2018-04-30,166027,Harvard University,7,0
2018-04-30,166683,Massachusetts Institute of Technology,7,0
2018-04-30,167358,Northeastern University,0,7
2018-04-30,168148,Tufts University,7,0
2018-05-07,164924,Boston College,7,0
2018-05-07,164988,Boston University,5,2
2018-05-07,166027,Harvard University,6,1
2018-05-07,166683,Massachusetts Institute of Technology,7,0
2018-05-07,167358,Northeastern University,0,7
2018-05-07,168148,Tufts University,5,2
2018-05-14,164924,Boston College,2,5
2018-05-14,164988,Boston University,0,7
2018-05-14,166027,Harvard University,0,7
2018-05-14,166683,Massachusetts Institute of Technology,7,0
2018-05-14,167358,Northeastern University,0,7
2018-05-14,168148,Tufts University,0,7
2018-05-21,164924,Boston College,0,7
2018-05-21,164988,Boston University,0,7
2018-05-21,166027,Harvard University,0,7
2018-05-21,166683,Massachusetts Institute of Technology,5,2
2018-05-21,167358,Northeastern University,0,7
2018-05-21,168148,Tufts University,0,7
2018-05-28,164924,Boston College,0,7
2018-05-28,164988,Boston University,0,7
2018-05-28,166027,Harvard University,0,7
2018-05-28,166683,Massachusetts Institute of Technology,0,7
2018-05-28,167358,Northeastern University,0,7
2018-05-28,168148,Tufts University,0,7
2018-06-04,164924,Boston College,0,7
2018-06-04,164988,Boston University,0,7
2018-06-04,166027,Harvard University,0,7
2018-06-04,166683,Massachusetts Institute of Technology,0,7
2018-06-04,167358,Northeastern University,0,7
2018-06-04,168148,Tufts University,0,7
2018-06-11,164924,Boston College,0,7
2018-06-11,164988,Boston University,0,7
2018-06-11,166027,Harvard University,0,7
2018-06-11,166683,Massachusetts Institute of Technology,0,7
2018-06-11,167358,Northeastern University,0,7
2018-06-11,168148,Tufts University,0,7
2018-06-18,164924,Boston College,0,7
2018-06-18,164988,Boston University,0,7
2018-06-18,166027,Harvard University,0,7
2018-06-18,166683,Massachusetts Institute of Technology,0,7
2018-06-18,167358,Northeastern University,0,7
2018-06-18,168148,Tufts University,0,7
2018-06-25,164924,Boston College,0,7
2018-06-25,164988,Boston University,0,7
2018-06-25,166027,Harvard University,0,7
2018-06-25,166683,Massachusetts Institute of Technology,0,7
2018-06-25,167358,Northeastern University,0,7
2018-06-25,168148,Tufts University,0,7
2018-07-02,164924,Boston College,0,7
2018-07-02,164988,Boston University,0,7
2018-07-02,166027,Harvard University,0,7
2018-07-02,166683,Massachusetts Institute of Technology,0,7
2018-07-02,167358,Northeastern University,0,7
2018-07-02,168148,Tufts University,0,7
2018-07-09,164924,Boston College,0,7
2018-07-09,164988,Boston University,0,7
2018-07-09,166027,Harvard University,0,7
2018-07-09,166683,Massachusetts Institute of Technology,0,7
2018-07-09,167358,Northeastern University,0,7
2018-07-09,168148,Tufts University,0,7
2018-07-16,164924,Boston College,0,7
2018-07-16,164988,Boston University,0,7
2018-07-16,166027,Harvard University,0,7
2018-07-16,166683,Massachusetts Institute of Technology,0,7
2018-07-16,167358,Northeastern University,0,7
2018-07-16,168148,Tufts University,0,7
2018-07-23,164924,Boston College,0,7
2018-07-23,164988,Boston University,0,7
2018-07-23,166027,Harvard University,0,7
2018-07-23,166683,Massachusetts Institute of Technology,0,7
2018-07-23,167358,Northeastern University,0,7
2018-07-23,168148,Tufts University,0,7
2018-07-30,164924,Boston College,0,7
2018-07-30,164988,Boston University,0,7
2018-07-30,166027,Harvard University,0,7
2018-07-30,166683,Massachusetts Institute of Technology,0,7
2018-07-30,167358,Northeastern University,0,7
2018-07-30,168148,Tufts University,0,7
2018-08-06,164924,Boston College,0,7
2018-08-06,164988,Boston University,0,7
2018-08-06,166027,Harvard University,0,7
2018-08-06,166683,Massachusetts Institute of Technology,0,7
2018-08-06,167358,Northeastern University,0,7
2018-08-06,168148,Tufts University,0,7
2018-08-13,164924,Boston College,0,7
2018-08-13,164988,Boston University,0,7
2018-08-13,166027,Harvard University,0,7
2018-08-13,166683,Massachusetts Institute of Technology,0,7
2018-08-13,167358,Northeastern University,0,7
2018-08-13,168148,Tufts University,0,7
2018-08-20,164924,Boston College,0,7
2018-08-20,164988,Boston University,0,7
2018-08-20,166027,Harvard University,0,7
2018-08-20,166683,Massachusetts Institute of Technology,0,7
2018-08-20,167358,Northeastern University,0,7
2018-08-20,168148,Tufts University,0,7
2018-08-27,164924,Boston College,7,0
2018-08-27,164988,Boston University,0,7
2018-08-27,166027,Harvard University,0,7
2018-08-27,166683,Massachusetts Institute of Technology,0,7
2018-08-27,167358,Northeastern University,0,7
2018-08-27,168148,Tufts University,0,7
2018-09-03,164924,Boston College,7,0
2018-09-03,164988,Boston University,6,1
2018-09-03,166027,Harvard University,6,1
2018-09-03,166683,Massachusetts Institute of Technology,5,2
2018-09-03,167358,Northeastern University,5,2
2018-09-03,168148,Tufts University,6,1
2018-09-10,164924,Boston College,7,0
2018-09-10,164988,Boston University,7,0
2018-09-10,166027,Harvard University,7,0
2018-09-10,166683,Massachusetts Institute of Technology,7,0
2018-09-10,167358,Northeastern University,7,0
2018-09-10,168148,Tufts University,7,0
2018-09-17,164924,Boston College,7,0
2018-09-17,164988,Boston University,7,0
2018-09-17,166027,Harvard University,7,0
2018-09-17,166683,Massachusetts Institute of Technology,7,0
2018-09-17,167358,Northeastern University,7,0
2018-09-17,168148,Tufts University,7,0
2018-09-24,164924,Boston College,7,0
2018-09-24,164988,Boston University,7,0
2018-09-24,166027,Harvard University,7,0
2018-09-24,166683,Massachusetts Institute of Technology,7,0
2018-09-24,167358,Northeastern University,7,0
2018-09-24,168148,Tufts University,7,0
2018-10-01,164924,Boston College,7,0
2018-10-01,164988,Boston University,7,0
2018-10-01,166027,Harvard University,7,0
2018-10-01,166683,Massachusetts Institute of Technology,7,0
2018-10-01,167358,Northeastern University,7,0
2018-10-01,168148,Tufts University,7,0
2018-10-08,164924,Boston College,7,0
2018-10-08,164988,Boston University,7,0
2018-10-08,166027,Harvard University,7,0
2018-10-08,166683,Massachusetts Institute of Technology,7,0
2018-10-08,167358,Northeastern University,7,0
2018-10-08,168148,Tufts University,7,0
2018-10-15,164924,Boston College,7,0
2018-10-15,164988,Boston University,7,0
2018-10-15,166027,Harvard University,7,0
2018-10-15,166683,Massachusetts Institute of Technology,7,0
2018-10-15,167358,Northeastern University,7,0
2018-10-15,168148,Tufts University,7,0
2018-10-22,164924,Boston College,7,0
2018-10-22,164988,Boston University,7,0
2018-10-22,166027,Harvard University,7,0
2018-10-22,166683,Massachusetts Institute of Technology,7,0
2018-10-22,167358,Northeastern University,7,0
2018-10-22,168148,Tufts University,7,0
2018-10-29,164924,Boston College,7,0
2018-10-29,164988,Boston University,7,0
2018-10-29,166027,Harvard University,7,0
2018-10-29,166683,Massachusetts Institute of Technology,7,0
2018-10-29,167358,Northeastern University,7,0
2018-10-29,168148,Tufts University,7,0
2018-11-05,164924,Boston College,7,0
2018-11-05,164988,Boston University,7,0
2018-11-05,166027,Harvard University,7,0
2018-11-05,166683,Massachusetts Institute of Technology,7,0
2018-11-05,167358,Northeastern University,7,0
2018-11-05,168148,Tufts University,7,0
2018-11-12,164924,Boston College,7,0
2018-11-12,164988,Boston University,7,0
2018-11-12,166027,Harvard University,7,0
2018-11-12,166683,Massachusetts Institute of Technology,7,0
2018-11-12,167358,Northeastern University,7,0
2018-11-12,168148,Tufts University,7,0
2018-11-19,164924,Boston College,2,0
2018-11-19,164988,Boston University,2,0
2018-11-19,166027,Harvard University,2,0
2018-11-19,166683,Massachusetts Institute of Technology,2,0
2018-11-19,167358,Northeastern University,2,0
2018-11-19,168148,Tufts University,2,0
2018-11-26,164924,Boston College,7,0
2018-11-26,164988,Boston University,7,0
2018-11-26,166027,Harvard University,7,0
2018-11-26,166683,Massachusetts Institute of Technology,7,0
2018-11-26,167358,Northeastern University,7,0
2018-11-26,168148,Tufts University,7,0
2018-12-03,164924,Boston College,7,0
2018-12-03,164988,Boston University,7,0
2018-12-03,166027,Harvard University,7,0
2018-12-03,166683,Massachusetts Institute of Technology,7,0
2018-12-03,167358,Northeastern University,7,0
2018-12-03,168148,Tufts University,7,0
2018-12-10,164924,Boston College,7,0
2018-12-10,164988,Boston University,7,0
2018-12-10,166027,Harvard University,6,0
2018-12-10,166683,Massachusetts Institute of Technology,7,0
2018-12-10,167358,Northeastern University,5,0
2018-12-10,168148,Tufts University,7,0
2018-12-17,164924,Boston College,3,0
2018-12-17,164988,Boston University,5,0
2018-12-17,166027,Harvard University,0,0
2018-12-17,166683,Massachusetts Institute of Technology,5,0
2018-12-17,167358,Northeastern University,0,0
2018-12-17,168148,Tufts University,4,0
2018-12-24,164924,Boston College,0,0
2018-12-24,164988,Boston University,0,0
2018-12-24,166027,Harvard University,0,0
2018-12-24,166683,Massachusetts Institute of Technology,0,0
2018-12-24,167358,Northeastern University,0,0
2018-12-24,168148,Tufts University,0,0
2018-12-31,164924,Boston College,0,0
2018-12-31,164988,Boston University,0,0
2018-12-31,166027,Harvard University,0,0
2018-12-31,166683,Massachusetts Institute of Technology,0,0
2018-12-31,167358,Northeastern University,0,0
2018-12-31,168148,Tufts University,0,0
2019-01-07,164924,Boston College,0,0
2019-01-07,164988,Boston University,0,0
2019-01-07,166027,Harvard University,0,0
2019-01-07,166683,Massachusetts Institute of Technology,0,0
2019-01-07,167358,Northeastern University,7,0
2019-01-07,168148,Tufts University,0,0
2019-01-14,164924,Boston College,7,0
2019-01-14,164988,Boston University,0,0
2019-01-14,166027,Harvard University,0,0
2019-01-14,166683,Massachusetts Institute of Technology,0,0
2019-01-14,167358,Northeastern University,7,0
2019-01-14,168148,Tufts University,5,0
2019-01-21,164924,Boston College,7,0
2019-01-21,164988,Boston University,6,0
2019-01-21,166027,Harvard University,0,0
2019-01-21,166683,Massachusetts Institute of Technology,0,0
2019-01-21,167358,Northeastern University,7,0
2019-01-21,168148,Tufts University,7,0
2019-01-28,164924,Boston College,7,0
2019-01-28,164988,Boston University,7,0
2019-01-28,166027,Harvard University,7,0
2019-01-28,166683,Massachusetts Institute of Technology,0,0
2019-01-28,167358,Northeastern University,7,0
2019-01-28,168148,Tufts University,7,0
2019-02-04,164924,Boston College,7,0
2019-02-04,164988,Boston University,7,0
2019-02-04,166027,Harvard University,7,0
2019-02-04,166683,Massachusetts Institute of Technology,6,0
2019-02-04,167358,Northeastern University,7,0
2019-02-04,168148,Tufts University,7,0
2019-02-11,164924,Boston College,7,0
2019-02-11,164988,Boston University,7,0
2019-02-11,166027,Harvard University,7,0
2019-02-11,166683,Massachusetts Institute of Technology,7,0
2019-02-11,167358,Northeastern University,7,0
2019-02-11,168148,Tufts University,7,0
2019-02-18,164924,Boston College,7,0
2019-02-18,164988,Boston University,7,0
2019-02-18,166027,Harvard University,7,0
2019-02-18,166683,Massachusetts Institute of Technology,7,0
2019-02-18,167358,Northeastern University,7,0
2019-02-18,168148,Tufts University,7,0
2019-02-25,164924,Boston College,5,0
2019-02-25,164988,Boston University,7,0
2019-02-25,166027,Harvard University,7,0
2019-02-25,166683,Massachusetts Institute of Technology,7,0
2019-02-25,167358,Northeastern University,5,0
2019-02-25,168148,Tufts University,7,0
2019-03-04,164924,Boston College,0,0
2019-03-04,164988,Boston University,5,0
2019-03-04,166027,Harvard University,7,0
2019-03-04,166683,Massachusetts Institute of Technology,7,0
2019-03-04,167358,Northeastern University,0,0
2019-03-04,168148,Tufts University,7,0
2019-03-11,164924,Boston College,7,0
2019-03-11,164988,Boston University,0,0
2019-03-11,166027,Harvard University,5,0
2019-03-11,166683,Massachusetts Institute of Technology,7,0
2019-03-11,167358,Northeastern University,7,0
2019-03-11,168148,Tufts University,5,0
2019-03-18,164924,Boston College,7,0
2019-03-18,164988,Boston University,7,0
2019-03-18,166027,Harvard University,0,0
2019-03-18,166683,Massachusetts Institute of Technology,5,0
2019-03-18,167358,Northeastern University,7,0
2019-03-18,168148,Tufts University,0,0
2019-03-25,164924,Boston College,7,0
2019-03-25,164988,Boston University,7,0
2019-03-25,166027,Harvard University,7,0
2019-03-25,166683,Massachusetts Institute of Technology,0,0
2019-03-25,167358,Northeastern University,7,0
2019-03-25,168148,Tufts University,7,0
2019-04-01,164924,Boston College,7,0
2019-04-01,164988,Boston University,7,0
2019-04-01,166027,Harvard University,7,0
2019-04-01,166683,Massachusetts Institute of Technology,7,0
2019-04-01,167358,Northeastern University,7,0
2019-04-01,168148,Tufts University,7,0
2019-04-08,164924,Boston College,7,0
2019-04-08,164988,Boston University,7,0
2019-04-08,166027,Harvard University,7,0
2019-04-08,166683,Massachusetts Institute of Technology,7,0
2019-04-08,167358,Northeastern University,7,0
2019-04-08,168148,Tufts University,7,0
2019-04-15,164924,Boston College,7,0
2019-04-15,164988,Boston University,7,0
2019-04-15,166027,Harvard University,7,0
2019-04-15,166683,Massachusetts Institute of Technology,7,0
2019-04-15,167358,Northeastern University,7,0
2019-04-15,168148,Tufts University,7,0
2019-04-22,164924,Boston College,7,0
2019-04-22,164988,Boston University,7,0
2019-04-22,166027,Harvard University,7,0
2019-04-22,166683,Massachusetts Institute of Technology,7,0
2019-04-22,167358,Northeastern University,5,2
2019-04-22,168148,Tufts University,7,0
2019-04-29,164924,Boston College,7,0
2019-04-29,164988,Boston University,7,0
2019-04-29,166027,Harvard University,7,0
2019-04-29,166683,Massachusetts Institute of Technology,7,0
2019-04-29,167358,Northeastern University,0,7
2019-04-29,168148,Tufts University,7,0
2019-05-06,164924,Boston College,7,0
2019-05-06,164988,Boston University,6,1
2019-05-06,166027,Harvard University,7,0
2019-05-06,166683,Massachusetts Institute of Technology,7,0
2019-05-06,167358,Northeastern University,0,7
2019-05-06,168148,Tufts University,5,2
2019-05-13,164924,Boston College,7,0
2019-05-13,164988,Boston University,0,7
2019-05-13,166027,Harvard University,6,1
2019-05-13,166683,Massachusetts Institute of Technology,7,0
2019-05-13,167358,Northeastern University,0,7
2019-05-13,168148,Tufts University,0,7
2019-05-20,164924,Boston College,2,5
2019-05-20,164988,Boston University,0,7
2019-05-20,166027,Harvard University,0,7
2019-05-20,166683,Massachusetts Institute of Technology,5,2
2019-05-20,167358,Northeastern University,0,7
2019-05-20,168148,Tufts University,0,7
2019-05-27,164924,Boston College,0,7
2019-05-27,164988,Boston University,0,7
2019-05-27,166027,Harvard University,0,7
2019-05-27,166683,Massachusetts Institute of Technology,0,7
2019-05-27,167358,Northeastern University,0,7
2019-05-27,168148,Tufts University,0,7
2019-06-03,164924,Boston College,0,7
2019-06-03,164988,Boston University,0,7
2019-06-03,166027,Harvard University,0,7
2019-06-03,166683,Massachusetts Institute of Technology,0,7
2019-06-03,167358,Northeastern University,0,7
2019-06-03,168148,Tufts University,0,7
2019-06-10,164924,Boston College,0,7
2019-06-10,164988,Boston University,0,7
2019-06-10,166027,Harvard University,0,7
2019-06-10,166683,Massachusetts Institute of Technology,0,7
2019-06-10,167358,Northeastern University,0,7
2019-06-10,168148,Tufts University,0,7
2019-06-17,164924,Boston College,0,7
2019-06-17,164988,Boston University,0,7
2019-06-17,166027,Harvard University,0,7
2019-06-17,166683,Massachusetts Institute of Technology,0,7
2019-06-17,167358,Northeastern University,0,7
2019-06-17,168148,Tufts University,0,7
2019-06-24,164924,Boston College,0,7
2019-06-24,164988,Boston University,0,7
2019-06-24,166027,Harvard University,0,7
2019-06-24,166683,Massachusetts Institute of Technology,0,7
2019-06-24,167358,Northeastern University,0,7
2019-06-24,168148,Tufts University,0,7
2019-07-01,164924,Boston College,0,7
2019-07-01,164988,Boston University,0,7
2019-07-01,166027,Harvard University,0,7
2019-07-01,166683,Massachusetts Institute of Technology,0,7
2019-07-01,167358,Northeastern University,0,7
2019-07-01,168148,Tufts University,0,7
2019-07-08,164924,Boston College,0,7
2019-07-08,164988,Boston University,0,7
2019-07-08,166027,Harvard University,0,7
2019-07-08,166683,Massachusetts Institute of Technology,0,7
2019-07-08,167358,Northeastern University,0,7
2019-07-08,168148,Tufts University,0,7
2019-07-15,164924,Boston College,0,7
2019-07-15,164988,Boston University,0,7
2019-07-15,166027,Harvard University,0,7
2019-07-15,166683,Massachusetts Institute of Technology,0,7
2019-07-15,167358,Northeastern University,0,7
2019-07-15,168148,Tufts University,0,7
2019-07-22,164924,Boston College,0,7
2019-07-22,164988,Boston University,0,7
2019-07-22,166027,Harvard University,0,7
2019-07-22,166683,Massachusetts Institute of Technology,0,7
2019-07-22,167358,Northeastern University,0,7
2019-07-22,168148,Tufts University,0,7
2019-07-29,164924,Boston College,0,7
2019-07-29,164988,Boston University,0,7
2019-07-29,166027,Harvard University,0,7
2019-07-29,166683,Massachusetts Institute of Technology,0,7
2019-07-29,167358,Northeastern University,0,7
2019-07-29,168148,Tufts University,0,7
2019-08-05,164924,Boston College,0,7
2019-08-05,164988,Boston University,0,7
2019-08-05,166027,Harvard University,0,7
2019-08-05,166683,Massachusetts Institute of Technology,0,7
2019-08-05,167358,Northeastern University,0,7
2019-08-05,168148,Tufts University,0,7
2019-08-12,164924,Boston College,0,7
2019-08-12,164988,Boston University,0,7
2019-08-12,166027,Harvard University,0,7
2019-08-12,166683,Massachusetts Institute of Technology,0,7
2019-08-12,167358,Northeastern University,0,7
2019-08-12,168148,Tufts University,0,7
2019-08-19,164924,Boston College,0,7
2019-08-19,164988,Boston University,0,7
2019-08-19,166027,Harvard University,0,7
2019-08-19,166683,Massachusetts Institute of Technology,0,7
2019-08-19,167358,Northeastern University,0,7
2019-08-19,168148,Tufts University,0,7
2019-08-26,164924,Boston College,7,0
2019-08-26,164988,Boston University,0,7
2019-08-26,166027,Harvard University,0,7
2019-08-26,166683,Massachusetts Institute of Technology,0,7
2019-08-26,167358,Northeastern University,0,7
2019-08-26,168148,Tufts University,0,7
2019-09-02,164924,Boston College,7,0
2019-09-02,164988,Boston University,6,1
2019-09-02,166027,Harvard University,6,1
2019-09-02,166683,Massachusetts Institute of Technology,5,2
2019-09-02,167358,Northeastern University,5,2
2019-09-02,168148,Tufts University,6,1
2019-09-09,164924,Boston College,7,0
2019-09-09,164988,Boston University,7,0
2019-09-09,166027,Harvard University,7,0
2019-09-09,166683,Massachusetts Institute of Technology,7,0
2019-09-09,167358,Northeastern University,7,0
2019-09-09,168148,Tufts University,7,0
2019-09-16,164924,Boston College,7,0
2019-09-16,164988,Boston University,7,0
2019-09-16,166027,Harvard University,7,0
2019-09-16,166683,Massachusetts Institute of Technology,7,0
2019-09-16,167358,Northeastern University,7,0
2019-09-16,168148,Tufts University,7,0
2019-09-23,164924,Boston College,7,0
2019-09-23,164988,Boston University,7,0
2019-09-23,166027,Harvard University,7,0
2019-09-23,166683,Massachusetts Institute of Technology,7,0
2019-09-23,167358,Northeastern University,7,0
2019-09-23,168148,Tufts University,7,0
2019-09-30,164924,Boston College,7,0
2019-09-30,164988,Boston University,7,0
2019-09-30,166027,Harvard University,7,0
2019-09-30,166683,Massachusetts Institute of Technology,7,0
2019-09-30,167358,Northeastern University,7,0
2019-09-30,168148,Tufts University,7,0
2019-10-07,164924,Boston College,7,0
2019-10-07,164988,Boston University,7,0
2019-10-07,166027,Harvard University,7,0
2019-10-07,166683,Massachusetts Institute of Technology,7,0
2019-10-07,167358,Northeastern University,7,0
2019-10-07,168148,Tufts University,7,0
2019-10-14,164924,Boston College,7,0
2019-10-14,164988,Boston University,7,0
2019-10-14,166027,Harvard University,7,0
2019-10-14,166683,Massachusetts Institute of Technology,7,0
2019-10-14,167358,Northeastern University,7,0
2019-10-14,168148,Tufts University,7,0
2019-10-21,164924,Boston College,7,0
2019-10-21,164988,Boston University,7,0
2019-10-21,166027,Harvard University,7,0
2019-10-21,166683,Massachusetts Institute of Technology,7,0
2019-10-21,167358,Northeastern University,7,0
2019-10-21,168148,Tufts University,7,0
2019-10-28,164924,Boston College,7,0
2019-10-28,164988,Boston University,7,0
2019-10-28,166027,Harvard University,7,0
2019-10-28,166683,Massachusetts Institute of Technology,7,0
2019-10-28,167358,Northeastern University,7,0
2019-10-28,168148,Tufts University,7,0
2019-11-04,164924,Boston College,7,0
2019-11-04,164988,Boston University,7,0
2019-11-04,166027,Harvard University,7,0
2019-11-04,166683,Massachusetts Institute of Technology,7,0
2019-11-04,167358,Northeastern University,7,0
2019-11-04,168148,Tufts University,7,0
2019-11-11,164924,Boston College,7,0
2019-11-11,164988,Boston University,7,0
2019-11-11,166027,Harvard University,7,0
2019-11-11,166683,Massachusetts Institute of Technology,7,0
2019-11-11,167358,Northeastern University,7,0
2019-11-11,168148,Tufts University,7,0
2019-11-18,164924,Boston College,7,0
2019-11-18,164988,Boston University,7,0
2019-11-18,166027,Harvard University,7,0
2019-11-18,166683,Massachusetts Institute of Technology,7,0
2019-11-18,167358,Northeastern University,7,0
2019-11-18,168148,Tufts University,7,0
2019-11-25,164924,Boston College,2,0
2019-11-25,164988,Boston University,2,0
2019-11-25,166027,Harvard University,2,0
2019-11-25,166683,Massachusetts Institute of Technology,2,0
2019-11-25,167358,Northeastern University,2,0
2019-11-25,168148,Tufts University,2,0
2019-12-02,164924,Boston College,7,0
2019-12-02,164988,Boston University,7,0
2019-12-02,166027,Harvard University,7,0
2019-12-02,166683,Massachusetts Institute of Technology,7,0
2019-12-02,167358,Northeastern University,7,0
2019-12-02,168148,Tufts University,7,0
2019-12-09,164924,Boston College,7,0
2019-12-09,164988,Boston University,7,0
2019-12-09,166027,Harvard University,6,0
2019-12-09,166683,Massachusetts Institute of Technology,7,0
2019-12-09,167358,Northeastern University,5,0
2019-12-09,168148,Tufts University,7,0
2019-12-16,164924,Boston College,4,0
2019-12-16,164988,Boston University,5,0
2019-12-16,166027,Harvard University,0,0
2019-12-16,166683,Massachusetts Institute of Technology,5,0
2019-12-16,167358,Northeastern University,0,0
2019-12-16,168148,Tufts University,4,0
2019-12-23,164924,Boston College,0,0
2019-12-23,164988,Boston University,0,0
2019-12-23,166027,Harvard University,0,0
2019-12-23,166683,Massachusetts Institute of Technology,0,0
2019-12-23,167358,Northeastern University,0,0
2019-12-23,168148,Tufts University,0,0
2019-12-30,164924,Boston College,0,0
2019-12-30,164988,Boston University,0,0
2019-12-30,166027,Harvard University,0,0
2019-12-30,166683,Massachusetts Institute of Technology,0,0
2019-12-30,167358,Northeastern University,0,0
2019-12-30,168148,Tufts University,0,0
2020-01-06,164924,Boston College,0,0
2020-01-06,164988,Boston University,0,0
2020-01-06,166027,Harvard University,0,0
2020-01-06,166683,Massachusetts Institute of Technology,0,0
2020-01-06,167358,Northeastern University,7,0
2020-01-06,168148,Tufts University,0,0
2020-01-13,164924,Boston College,7,0
2020-01-13,164988,Boston University,0,0
2020-01-13,166027,Harvard University,0,0
2020-01-13,166683,Massachusetts Institute of Technology,0,0
2020-01-13,167358,Northeastern University,7,0
2020-01-13,168148,Tufts University,5,0
2020-01-20,164924,Boston College,7,0
2020-01-20,164988,Boston University,6,0
2020-01-20,166027,Harvard University,0,0
2020-01-20,166683,Massachusetts Institute of Technology,0,0
2020-01-20,167358,Northeastern University,7,0
2020-01-20,168148,Tufts University,7,0
2020-01-27,164924,Boston College,7,0
2020-01-27,164988,Boston University,7,0
2020-01-27,166027,Harvard University,7,0
2020-01-27,166683,Massachusetts Institute of Technology,0,0
2020-01-27,167358,Northeastern University,7,0
2020-01-27,168148,Tufts University,7,0
2020-02-03,164924,Boston College,7,0
2020-02-03,164988,Boston University,7,0
2020-02-03,166027,Harvard University,7,0
2020-02-03,166683,Massachusetts Institute of Technology,7,0
2020-02-03,167358,Northeastern University,7,0
2020-02-03,168148,Tufts University,7,0
2020-02-10,164924,Boston College,7,0
2020-02-10,164988,Boston University,7,0
2020-02-10,166027,Harvard University,7,0
2020-02-10,166683,Massachusetts Institute of Technology,7,0
2020-02-10,167358,Northeastern University,7,0
2020-02-10,168148,Tufts University,7,0
2020-02-17,164924,Boston College,7,0
2020-02-17,164988,Boston University,7,0
2020-02-17,166027,Harvard University,7,0
2020-02-17,166683,Massachusetts Institute of Technology,7,0
2020-02-17,167358,Northeastern University,7,0
2020-02-17,168148,Tufts University,7,0
2020-02-24,164924,Boston College,5,0
2020-02-24,164988,Boston University,7,0
2020-02-24,166027,Harvard University,7,0
2020-02-24,166683,Massachusetts Institute of Technology,7,0
2020-02-24,167358,Northeastern University,5,0
2020-02-24,168148,Tufts University,7,0
2020-03-02,164924,Boston College,1,0
2020-03-02,164988,Boston University,5,0
2020-03-02,166027,Harvard University,7,0
2020-03-02,166683,Massachusetts Institute of Technology,7,0
2020-03-02,167358,Northeastern University,0,0
2020-03-02,168148,Tufts University,7,0
2020-03-09,164924,Boston College,7,0
2020-03-09,164988,Boston University,0,0
2020-03-09,166027,Harvard University,5,0
2020-03-09,166683,Massachusetts Institute of Technology,7,0
2020-03-09,167358,Northeastern University,7,0
2020-03-09,168148,Tufts University,7,0
2020-03-16,164924,Boston College,7,0
2020-03-16,164988,Boston University,7,0
2020-03-16,166027,Harvard University,0,0
2020-03-16,166683,Massachusetts Institute of Technology,5,0
2020-03-16,167358,Northeastern University,7,0
2020-03-16,168148,Tufts University,5,0
2020-03-23,164924,Boston College,7,0
2020-03-23,164988,Boston University,7,0
2020-03-23,166027,Harvard University,7,0
2020-03-23,166683,Massachusetts Institute of Technology,0,0
2020-03-23,167358,Northeastern University,7,0
2020-03-23,168148,Tufts University,5,0
2020-03-30,164924,Boston College,7,0
2020-03-30,164988,Boston University,7,0
2020-03-30,166027,Harvard University,7,0
2020-03-30,166683,Massachusetts Institute of Technology,7,0
2020-03-30,167358,Northeastern University,7,0
2020-03-30,168148,Tufts University,7,0
2020-04-06,164924,Boston College,7,0
2020-04-06,164988,Boston University,7,0
2020-04-06,166027,Harvard University,7,0
2020-04-06,166683,Massachusetts Institute of Technology,7,0
2020-04-06,167358,Northeastern University,7,0
2020-04-06,168148,Tufts University,7,0
2020-04-13,164924,Boston College,7,0
2020-04-13,164988,Boston University,7,0
2020-04-13,166027,Harvard University,7,0
2020-04-13,166683,Massachusetts Institute of Technology,7,0
2020-04-13,167358,Northeastern University,7,0
2020-04-13,168148,Tufts University,7,0
2020-04-20,164924,Boston College,7,0
2020-04-20,164988,Boston University,7,0
2020-04-20,166027,Harvard University,7,0
2020-04-20,166683,Massachusetts Institute of Technology,7,0
2020-04-20,167358,Northeastern University,5,2
2020-04-20,168148,Tufts University,7,0
2020-04-27,164924,Boston College,7,0
2020-04-27,164988,Boston University,7,0
2020-04-27,166027,Harvard University,7,0
2020-04-27,166683,Massachusetts Institute of Technology,7,0
2020-04-27,167358,Northeastern University,0,7
2020-04-27,168148,Tufts University,7,0
2020-05-04,164924,Boston College,7,0
2020-05-04,164988,Boston University,6,1
2020-05-04,166027,Harvard University,7,0
2020-05-04,166683,Massachusetts Institute of Technology,7,0
2020-05-04,167358,Northeastern University,0,7
2020-05-04,168148,Tufts University,5,2
2020-05-11,164924,Boston College,2,5
2020-05-11,164988,Boston University,0,7
2020-05-11,166027,Harvard University,6,1
2020-05-11,166683,Massachusetts Institute of Technology,7,0
2020-05-11,167358,Northeastern University,0,7
2020-05-11,168148,Tufts University,0,7
2020-05-18,164924,Boston College,0,7
2020-05-18,164988,Boston University,0,7
2020-05-18,166027,Harvard University,0,7
2020-05-18,166683,Massachusetts Institute of Technology,3,4
2020-05-18,167358,Northeastern University,0,7
2020-05-18,168148,Tufts University,0,7
2020-05-25,164924,Boston College,0,7
2020-05-25,164988,Boston University,0,7
2020-05-25,166027,Harvard University,0,7
2020-05-25,166683,Massachusetts Institute of Technology,0,7
2020-05-25,167358,Northeastern University,0,7
2020-05-25,168148,Tufts University,0,7
2020-06-01,164924,Boston College,0,7
2020-06-01,164988,Boston University,0,7
2020-06-01,166027,Harvard University,0,7
2020-06-01,166683,Massachusetts Institute of Technology,0,7
2020-06-01,167358,Northeastern University,0,7
2020-06-01,168148,Tufts University,0,7
2020-06-08,164924,Boston College,0,7
2020-06-08,164988,Boston University,0,7
2020-06-08,166027,Harvard University,0,7
2020-06-08,166683,Massachusetts Institute of Technology,0,7
2020-06-08,167358,Northeastern University,0,7
2020-06-08,168148,Tufts University,0,7
2020-06-15,164924,Boston College,0,7
2020-06-15,164988,Boston University,0,7
2020-06-15,166027,Harvard University,0,7
2020-06-15,166683,Massachusetts Institute of Technology,0,7
2020-06-15,167358,Northeastern University,0,7
2020-06-15,168148,Tufts University,0,7
2020-06-22,164924,Boston College,0,7
2020-06-22,164988,Boston University,0,7
2020-06-22,166027,Harvard University,0,7
2020-06-22,166683,Massachusetts Institute of Technology,0,7
2020-06-22,167358,Northeastern University,0,7
2020-06-22,168148,Tufts University,0,7
2020-06-29,164924,Boston College,0,7
2020-06-29,164988,Boston University,0,7
2020-06-29,166027,Harvard University,0,7
2020-06-29,166683,Massachusetts Institute of Technology,0,7
2020-06-29,167358,Northeastern University,0,7
2020-06-29,168148,Tufts University,0,7
2020-07-06,164924,Boston College,0,7
2020-07-06,164988,Boston University,0,7
2020-07-06,166027,Harvard University,0,7
2020-07-06,166683,Massachusetts Institute of Technology,0,7
2020-07-06,167358,Northeastern University,0,7
2020-07-06,168148,Tufts University,0,7
2020-07-13,164924,Boston College,0,7
2020-07-13,164988,Boston University,0,7
2020-07-13,166027,Harvard University,0,7
2020-07-13,166683,Massachusetts Institute of Technology,0,7
2020-07-13,167358,Northeastern University,0,7
2020-07-13,168148,Tufts University,0,7
2020-07-20,164924,Boston College,0,7
2020-07-20,164988,Boston University,0,7
2020-07-20,166027,Harvard University,0,7
2020-07-20,166683,Massachusetts Institute of Technology,0,7
2020-07-20,167358,Northeastern University,0,7
2020-07-20,168148,Tufts University,0,7
2020-07-27,164924,Boston College,0,7
2020-07-27,164988,Boston University,0,7
2020-07-27,166027,Harvard University,0,7
2020-07-27,166683,Massachusetts Institute of Technology,0,7
2020-07-27,167358,Northeastern University,0,7
2020-07-27,168148,Tufts University,0,7
2020-08-03,164924,Boston College,0,7
2020-08-03,164988,Boston University,0,7
2020-08-03,166027,Harvard University,0,7
2020-08-03,166683,Massachusetts Institute of Technology,0,7
2020-08-03,167358,Northeastern University,0,7
2020-08-03,168148,Tufts University,0,7
2020-08-10,164924,Boston College,0,7
2020-08-10,164988,Boston University,0,7
2020-08-10,166027,Harvard University,0,7
2020-08-10,166683,Massachusetts Institute of Technology,0,7
2020-08-10,167358,Northeastern University,0,7
2020-08-10,168148,Tufts University,0,7
2020-08-17,164924,Boston College,0,7
2020-08-17,164988,Boston University,0,7
2020-08-17,166027,Harvard University,0,7
2020-08-17,166683,Massachusetts Institute of Technology,0,7
2020-08-17,167358,Northeastern University,0,7
2020-08-17,168148,Tufts University,0,7
2020-08-24,164924,Boston College,0,7
2020-08-24,164988,Boston University,0,7
2020-08-24,166027,Harvard University,0,7
2020-08-24,166683,Massachusetts Institute of Technology,0,7
2020-08-24,167358,Northeastern University,0,7
2020-08-24,168148,Tufts University,0,7
2020-08-31,164924,Boston College,7,0
2020-08-31,164988,Boston University,5,2
2020-08-31,166027,Harvard University,5,2
2020-08-31,166683,Massachusetts Institute of Technology,6,1
2020-08-31,167358,Northeastern University,0,7
2020-08-31,168148,Tufts University,0,7
2020-09-07,164924,Boston College,7,0
2020-09-07,164988,Boston University,7,0
2020-09-07,166027,Harvard University,7,0
2020-09-07,166683,Massachusetts Institute of Technology,7,0
2020-09-07,167358,Northeastern University,5,2
2020-09-07,168148,Tufts University,6,1
2020-09-14,164924,Boston College,7,0
2020-09-14,164988,Boston University,7,0
2020-09-14,166027,Harvard University,7,0
2020-09-14,166683,Massachusetts Institute of Technology,7,0
2020-09-14,167358,Northeastern University,7,0
2020-09-14,168148,Tufts University,7,0
2020-09-21,164924,Boston College,7,0
2020-09-21,164988,Boston University,7,0
2020-09-21,166027,Harvard University,7,0
2020-09-21,166683,Massachusetts Institute of Technology,7,0
2020-09-21,167358,Northeastern University,7,0
2020-09-21,168148,Tufts University,7,0
2020-09-28,164924,Boston College,7,0
2020-09-28,164988,Boston University,7,0
2020-09-28,166027,Harvard University,7,0
2020-09-28,166683,Massachusetts Institute of Technology,7,0
2020-09-28,167358,Northeastern University,7,0
2020-09-28,168148,Tufts University,7,0
2020-10-05,164924,Boston College,7,0
2020-10-05,164988,Boston University,7,0
2020-10-05,166027,Harvard University,7,0
2020-10-05,166683,Massachusetts Institute of Technology,7,0
2020-10-05,167358,Northeastern University,7,0
2020-10-05,168148,Tufts University,7,0
2020-10-12,164924,Boston College,7,0
2020-10-12,164988,Boston University,7,0
2020-10-12,166027,Harvard University,7,0
2020-10-12,166683,Massachusetts Institute of Technology,7,0
2020-10-12,167358,Northeastern University,7,0
2020-10-12,168148,Tufts University,7,0
2020-10-19,164924,Boston College,7,0
2020-10-19,164988,Boston University,7,0
2020-10-19,166027,Harvard University,7,0
2020-10-19,166683,Massachusetts Institute of Technology,7,0
2020-10-19,167358,Northeastern University,7,0
2020-10-19,168148,Tufts University,7,0
2020-10-26,164924,Boston College,7,0
2020-10-26,164988,Boston University,7,0
2020-10-26,166027,Harvard University,7,0
2020-10-26,166683,Massachusetts Institute of Technology,7,0
2020-10-26,167358,Northeastern University,7,0
2020-10-26,168148,Tufts University,7,0
2020-11-02,164924,Boston College,7,0
2020-11-02,164988,Boston University,7,0
2020-11-02,166027,Harvard University,7,0
2020-11-02,166683,Massachusetts Institute of Technology,7,0
2020-11-02,167358,Northeastern University,7,0
2020-11-02,168148,Tufts University,7,0
2020-11-09,164924,Boston College,7,0
2020-11-09,164988,Boston University,7,0
2020-11-09,166027,Harvard University,7,0
2020-11-09,166683,Massachusetts Institute of Technology,7,0
2020-11-09,167358,Northeastern University,7,0
2020-11-09,168148,Tufts University,7,0
2020-11-16,164924,Boston College,7,0
2020-11-16,164988,Boston University,7,0
2020-11-16,166027,Harvard University,7,0
2020-11-16,166683,Massachusetts Institute of Technology,7,0
2020-11-16,167358,Northeastern University,7,0
2020-11-16,168148,Tufts University,7,0
2020-11-23,164924,Boston College,2,0
2020-11-23,164988,Boston University,2,0
2020-11-23,166027,Harvard University,2,0
2020-11-23,166683,Massachusetts Institute of Technology,2,0
2020-11-23,167358,Northeastern University,2,0
2020-11-23,168148,Tufts University,2,0
2020-11-30,164924,Boston College,7,0
2020-11-30,164988,Boston University,7,0
2020-11-30,166027,Harvard University,7,0
2020-11-30,166683,Massachusetts Institute of Technology,7,0
2020-11-30,167358,Northeastern University,7,0
2020-11-30,168148,Tufts University,7,0
2020-12-07,164924,Boston College,7,0
2020-12-07,164988,Boston University,7,0
2020-12-07,166027,Harvard University,7,0
2020-12-07,166683,Massachusetts Institute of Technology,7,0
2020-12-07,167358,Northeastern University,7,0
2020-12-07,168148,Tufts University,7,0
2020-12-14,164924,Boston College,7,0
2020-12-14,164988,Boston University,6,0
2020-12-14,166027,Harvard University,6,0
2020-12-14,166683,Massachusetts Institute of Technology,5,0
2020-12-14,167358,Northeastern University,5,0
2020-12-14,168148,Tufts University,7,0
2020-12-21,164924,Boston College,1,0
2020-12-21,164988,Boston University,0,0
2020-12-21,166027,Harvard University,0,0
2020-12-21,166683,Massachusetts Institute of Technology,0,0
2020-12-21,167358,Northeastern University,0,0
2020-12-21,168148,Tufts University,2,0
2020-12-28,164924,Boston College,0,0
2020-12-28,164988,Boston University,0,0
2020-12-28,166027,Harvard University,0,0
2020-12-28,166683,Massachusetts Institute of Technology,0,0
2020-12-28,167358,Northeastern University,0,0
2020-12-28,168148,Tufts University,0,0
2021-01-04,164924,Boston College,0,0
2021-01-04,164988,Boston University,0,0
2021-01-04,166027,Harvard University,0,0
2021-01-04,166683,Massachusetts Institute of Technology,0,0
2021-01-04,167358,Northeastern University,0,0
2021-01-04,168148,Tufts University,0,0
2021-01-11,164924,Boston College,0,0
2021-01-11,164988,Boston University,0,0
2021-01-11,166027,Harvard University,0,0
2021-01-11,166683,Massachusetts Institute of Technology,0,0
2021-01-11,167358,Northeastern University,0,0
2021-01-11,168148,Tufts University,0,0
2021-01-18,164924,Boston College,0,0
2021-01-18,164988,Boston University,0,0
2021-01-18,166027,Harvard University,0,0
2021-01-18,166683,Massachusetts Institute of Technology,0,0
2021-01-18,167358,Northeastern University,6,0
2021-01-18,168148,Tufts University,0,0
2021-01-25,164924,Boston College,4,0
2021-01-25,164988,Boston University,7,0
2021-01-25,166027,Harvard University,7,0
2021-01-25,166683,Massachusetts Institute of Technology,0,0
2021-01-25,167358,Northeastern University,7,0
2021-01-25,168148,Tufts University,0,0
2021-02-01,164924,Boston College,7,0
2021-02-01,164988,Boston University,7,0
2021-02-01,166027,Harvard University,7,0
2021-02-01,166683,Massachusetts Institute of Technology,0,0
2021-02-01,167358,Northeastern University,7,0
2021-02-01,168148,Tufts University,7,0
2021-02-08,164924,Boston College,7,0
2021-02-08,164988,Boston University,7,0
2021-02-08,166027,Harvard University,7,0
2021-02-08,166683,Massachusetts Institute of Technology,0,0
2021-02-08,167358,Northeastern University,7,0
2021-02-08,168148,Tufts University,7,0
2021-02-15,164924,Boston College,7,0
2021-02-15,164988,Boston University,7,0
2021-02-15,166027,Harvard University,7,0
2021-02-15,166683,Massachusetts Institute of Technology,6,0
2021-02-15,167358,Northeastern University,7,0
2021-02-15,168148,Tufts University,7,0
2021-02-22,164924,Boston College,7,0
2021-02-22,164988,Boston University,7,0
2021-02-22,166027,Harvard University,7,0
2021-02-22,166683,Massachusetts Institute of Technology,7,0
2021-02-22,167358,Northeastern University,7,0
2021-02-22,168148,Tufts University,7,0
2021-03-01,164924,Boston College,7,0
2021-03-01,164988,Boston University,7,0
2021-03-01,166027,Harvard University,7,0
2021-03-01,166683,Massachusetts Institute of Technology,7,0
2021-03-01,167358,Northeastern University,7,0
2021-03-01,168148,Tufts University,7,0
2021-03-08,164924,Boston College,7,0
2021-03-08,164988,Boston University,7,0
2021-03-08,166027,Harvard University,7,0
2021-03-08,166683,Massachusetts Institute of Technology,7,0
2021-03-08,167358,Northeastern University,7,0
2021-03-08,168148,Tufts University,7,0
2021-03-15,164924,Boston College,7,0
2021-03-15,164988,Boston University,7,0
2021-03-15,166027,Harvard University,7,0
2021-03-15,166683,Massachusetts Institute of Technology,7,0
2021-03-15,167358,Northeastern University,7,0
2021-03-15,168148,Tufts University,7,0
2021-03-22,164924,Boston College,7,0
2021-03-22,164988,Boston University,7,0
2021-03-22,166027,Harvard University,7,0
2021-03-22,166683,Massachusetts Institute of Technology,7,0
2021-03-22,167358,Northeastern University,7,0
2021-03-22,168148,Tufts University,4,0
2021-03-29,164924,Boston College,7,0
2021-03-29,164988,Boston University,7,0
2021-03-29,166027,Harvard University,7,0
2021-03-29,166683,Massachusetts Institute of Technology,7,0
2021-03-29,167358,Northeastern University,7,0
2021-03-29,168148,Tufts University,7,0
2021-04-05,164924,Boston College,7,0
2021-04-05,164988,Boston University,7,0
2021-04-05,166027,Harvard University,7,0
2021-04-05,166683,Massachusetts Institute of Technology,7,0
2021-04-05,167358,Northeastern University,7,0
2021-04-05,168148,Tufts University,7,0
2021-04-12,164924,Boston College,7,0
2021-04-12,164988,Boston University,7,0
2021-04-12,166027,Harvard University,7,0
2021-04-12,166683,Massachusetts Institute of Technology,7,0
2021-04-12,167358,Northeastern University,7,0
2021-04-12,168148,Tufts University,7,0
2021-04-19,164924,Boston College,7,0
2021-04-19,164988,Boston University,7,0
2021-04-19,166027,Harvard University,7,0
2021-04-19,166683,Massachusetts Institute of Technology,7,0
2021-04-19,167358,Northeastern University,7,0
2021-04-19,168148,Tufts University,7,0
2021-04-26,164924,Boston College,7,0
2021-04-26,164988,Boston University,7,0
2021-04-26,166027,Harvard University,7,0
2021-04-26,166683,Massachusetts Institute of Technology,7,0
2021-04-26,167358,Northeastern University,5,2
2021-04-26,168148,Tufts University,7,0
2021-05-03,164924,Boston College,7,0
2021-05-03,164988,Boston University,6,1
2021-05-03,166027,Harvard University,7,0
2021-05-03,166683,Massachusetts Institute of Technology,7,0
2021-05-03,167358,Northeastern University,0,7
2021-05-03,168148,Tufts University,7,0
2021-05-10,164924,Boston College,7,0
2021-05-10,164988,Boston University,0,7
2021-05-10,166027,Harvard University,6,1
2021-05-10,166683,Massachusetts Institute of Technology,7,0
2021-05-10,167358,Northeastern University,0,7
2021-05-10,168148,Tufts University,5,2
2021-05-17,164924,Boston College,2,5
2021-05-17,164988,Boston University,0,7
2021-05-17,166027,Harvard University,0,7
2021-05-17,166683,Massachusetts Institute of Technology,7,0
2021-05-17,167358,Northeastern University,0,7
2021-05-17,168148,Tufts University,0,7
2021-05-24,164924,Boston College,0,7
2021-05-24,164988,Boston University,0,7
2021-05-24,166027,Harvard University,0,7
2021-05-24,166683,Massachusetts Institute of Technology,4,3
2021-05-24,167358,Northeastern University,0,7
2021-05-24,168148,Tufts University,0,7
2021-05-31,164924,Boston College,0,7
2021-05-31,164988,Boston University,0,7
2021-05-31,166027,Harvard University,0,7
2021-05-31,166683,Massachusetts Institute of Technology,0,7
2021-05-31,167358,Northeastern University,0,7
2021-05-31,168148,Tufts University,0,7
2021-06-07,164924,Boston College,0,7
2021-06-07,164988,Boston University,0,7
2021-06-07,166027,Harvard University,0,7
2021-06-07,166683,Massachusetts Institute of Technology,0,7
2021-06-07,167358,Northeastern University,0,7
2021-06-07,168148,Tufts University,0,7
2021-06-14,164924,Boston College,0,7
2021-06-14,164988,Boston University,0,7
2021-06-14,166027,Harvard University,0,7
2021-06-14,166683,Massachusetts Institute of Technology,0,7
2021-06-14,167358,Northeastern University,0,7
2021-06-14,168148,Tufts University,0,7
2021-06-21,164924,Boston College,0,7
2021-06-21,164988,Boston University,0,7
2021-06-21,166027,Harvard University,0,7
2021-06-21,166683,Massachusetts Institute of Technology,0,7
2021-06-21,167358,Northeastern University,0,7
2021-06-21,168148,Tufts University,0,7
2021-06-28,164924,Boston College,0,7
2021-06-28,164988,Boston University,0,7
2021-06-28,166027,Harvard University,0,7
2021-06-28,166683,Massachusetts Institute of Technology,0,7
2021-06-28,167358,Northeastern University,0,7
2021-06-28,168148,Tufts University,0,7
2021-07-05,164924,Boston College,0,7
2021-07-05,164988,Boston University,0,7
2021-07-05,166027,Harvard University,0,7
2021-07-05,166683,Massachusetts Institute of Technology,0,7
2021-07-05,167358,Northeastern University,0,7
2021-07-05,168148,Tufts University,0,7
2021-07-12,164924,Boston College,0,7
2021-07-12,164988,Boston University,0,7
2021-07-12,166027,Harvard University,0,7
2021-07-12,166683,Massachusetts Institute of Technology,0,7
2021-07-12,167358,Northeastern University,0,7
2021-07-12,168148,Tufts University,0,7
2021-07-19,164924,Boston College,0,7
2021-07-19,164988,Boston University,0,7
2021-07-19,166027,Harvard University,0,7
2021-07-19,166683,Massachusetts Institute of Technology,0,7
2021-07-19,167358,Northeastern University,0,7
2021-07-19,168148,Tufts University,0,7
2021-07-26,164924,Boston College,0,7
2021-07-26,164988,Boston University,0,7
2021-07-26,166027,Harvard University,0,7
2021-07-26,166683,Massachusetts Institute of Technology,0,7
2021-07-26,167358,Northeastern University,0,7
2021-07-26,168148,Tufts University,0,7
2021-08-02,164924,Boston College,0,7
2021-08-02,164988,Boston University,0,7
2021-08-02,166027,Harvard University,0,7
2021-08-02,166683,Massachusetts Institute of Technology,0,7
2021-08-02,167358,Northeastern University,0,7
2021-08-02,168148,Tufts University,0,7
2021-08-09,164924,Boston College,0,7
2021-08-09,164988,Boston University,0,7
2021-08-09,166027,Harvard University,0,7
2021-08-09,166683,Massachusetts Institute of Technology,0,7
2021-08-09,167358,Northeastern University,0,7
2021-08-09,168148,Tufts University,0,7
2021-08-16,164924,Boston College,0,7
2021-08-16,164988,Boston University,0,7
2021-08-16,166027,Harvard University,0,7
2021-08-16,166683,Massachusetts Institute of Technology,0,7
2021-08-16,167358,Northeastern University,0,7
2021-08-16,168148,Tufts University,0,7
2021-08-23,164924,Boston College,0,7
2021-08-23,164988,Boston University,0,7
2021-08-23,166027,Harvard University,0,7
2021-08-23,166683,Massachusetts Institute of Technology,0,7
2021-08-23,167358,Northeastern University,0,7
2021-08-23,168148,Tufts University,0,7
2021-08-30,164924,Boston College,7,0
2021-08-30,164988,Boston University,4,3
2021-08-30,166027,Harvard University,5,2
2021-08-30,166683,Massachusetts Institute of Technology,0,7
2021-08-30,167358,Northeastern University,0,7
2021-08-30,168148,Tufts University,0,7
2021-09-06,164924,Boston College,7,0
2021-09-06,164988,Boston University,7,0
2021-09-06,166027,Harvard University,7,0
2021-09-06,166683,Massachusetts Institute of Technology,5,2
2021-09-06,167358,Northeastern University,5,2
2021-09-06,168148,Tufts University,5,2
2021-09-13,164924,Boston College,7,0
2021-09-13,164988,Boston University,7,0
2021-09-13,166027,Harvard University,7,0
2021-09-13,166683,Massachusetts Institute of Technology,7,0
2021-09-13,167358,Northeastern University,7,0
2021-09-13,168148,Tufts University,7,0
2021-09-20,164924,Boston College,7,0
2021-09-20,164988,Boston University,7,0
2021-09-20,166027,Harvard University,7,0
2021-09-20,166683,Massachusetts Institute of Technology,7,0
2021-09-20,167358,Northeastern University,7,0
2021-09-20,168148,Tufts University,7,0
2021-09-27,164924,Boston College,7,0
2021-09-27,164988,Boston University,7,0
2021-09-27,166027,Harvard University,7,0
2021-09-27,166683,Massachusetts Institute of Technology,7,0
2021-09-27,167358,Northeastern University,7,0
2021-09-27,168148,Tufts University,7,0
2021-10-04,164924,Boston College,7,0
2021-10-04,164988,Boston University,7,0
2021-10-04,166027,Harvard University,7,0
2021-10-04,166683,Massachusetts Institute of Technology,7,0
2021-10-04,167358,Northeastern University,7,0
2021-10-04,168148,Tufts University,7,0
2021-10-11,164924,Boston College,7,0
2021-10-11,164988,Boston University,7,0
2021-10-11,166027,Harvard University,7,0
2021-10-11,166683,Massachusetts Institute of Technology,7,0
2021-10-11,167358,Northeastern University,7,0
2021-10-11,168148,Tufts University,7,0
2021-10-18,164924,Boston College,7,0
2021-10-18,164988,Boston University,7,0
2021-10-18,166027,Harvard University,7,0
2021-10-18,166683,Massachusetts Institute of Technology,7,0
2021-10-18,167358,Northeastern University,7,0
2021-10-18,168148,Tufts University,7,0
2021-10-25,164924,Boston College,7,0
2021-10-25,164988,Boston University,7,0
2021-10-25,166027,Harvard University,7,0
2021-10-25,166683,Massachusetts Institute of Technology,7,0
2021-10-25,167358,Northeastern University,7,0
2021-10-25,168148,Tufts University,7,0
2021-11-01,164924,Boston College,7,0
2021-11-01,164988,Boston University,7,0
2021-11-01,166027,Harvard University,7,0
2021-11-01,166683,Massachusetts Institute of Technology,7,0
2021-11-01,167358,Northeastern University,7,0
2021-11-01,168148,Tufts University,7,0
2021-11-08,164924,Boston College,7,0
2021-11-08,164988,Boston University,7,0
2021-11-08,166027,Harvard University,7,0
2021-11-08,166683,Massachusetts Institute of Technology,7,0
2021-11-08,167358,Northeastern University,7,0
2021-11-08,168148,Tufts University,7,0
2021-11-15,164924,Boston College,7,0
2021-11-15,164988,Boston University,7,0
2021-11-15,166027,Harvard University,7,0
2021-11-15,166683,Massachusetts Institute of Technology,7,0
2021-11-15,167358,Northeastern University,7,0
2021-11-15,168148,Tufts University,7,0
2021-11-22,164924,Boston College,2,0
2021-11-22,164988,Boston University,2,0
2021-11-22,166027,Harvard University,2,0
2021-11-22,166683,Massachusetts Institute of Technology,2,0
2021-11-22,167358,Northeastern University,2,0
2021-11-22,168148,Tufts University,2,0
2021-11-29,164924,Boston College,7,0
2021-11-29,164988,Boston University,7,0
2021-11-29,166027,Harvard University,7,0
2021-11-29,166683,Massachusetts Institute of Technology,7,0
2021-11-29,167358,Northeastern University,7,0
2021-11-29,168148,Tufts University,7,0
2021-12-06,164924,Boston College,7,0
2021-12-06,164988,Boston University,7,0
2021-12-06,166027,Harvard University,7,0
2021-12-06,166683,Massachusetts Institute of Technology,7,0
2021-12-06,167358,Northeastern University,7,0
2021-12-06,168148,Tufts University,7,0
2021-12-13,164924,Boston College,7,0
2021-12-13,164988,Boston University,6,0
2021-12-13,166027,Harvard University,6,0
2021-12-13,166683,Massachusetts Institute of Technology,5,0
2021-12-13,167358,Northeastern University,5,0
2021-12-13,168148,Tufts University,7,0
2021-12-20,164924,Boston College,2,0
2021-12-20,164988,Boston University,0,0
2021-12-20,166027,Harvard University,0,0
2021-12-20,166683,Massachusetts Institute of Technology,0,0
2021-12-20,167358,Northeastern University,0,0
2021-12-20,168148,Tufts University,4,0
2021-12-27,164924,Boston College,0,0
2021-12-27,164988,Boston University,0,0
2021-12-27,166027,Harvard University,0,0
2021-12-27,166683,Massachusetts Institute of Technology,0,0
2021-12-27,167358,Northeastern University,0,0
2021-12-27,168148,Tufts University,0,0
2022-01-03,164924,Boston College,0,0
2022-01-03,164988,Boston University,0,0
2022-01-03,166027,Harvard University,0,0
2022-01-03,166683,Massachusetts Institute of Technology,0,0
2022-01-03,167358,Northeastern University,0,0
2022-01-03,168148,Tufts University,0,0
2022-01-10,164924,Boston College,0,0
2022-01-10,164988,Boston University,0,0
2022-01-10,166027,Harvard University,0,0
2022-01-10,166683,Massachusetts Institute of Technology,0,0
2022-01-10,167358,Northeastern University,0,0
2022-01-10,168148,Tufts University,0,0
2022-01-17,164924,Boston College,6,0
2022-01-17,164988,Boston University,4,0
2022-01-17,166027,Harvard University,0,0
2022-01-17,166683,Massachusetts Institute of Technology,0,0
2022-01-17,167358,Northeastern University,6,0
2022-01-17,168148,Tufts University,5,0
2022-01-24,164924,Boston College,7,0
2022-01-24,164988,Boston University,7,0
2022-01-24,166027,Harvard University,7,0
2022-01-24,166683,Massachusetts Institute of Technology,0,0
2022-01-24,167358,Northeastern University,7,0
2022-01-24,168148,Tufts University,7,0
2022-01-31,164924,Boston College,7,0
2022-01-31,164988,Boston University,7,0
2022-01-31,166027,Harvard University,7,0
2022-01-31,166683,Massachusetts Institute of Technology,7,0
2022-01-31,167358,Northeastern University,7,0
2022-01-31,168148,Tufts University,7,0
2022-02-07,164924,Boston College,7,0
2022-02-07,164988,Boston University,7,0
2022-02-07,166027,Harvard University,7,0
2022-02-07,166683,Massachusetts Institute of Technology,7,0
2022-02-07,167358,Northeastern University,7,0
2022-02-07,168148,Tufts University,7,0
2022-02-14,164924,Boston College,7,0
2022-02-14,164988,Boston University,7,0
2022-02-14,166027,Harvard University,7,0
2022-02-14,166683,Massachusetts Institute of Technology,7,0
2022-02-14,167358,Northeastern University,7,0
2022-02-14,168148,Tufts University,7,0
2022-02-21,164924,Boston College,7,0
2022-02-21,164988,Boston University,7,0
2022-02-21,166027,Harvard University,7,0
2022-02-21,166683,Massachusetts Institute of Technology,7,0
2022-02-21,167358,Northeastern University,7,0
2022-02-21,168148,Tufts University,7,0
2022-02-28,164924,Boston College,5,0
2022-02-28,164988,Boston University,5,0
2022-02-28,166027,Harvard University,7,0
2022-02-28,166683,Massachusetts Institute of Technology,7,0
2022-02-28,167358,Northeastern University,7,0
2022-02-28,168148,Tufts University,7,0
2022-03-07,164924,Boston College,1,0
2022-03-07,164988,Boston University,0,0
2022-03-07,166027,Harvard University,5,0
2022-03-07,166683,Massachusetts Institute of Technology,7,0
2022-03-07,167358,Northeastern University,5,0
2022-03-07,168148,Tufts University,7,0
2022-03-14,164924,Boston College,7,0
2022-03-14,164988,Boston University,7,0
2022-03-14,166027,Harvard University,0,0
2022-03-14,166683,Massachusetts Institute of Technology,5,0
2022-03-14,167358,Northeastern University,0,0
2022-03-14,168148,Tufts University,5,0
2022-03-21,164924,Boston College,7,0
2022-03-21,164988,Boston University,7,0
2022-03-21,166027,Harvard University,7,0
2022-03-21,166683,Massachusetts Institute of Technology,0,0
2022-03-21,167358,Northeastern University,7,0
2022-03-21,168148,Tufts University,0,0
2022-03-28,164924,Boston College,7,0
2022-03-28,164988,Boston University,7,0
2022-03-28,166027,Harvard University,7,0
2022-03-28,166683,Massachusetts Institute of Technology,7,0
2022-03-28,167358,Northeastern University,7,0
2022-03-28,168148,Tufts University,7,0
2022-04-04,164924,Boston College,7,0
2022-04-04,164988,Boston University,7,0
2022-04-04,166027,Harvard University,7,0
2022-04-04,166683,Massachusetts Institute of Technology,7,0
2022-04-04,167358,Northeastern University,7,0
2022-04-04,168148,Tufts University,7,0
2022-04-11,164924,Boston College,7,0
2022-04-11,164988,Boston University,7,0
2022-04-11,166027,Harvard University,7,0
2022-04-11,166683,Massachusetts Institute of Technology,7,0
2022-04-11,167358,Northeastern University,7,0
2022-04-11,168148,Tufts University,7,0
2022-04-18,164924,Boston College,7,0
2022-04-18,164988,Boston University,7,0
2022-04-18,166027,Harvard University,7,0
2022-04-18,166683,Massachusetts Institute of Technology,7,0
2022-04-18,167358,Northeastern University,7,0
2022-04-18,168148,Tufts University,7,0
2022-04-25,164924,Boston College,7,0
2022-04-25,164988,Boston University,7,0
2022-04-25,166027,Harvard University,7,0
2022-04-25,166683,Massachusetts Institute of Technology,7,0
2022-04-25,167358,Northeastern University,7,0
2022-04-25,168148,Tufts University,7,0
2022-05-02,164924,Boston College,7,0
2022-05-02,164988,Boston University,7,0
2022-05-02,166027,Harvard University,7,0
2022-05-02,166683,Massachusetts Institute of Technology,7,0
2022-05-02,167358,Northeastern University,5,2
2022-05-02,168148,Tufts University,7,0
2022-05-09,164924,Boston College,7,0
2022-05-09,164988,Boston University,5,2
2022-05-09,166027,Harvard University,6,1
2022-05-09,166683,Massachusetts Institute of Technology,7,0
2022-05-09,167358,Northeastern University,0,7
2022-05-09,168148,Tufts University,5,2
2022-05-16,164924,Boston College,2,5
2022-05-16,164988,Boston University,0,7
2022-05-16,166027,Harvard University,0,7
2022-05-16,166683,Massachusetts Institute of Technology,3,4
2022-05-16,167358,Northeastern University,0,7
2022-05-16,168148,Tufts University,0,7
2022-05-23,164924,Boston College,0,7
2022-05-23,164988,Boston University,0,7
2022-05-23,166027,Harvard University,0,7
2022-05-23,166683,Massachusetts Institute of Technology,0,7
2022-05-23,167358,Northeastern University,0,7
2022-05-23,168148,Tufts University,0,7
2022-05-30,164924,Boston College,0,7
2022-05-30,164988,Boston University,0,7
2022-05-30,166027,Harvard University,0,7
2022-05-30,166683,Massachusetts Institute of Technology,0,7
2022-05-30,167358,Northeastern University,0,7
2022-05-30,168148,Tufts University,0,7
2022-06-06,164924,Boston College,0,7
2022-06-06,164988,Boston University,0,7
2022-06-06,166027,Harvard University,0,7
2022-06-06,166683,Massachusetts Institute of Technology,0,7
2022-06-06,167358,Northeastern University,0,7
2022-06-06,168148,Tufts University,0,7
2022-06-13,164924,Boston College,0,7
2022-06-13,164988,Boston University,0,7
2022-06-13,166027,Harvard University,0,7
2022-06-13,166683,Massachusetts Institute of Technology,0,7
2022-06-13,167358,Northeastern University,0,7
2022-06-13,168148,Tufts University,0,7
2022-06-20,164924,Boston College,0,7
2022-06-20,164988,Boston University,0,7
2022-06-20,166027,Harvard University,0,7
2022-06-20,166683,Massachusetts Institute of Technology,0,7
2022-06-20,167358,Northeastern University,0,7
2022-06-20,168148,Tufts University,0,7
2022-06-27,164924,Boston College,0,7
2022-06-27,164988,Boston University,0,7
2022-06-27,166027,Harvard University,0,7
2022-06-27,166683,Massachusetts Institute of Technology,0,7
2022-06-27,167358,Northeastern University,0,7
2022-06-27,168148,Tufts University,0,7
2022-07-04,164924,Boston College,0,7
2022-07-04,164988,Boston University,0,7
2022-07-04,166027,Harvard University,0,7
2022-07-04,166683,Massachusetts Institute of Technology,0,7
2022-07-04,167358,Northeastern University,0,7
2022-07-04,168148,Tufts University,0,7
2022-07-11,164924,Boston College,0,7
2022-07-11,164988,Boston University,0,7
2022-07-11,166027,Harvard University,0,7
2022-07-11,166683,Massachusetts Institute of Technology,0,7
2022-07-11,167358,Northeastern University,0,7
2022-07-11,168148,Tufts University,0,7
2022-07-18,164924,Boston College,0,7
2022-07-18,164988,Boston University,0,7
2022-07-18,166027,Harvard University,0,7
2022-07-18,166683,Massachusetts Institute of Technology,0,7
2022-07-18,167358,Northeastern University,0,7
2022-07-18,168148,Tufts University,0,7
2022-07-25,164924,Boston College,0,7
2022-07-25,164988,Boston University,0,7
2022-07-25,166027,Harvard University,0,7
2022-07-25,166683,Massachusetts Institute of Technology,0,7
2022-07-25,167358,Northeastern University,0,7
2022-07-25,168148,Tufts University,0,7
2022-08-01,164924,Boston College,0,7
2022-08-01,164988,Boston University,0,7
2022-08-01,166027,Harvard University,0,7
2022-08-01,166683,Massachusetts Institute of Technology,0,7
2022-08-01,167358,Northeastern University,0,7
2022-08-01,168148,Tufts University,0,7
2022-08-08,164924,Boston College,0,7
2022-08-08,164988,Boston University,0,7
2022-08-08,166027,Harvard University,0,7
2022-08-08,166683,Massachusetts Institute of Technology,0,7
2022-08-08,167358,Northeastern University,0,7
2022-08-08,168148,Tufts University,0,7
2022-08-15,164924,Boston College,0,7
2022-08-15,164988,Boston University,0,7
2022-08-15,166027,Harvard University,0,7
2022-08-15,166683,Massachusetts Institute of Technology,0,7
2022-08-15,167358,Northeastern University,0,7
2022-08-15,168148,Tufts University,0,7
2022-08-22,164924,Boston College,0,7
2022-08-22,164988,Boston University,0,7
2022-08-22,166027,Harvard University,0,7
2022-08-22,166683,Massachusetts Institute of Technology,0,7
2022-08-22,167358,Northeastern University,0,7
2022-08-22,168148,Tufts University,0,7
2022-08-29,164924,Boston College,7,0
2022-08-29,164988,Boston University,0,7
2022-08-29,166027,Harvard University,5,2
2022-08-29,166683,Massachusetts Institute of Technology,0,7
2022-08-29,167358,Northeastern University,0,7
2022-08-29,168148,Tufts University,0,7
2022-09-05,164924,Boston College,7,0
2022-09-05,164988,Boston University,6,1
2022-09-05,166027,Harvard University,7,0
2022-09-05,166683,Massachusetts Institute of Technology,5,2
2022-09-05,167358,Northeastern University,5,2
2022-09-05,168148,Tufts University,6,1
2022-09-12,164924,Boston College,7,0
2022-09-12,164988,Boston University,7,0
2022-09-12,166027,Harvard University,7,0
2022-09-12,166683,Massachusetts Institute of Technology,7,0
2022-09-12,167358,Northeastern University,7,0
2022-09-12,168148,Tufts University,7,0
2022-09-19,164924,Boston College,7,0
2022-09-19,164988,Boston University,7,0
2022-09-19,166027,Harvard University,7,0
2022-09-19,166683,Massachusetts Institute of Technology,7,0
2022-09-19,167358,Northeastern University,7,0
2022-09-19,168148,Tufts University,7,0
2022-09-26,164924,Boston College,7,0
2022-09-26,164988,Boston University,7,0
2022-09-26,166027,Harvard University,7,0
2022-09-26,166683,Massachusetts Institute of Technology,7,0
2022-09-26,167358,Northeastern University,7,0
2022-09-26,168148,Tufts University,7,0
2022-10-03,164924,Boston College,7,0
2022-10-03,164988,Boston University,7,0
2022-10-03,166027,Harvard University,7,0
2022-10-03,166683,Massachusetts Institute of Technology,7,0
2022-10-03,167358,Northeastern University,7,0
2022-10-03,168148,Tufts University,7,0
2022-10-10,164924,Boston College,7,0
2022-10-10,164988,Boston University,7,0
2022-10-10,166027,Harvard University,7,0
2022-10-10,166683,Massachusetts Institute of Technology,7,0
2022-10-10,167358,Northeastern University,7,0
2022-10-10,168148,Tufts University,7,0
2022-10-17,164924,Boston College,7,0
2022-10-17,164988,Boston University,7,0
2022-10-17,166027,Harvard University,7,0
2022-10-17,166683,Massachusetts Institute of Technology,7,0
2022-10-17,167358,Northeastern University,7,0
2022-10-17,168148,Tufts University,7,0
2022-10-24,164924,Boston College,7,0
2022-10-24,164988,Boston University,7,0
2022-10-24,166027,Harvard University,7,0
2022-10-24,166683,Massachusetts Institute of Technology,7,0
2022-10-24,167358,Northeastern University,7,0
2022-10-24,168148,Tufts University,7,0
2022-10-31,164924,Boston College,7,0
2022-10-31,164988,Boston University,7,0
2022-10-31,166027,Harvard University,7,0
2022-10-31,166683,Massachusetts Institute of Technology,7,0
2022-10-31,167358,Northeastern University,7,0
2022-10-31,168148,Tufts University,7,0
2022-11-07,164924,Boston College,7,0
2022-11-07,164988,Boston University,7,0
2022-11-07,166027,Harvard University,7,0
2022-11-07,166683,Massachusetts Institute of Technology,7,0
2022-11-07,167358,Northeastern University,7,0
2022-11-07,168148,Tufts University,7,0
2022-11-14,164924,Boston College,7,0
2022-11-14,164988,Boston University,7,0
2022-11-14,166027,Harvard University,7,0
2022-11-14,166683,Massachusetts Institute of Technology,7,0
2022-11-14,167358,Northeastern University,7,0
2022-11-14,168148,Tufts University,7,0
2022-11-21,164924,Boston College,2,0
2022-11-21,164988,Boston University,2,0
2022-11-21,166027,Harvard University,2,0
2022-11-21,166683,Massachusetts Institute of Technology,2,0
2022-11-21,167358,Northeastern University,2,0
2022-11-21,168148,Tufts University,2,0
2022-11-28,164924,Boston College,7,0
2022-11-28,164988,Boston University,7,0
2022-11-28,166027,Harvard University,7,0
2022-11-28,166683,Massachusetts Institute of Technology,7,0
2022-11-28,167358,Northeastern University,7,0
2022-11-28,168148,Tufts University,7,0
2022-12-05,164924,Boston College,7,0
2022-12-05,164988,Boston University,7,0
2022-12-05,166027,Harvard University,7,0
2022-12-05,166683,Massachusetts Institute of Technology,7,0
2022-12-05,167358,Northeastern University,7,0
2022-12-05,168148,Tufts University,7,0
2022-12-12,164924,Boston College,7,0
2022-12-12,164988,Boston University,7,0
2022-12-12,166027,Harvard University,6,0
2022-12-12,166683,Massachusetts Institute of Technology,7,0
2022-12-12,167358,Northeastern University,5,0
2022-12-12,168148,Tufts University,7,0
2022-12-19,164924,Boston College,3,0
2022-12-19,164988,Boston University,3,0
2022-12-19,166027,Harvard University,0,0
2022-12-19,166683,Massachusetts Institute of Technology,4,0
2022-12-19,167358,Northeastern University,0,0
2022-12-19,168148,Tufts University,4,0
2022-12-26,164924,Boston College,0,0
2022-12-26,164988,Boston University,0,0
2022-12-26,166027,Harvard University,0,0
2022-12-26,166683,Massachusetts Institute of Technology,0,0
2022-12-26,167358,Northeastern University,0,0
2022-12-26,168148,Tufts University,0,0
2023-01-02,164924,Boston College,0,0
2023-01-02,164988,Boston University,0,0
2023-01-02,166027,Harvard University,0,0
2023-01-02,166683,Massachusetts Institute of Technology,0,0
2023-01-02,167358,Northeastern University,0,0
2023-01-02,168148,Tufts University,0,0
2023-01-09,164924,Boston College,0,0
2023-01-09,164988,Boston University,0,0
2023-01-09,166027,Harvard University,0,0
2023-01-09,166683,Massachusetts Institute of Technology,0,0
2023-01-09,167358,Northeastern University,7,0
2023-01-09,168148,Tufts University,0,0
2023-01-16,164924,Boston College,6,0
2023-01-16,164988,Boston University,4,0
2023-01-16,166027,Harvard University,0,0
2023-01-16,166683,Massachusetts Institute of Technology,0,0
2023-01-16,167358,Northeastern University,7,0
2023-01-16,168148,Tufts University,5,0
2023-01-23,164924,Boston College,7,0
2023-01-23,164988,Boston University,7,0
2023-01-23,166027,Harvard University,7,0
2023-01-23,166683,Massachusetts Institute of Technology,0,0
2023-01-23,167358,Northeastern University,7,0
2023-01-23,168148,Tufts University,7,0
2023-01-30,164924,Boston College,7,0
2023-01-30,164988,Boston University,7,0
2023-01-30,166027,Harvard University,7,0
2023-01-30,166683,Massachusetts Institute of Technology,0,0
2023-01-30,167358,Northeastern University,7,0
2023-01-30,168148,Tufts University,7,0
2023-02-06,164924,Boston College,7,0
2023-02-06,164988,Boston University,7,0
2023-02-06,166027,Harvard University,7,0
2023-02-06,166683,Massachusetts Institute of Technology,7,0
2023-02-06,167358,Northeastern University,7,0
2023-02-06,168148,Tufts University,7,0
2023-02-13,164924,Boston College,7,0
2023-02-13,164988,Boston University,7,0
2023-02-13,166027,Harvard University,7,0
2023-02-13,166683,Massachusetts Institute of Technology,7,0
2023-02-13,167358,Northeastern University,7,0
2023-02-13,168148,Tufts University,7,0
2023-02-20,164924,Boston College,7,0
2023-02-20,164988,Boston University,7,0
2023-02-20,166027,Harvard University,7,0
2023-02-20,166683,Massachusetts Institute of Technology,7,0
2023-02-20,167358,Northeastern University,7,0
2023-02-20,168148,Tufts University,7,0
2023-02-27,164924,Boston College,5,0
2023-02-27,164988,Boston University,5,0
2023-02-27,166027,Harvard University,7,0
2023-02-27,166683,Massachusetts Institute of Technology,7,0
2023-02-27,167358,Northeastern University,5,0
2023-02-27,168148,Tufts University,7,0
2023-03-06,164924,Boston College,1,0
2023-03-06,164988,Boston University,0,0
2023-03-06,166027,Harvard University,5,0
2023-03-06,166683,Massachusetts Institute of Technology,7,0
2023-03-06,167358,Northeastern University,0,0
2023-03-06,168148,Tufts University,7,0
2023-03-13,164924,Boston College,7,0
2023-03-13,164988,Boston University,7,0
2023-03-13,166027,Harvard University,0,0
2023-03-13,166683,Massachusetts Institute of Technology,7,0
2023-03-13,167358,Northeastern University,7,0
2023-03-13,168148,Tufts University,5,0
2023-03-20,164924,Boston College,7,0
2023-03-20,164988,Boston University,7,0
2023-03-20,166027,Harvard University,7,0
2023-03-20,166683,Massachusetts Institute of Technology,5,0
2023-03-20,167358,Northeastern University,7,0
2023-03-20,168148,Tufts University,0,0
2023-03-27,164924,Boston College,7,0
2023-03-27,164988,Boston University,7,0
2023-03-27,166027,Harvard University,7,0
2023-03-27,166683,Massachusetts Institute of Technology,0,0
2023-03-27,167358,Northeastern University,7,0
2023-03-27,168148,Tufts University,7,0
2023-04-03,164924,Boston College,7,0
2023-04-03,164988,Boston University,7,0
2023-04-03,166027,Harvard University,7,0
2023-04-03,166683,Massachusetts Institute of Technology,7,0
2023-04-03,167358,Northeastern University,7,0
2023-04-03,168148,Tufts University,7,0
2023-04-10,164924,Boston College,7,0
2023-04-10,164988,Boston University,7,0
2023-04-10,166027,Harvard University,7,0
2023-04-10,166683,Massachusetts Institute of Technology,7,0
2023-04-10,167358,Northeastern University,7,0
2023-04-10,168148,Tufts University,7,0
2023-04-17,164924,Boston College,7,0
2023-04-17,164988,Boston University,7,0
2023-04-17,166027,Harvard University,7,0
2023-04-17,166683,Massachusetts Institute of Technology,7,0
2023-04-17,167358,Northeastern University,7,0
2023-04-17,168148,Tufts University,7,0
2023-04-24,164924,Boston College,7,0
2023-04-24,164988,Boston University,7,0
2023-04-24,166027,Harvard University,7,0
2023-04-24,166683,Massachusetts Institute of Technology,7,0
2023-04-24,167358,Northeastern University,5,2
2023-04-24,168148,Tufts University,7,0
2023-05-01,164924,Boston College,7,0
2023-05-01,164988,Boston University,7,0
2023-05-01,166027,Harvard University,7,0
2023-05-01,166683,Massachusetts Institute of Technology,7,0
2023-05-01,167358,Northeastern University,0,7
2023-05-01,168148,Tufts University,7,0
2023-05-08,164924,Boston College,7,0
2023-05-08,164988,Boston University,5,2
2023-05-08,166027,Harvard University,6,1
2023-05-08,166683,Massachusetts Institute of Technology,7,0
2023-05-08,167358,Northeastern University,0,7
2023-05-08,168148,Tufts University,5,2
2023-05-15,164924,Boston College,2,5
2023-05-15,164988,Boston University,0,7
2023-05-15,166027,Harvard University,0,7
2023-05-15,166683,Massachusetts Institute of Technology,7,0
2023-05-15,167358,Northeastern University,0,7
2023-05-15,168148,Tufts University,0,7
2023-05-22,164924,Boston College,0,7
2023-05-22,164988,Boston University,0,7
2023-05-22,166027,Harvard University,0,7
2023-05-22,166683,Massachusetts Institute of Technology,3,4
2023-05-22,167358,Northeastern University,0,7
2023-05-22,168148,Tufts University,0,7
2023-05-29,164924,Boston College,0,7
2023-05-29,164988,Boston University,0,7
2023-05-29,166027,Harvard University,0,7
2023-05-29,166683,Massachusetts Institute of Technology,0,7
2023-05-29,167358,Northeastern University,0,7
2023-05-29,168148,Tufts University,0,7
2023-06-05,164924,Boston College,0,7
2023-06-05,164988,Boston University,0,7
2023-06-05,166027,Harvard University,0,7
2023-06-05,166683,Massachusetts Institute of Technology,0,7
2023-06-05,167358,Northeastern University,0,7
2023-06-05,168148,Tufts University,0,7
2023-06-12,164924,Boston College,0,7
2023-06-12,164988,Boston University,0,7
2023-06-12,166027,Harvard University,0,7
2023-06-12,166683,Massachusetts Institute of Technology,0,7
2023-06-12,167358,Northeastern University,0,7
2023-06-12,168148,Tufts University,0,7
2023-06-19,164924,Boston College,0,7
2023-06-19,164988,Boston University,0,7
2023-06-19,166027,Harvard University,0,7
2023-06-19,166683,Massachusetts Institute of Technology,0,7
2023-06-19,167358,Northeastern University,0,7
2023-06-19,168148,Tufts University,0,7
2023-06-26,164924,Boston College,0,7
2023-06-26,164988,Boston University,0,7
2023-06-26,166027,Harvard University,0,7
2023-06-26,166683,Massachusetts Institute of Technology,0,7
2023-06-26,167358,Northeastern University,0,7
2023-06-26,168148,Tufts University,0,7
2023-07-03,164924,Boston College,0,7
2023-07-03,164988,Boston University,0,7
2023-07-03,166027,Harvard University,0,7
2023-07-03,166683,Massachusetts Institute of Technology,0,7
2023-07-03,167358,Northeastern University,0,7
2023-07-03,168148,Tufts University,0,7
2023-07-10,164924,Boston College,0,7
2023-07-10,164988,Boston University,0,7
2023-07-10,166027,Harvard University,0,7
2023-07-10,166683,Massachusetts Institute of Technology,0,7
2023-07-10,167358,Northeastern University,0,7
2023-07-10,168148,Tufts University,0,7
2023-07-17,164924,Boston College,0,7
2023-07-17,164988,Boston University,0,7
2023-07-17,166027,Harvard University,0,7
2023-07-17,166683,Massachusetts Institute of Technology,0,7
2023-07-17,167358,Northeastern University,0,7
2023-07-17,168148,Tufts University,0,7
2023-07-24,164924,Boston College,0,7
2023-07-24,164988,Boston University,0,7
2023-07-24,166027,Harvard University,0,7
2023-07-24,166683,Massachusetts Institute of Technology,0,7
2023-07-24,167358,Northeastern University,0,7
2023-07-24,168148,Tufts University,0,7
2023-07-31,164924,Boston College,0,7
2023-07-31,164988,Boston University,0,7
2023-07-31,166027,Harvard University,0,7
2023-07-31,166683,Massachusetts Institute of Technology,0,7
2023-07-31,167358,Northeastern University,0,7
2023-07-31,168148,Tufts University,0,7
2023-08-07,164924,Boston College,0,7
2023-08-07,164988,Boston University,0,7
2023-08-07,166027,Harvard University,0,7
2023-08-07,166683,Massachusetts Institute of Technology,0,7
2023-08-07,167358,Northeastern University,0,7
2023-08-07,168148,Tufts University,0,7
2023-08-14,164924,Boston College,0,7
2023-08-14,164988,Boston University,0,7
2023-08-14,166027,Harvard University,0,7
2023-08-14,166683,Massachusetts Institute of Technology,0,7
2023-08-14,167358,Northeastern University,0,7
2023-08-14,168148,Tufts University,0,7
2023-08-21,164924,Boston College,0,7
2023-08-21,164988,Boston University,0,7
2023-08-21,166027,Harvard University,0,7
2023-08-21,166683,Massachusetts Institute of Technology,0,7
2023-08-21,167358,Northeastern University,0,7
2023-08-21,168148,Tufts University,0,7
2023-08-28,164924,Boston College,7,0
2023-08-28,164988,Boston University,0,7
2023-08-28,166027,Harvard University,0,7
2023-08-28,166683,Massachusetts Institute of Technology,0,7
2023-08-28,167358,Northeastern University,0,7
2023-08-28,168148,Tufts University,0,7
2023-09-04,164924,Boston College,7,0
2023-09-04,164988,Boston University,6,1
2023-09-04,166027,Harvard University,6,1
2023-09-04,166683,Massachusetts Institute of Technology,5,2
2023-09-04,167358,Northeastern University,5,2
2023-09-04,168148,Tufts University,6,1
2023-09-11,164924,Boston College,7,0
2023-09-11,164988,Boston University,7,0
2023-09-11,166027,Harvard University,7,0
2023-09-11,166683,Massachusetts Institute of Technology,7,0
2023-09-11,167358,Northeastern University,7,0
2023-09-11,168148,Tufts University,7,0
2023-09-18,164924,Boston College,7,0
2023-09-18,164988,Boston University,7,0
2023-09-18,166027,Harvard University,7,0
2023-09-18,166683,Massachusetts Institute of Technology,7,0
2023-09-18,167358,Northeastern University,7,0
2023-09-18,168148,Tufts University,7,0
2023-09-25,164924,Boston College,7,0
2023-09-25,164988,Boston University,7,0
2023-09-25,166027,Harvard University,7,0
2023-09-25,166683,Massachusetts Institute of Technology,7,0
2023-09-25,167358,Northeastern University,7,0
2023-09-25,168148,Tufts University,7,0
2023-10-02,164924,Boston College,7,0
2023-10-02,164988,Boston University,7,0
2023-10-02,166027,Harvard University,7,0
2023-10-02,166683,Massachusetts Institute of Technology,7,0
2023-10-02,167358,Northeastern University,7,0
2023-10-02,168148,Tufts University,7,0
2023-10-09,164924,Boston College,7,0
2023-10-09,164988,Boston University,7,0
2023-10-09,166027,Harvard University,7,0
2023-10-09,166683,Massachusetts Institute of Technology,7,0
2023-10-09,167358,Northeastern University,7,0
2023-10-09,168148,Tufts University,7,0
2023-10-16,164924,Boston College,7,0
2023-10-16,164988,Boston University,7,0
2023-10-16,166027,Harvard University,7,0
2023-10-16,166683,Massachusetts Institute of Technology,7,0
2023-10-16,167358,Northeastern University,7,0
2023-10-16,168148,Tufts University,7,0
2023-10-23,164924,Boston College,7,0
2023-10-23,164988,Boston University,7,0
2023-10-23,166027,Harvard University,7,0
2023-10-23,166683,Massachusetts Institute of Technology,7,0
2023-10-23,167358,Northeastern University,7,0
2023-10-23,168148,Tufts University,7,0
2023-10-30,164924,Boston College,7,0
2023-10-30,164988,Boston University,7,0
2023-10-30,166027,Harvard University,7,0
2023-10-30,166683,Massachusetts Institute of Technology,7,0
2023-10-30,167358,Northeastern University,7,0
2023-10-30,168148,Tufts University,7,0
2023-11-06,164924,Boston College,7,0
2023-11-06,164988,Boston University,7,0
2023-11-06,166027,Harvard University,7,0
2023-11-06,166683,Massachusetts Institute of Technology,7,0
2023-11-06,167358,Northeastern University,7,0
2023-11-06,168148,Tufts University,7,0
2023-11-13,164924,Boston College,7,0
2023-11-13,164988,Boston University,7,0
2023-11-13,166027,Harvard University,7,0
2023-11-13,166683,Massachusetts Institute of Technology,7,0
2023-11-13,167358,Northeastern University,7,0
2023-11-13,168148,Tufts University,7,0
2023-11-20,164924,Boston College,2,0
2023-11-20,164988,Boston University,2,0
2023-11-20,166027,Harvard University,2,0
2023-11-20,166683,Massachusetts Institute of Technology,2,0
2023-11-20,167358,Northeastern University,2,0
2023-11-20,168148,Tufts University,2,0
2023-11-27,164924,Boston College,7,0
2023-11-27,164988,Boston University,7,0
2023-11-27,166027,Harvard University,7,0
2023-11-27,166683,Massachusetts Institute of Technology,7,0
2023-11-27,167358,Northeastern University,7,0
2023-11-27,168148,Tufts University,7,0
2023-12-04,164924,Boston College,7,0
2023-12-04,164988,Boston University,7,0
2023-12-04,166027,Harvard University,7,0
2023-12-04,166683,Massachusetts Institute of Technology,7,0
2023-12-04,167358,Northeastern University,7,0
2023-12-04,168148,Tufts University,7,0
2023-12-11,164924,Boston College,7,0
2023-12-11,164988,Boston University,7,0
2023-12-11,166027,Harvard University,7,0
2023-12-11,166683,Massachusetts Institute of Technology,7,0
2023-12-11,167358,Northeastern University,5,0
2023-12-11,168148,Tufts University,7,0
2023-12-18,164924,Boston College,3,0
2023-12-18,164988,Boston University,4,0
2023-12-18,166027,Harvard University,3,0
2023-12-18,166683,Massachusetts Institute of Technology,5,0
2023-12-18,167358,Northeastern University,0,0
2023-12-18,168148,Tufts University,4,0
2023-12-25,164924,Boston College,0,0
2023-12-25,164988,Boston University,0,0
2023-12-25,166027,Harvard University,0,0
2023-12-25,166683,Massachusetts Institute of Technology,0,0
2023-12-25,167358,Northeastern University,0,0
2023-12-25,168148,Tufts University,0,0
2024-01-01,164924,Boston College,0,0
2024-01-01,164988,Boston University,0,0
2024-01-01,166027,Harvard University,0,0
2024-01-01,166683,Massachusetts Institute of Technology,0,0
2024-01-01,167358,Northeastern University,0,0
2024-01-01,168148,Tufts University,0,0
2024-01-08,164924,Boston College,0,0
2024-01-08,164988,Boston University,0,0
2024-01-08,166027,Harvard University,0,0
2024-01-08,166683,Massachusetts Institute of Technology,0,0
2024-01-08,167358,Northeastern University,7,0
2024-01-08,168148,Tufts University,0,0
2024-01-15,164924,Boston College,6,0
2024-01-15,164988,Boston University,4,0
2024-01-15,166027,Harvard University,0,0
2024-01-15,166683,Massachusetts Institute of Technology,0,0
2024-01-15,167358,Northeastern University,7,0
2024-01-15,168148,Tufts University,5,0
2024-01-22,164924,Boston College,7,0
2024-01-22,164988,Boston University,7,0
2024-01-22,166027,Harvard University,7,0
2024-01-22,166683,Massachusetts Institute of Technology,0,0
2024-01-22,167358,Northeastern University,7,0
2024-01-22,168148,Tufts University,7,0
2024-01-29,164924,Boston College,7,0
2024-01-29,164988,Boston University,7,0
2024-01-29,166027,Harvard University,7,0
2024-01-29,166683,Massachusetts Institute of Technology,0,0
2024-01-29,167358,Northeastern University,7,0
2024-01-29,168148,Tufts University,7,0
2024-02-05,164924,Boston College,7,0
2024-02-05,164988,Boston University,7,0
2024-02-05,166027,Harvard University,7,0
2024-02-05,166683,Massachusetts Institute of Technology,7,0
2024-02-05,167358,Northeastern University,7,0
2024-02-05,168148,Tufts University,7,0
2024-02-12,164924,Boston College,7,0
2024-02-12,164988,Boston University,7,0
2024-02-12,166027,Harvard University,7,0
2024-02-12,166683,Massachusetts Institute of Technology,7,0
2024-02-12,167358,Northeastern University,7,0
2024-02-12,168148,Tufts University,7,0
2024-02-19,164924,Boston College,7,0
2024-02-19,164988,Boston University,7,0
2024-02-19,166027,Harvard University,7,0
2024-02-19,166683,Massachusetts Institute of Technology,7,0
2024-02-19,167358,Northeastern University,7,0
2024-02-19,168148,Tufts University,7,0
2024-02-26,164924,Boston College,5,0
2024-02-26,164988,Boston University,7,0
2024-02-26,166027,Harvard University,7,0
2024-02-26,166683,Massachusetts Institute of Technology,7,0
2024-02-26,167358,Northeastern University,5,0
2024-02-26,168148,Tufts University,7,0
2024-03-04,164924,Boston College,1,0
2024-03-04,164988,Boston University,5,0
2024-03-04,166027,Harvard University,5,0
2024-03-04,166683,Massachusetts Institute of Technology,7,0
2024-03-04,167358,Northeastern University,0,0
2024-03-04,168148,Tufts University,7,0
2024-03-11,164924,Boston College,7,0
2024-03-11,164988,Boston University,0,0
2024-03-11,166027,Harvard University,0,0
2024-03-11,166683,Massachusetts Institute of Technology,7,0
2024-03-11,167358,Northeastern University,7,0
2024-03-11,168148,Tufts University,5,0
2024-03-18,164924,Boston College,7,0
2024-03-18,164988,Boston University,7,0
2024-03-18,166027,Harvard University,7,0
2024-03-18,166683,Massachusetts Institute of Technology,5,0
2024-03-18,167358,Northeastern University,7,0
2024-03-18,168148,Tufts University,0,0
2024-03-25,164924,Boston College,7,0
2024-03-25,164988,Boston University,7,0
2024-03-25,166027,Harvard University,7,0
2024-03-25,166683,Massachusetts Institute of Technology,0,0
2024-03-25,167358,Northeastern University,7,0
2024-03-25,168148,Tufts University,7,0
2024-04-01,164924,Boston College,7,0
2024-04-01,164988,Boston University,7,0
2024-04-01,166027,Harvard University,7,0
2024-04-01,166683,Massachusetts Institute of Technology,7,0
2024-04-01,167358,Northeastern University,7,0
2024-04-01,168148,Tufts University,7,0
2024-04-08,164924,Boston College,7,0
2024-04-08,164988,Boston University,7,0
2024-04-08,166027,Harvard University,7,0
2024-04-08,166683,Massachusetts Institute of Technology,7,0
2024-04-08,167358,Northeastern University,7,0
2024-04-08,168148,Tufts University,7,0
2024-04-15,164924,Boston College,7,0
2024-04-15,164988,Boston University,7,0
2024-04-15,166027,Harvard University,7,0
2024-04-15,166683,Massachusetts Institute of Technology,7,0
2024-04-15,167358,Northeastern University,7,0
2024-04-15,168148,Tufts University,7,0
2024-04-22,164924,Boston College,7,0
2024-04-22,164988,Boston University,7,0
2024-04-22,166027,Harvard University,7,0
2024-04-22,166683,Massachusetts Institute of Technology,7,0
2024-04-22,167358,Northeastern University,5,2
2024-04-22,168148,Tufts University,7,0
2024-04-29,164924,Boston College,7,0
2024-04-29,164988,Boston University,7,0
2024-04-29,166027,Harvard University,7,0
2024-04-29,166683,Massachusetts Institute of Technology,7,0
2024-04-29,167358,Northeastern University,0,7
2024-04-29,168148,Tufts University,7,0
2024-05-06,164924,Boston College,7,0
2024-05-06,164988,Boston University,5,2
2024-05-06,166027,Harvard University,6,1
2024-05-06,166683,Massachusetts Institute of Technology,7,0
2024-05-06,167358,Northeastern University,0,7
2024-05-06,168148,Tufts University,5,2
2024-05-13,164924,Boston College,2,5
2024-05-13,164988,Boston University,0,7
2024-05-13,166027,Harvard University,0,7
2024-05-13,166683,Massachusetts Institute of Technology,7,0
2024-05-13,167358,Northeastern University,0,7
2024-05-13,168148,Tufts University,0,7
2024-05-20,164924,Boston College,0,7
2024-05-20,164988,Boston University,0,7
2024-05-20,166027,Harvard University,0,7
2024-05-20,166683,Massachusetts Institute of Technology,3,4
2024-05-20,167358,Northeastern University,0,7
2024-05-20,168148,Tufts University,0,7
2024-05-27,164924,Boston College,0,7
2024-05-27,164988,Boston University,0,7
2024-05-27,166027,Harvard University,0,7
2024-05-27,166683,Massachusetts Institute of Technology,0,7
2024-05-27,167358,Northeastern University,0,7
2024-05-27,168148,Tufts University,0,7
2024-06-03,164924,Boston College,0,7
2024-06-03,164988,Boston University,0,7
2024-06-03,166027,Harvard University,0,7
2024-06-03,166683,Massachusetts Institute of Technology,0,7
2024-06-03,167358,Northeastern University,0,7
2024-06-03,168148,Tufts University,0,7
2024-06-10,164924,Boston College,0,7
2024-06-10,164988,Boston University,0,7
2024-06-10,166027,Harvard University,0,7
2024-06-10,166683,Massachusetts Institute of Technology,0,7
2024-06-10,167358,Northeastern University,0,7
2024-06-10,168148,Tufts University,0,7
2024-06-17,164924,Boston College,0,7
2024-06-17,164988,Boston University,0,7
2024-06-17,166027,Harvard University,0,7
2024-06-17,166683,Massachusetts Institute of Technology,0,7
2024-06-17,167358,Northeastern University,0,7
2024-06-17,168148,Tufts University,0,7
2024-06-24,164924,Boston College,0,7
2024-06-24,164988,Boston University,0,7
2024-06-24,166027,Harvard University,0,7
2024-06-24,166683,Massachusetts Institute of Technology,0,7
2024-06-24,167358,Northeastern University,0,7
2024-06-24,168148,Tufts University,0,7
2024-07-01,164924,Boston College,0,7
2024-07-01,164988,Boston University,0,7
2024-07-01,166027,Harvard University,0,7
2024-07-01,166683,Massachusetts Institute of Technology,0,7
2024-07-01,167358,Northeastern University,0,7
2024-07-01,168148,Tufts University,0,7
2024-07-08,164924,Boston College,0,7
2024-07-08,164988,Boston University,0,7
2024-07-08,166027,Harvard University,0,7
2024-07-08,166683,Massachusetts Institute of Technology,0,7
2024-07-08,167358,Northeastern University,0,7
2024-07-08,168148,Tufts University,0,7
2024-07-15,164924,Boston College,0,7
2024-07-15,164988,Boston University,0,7
2024-07-15,166027,Harvard University,0,7
2024-07-15,166683,Massachusetts Institute of Technology,0,7
2024-07-15,167358,Northeastern University,0,7
2024-07-15,168148,Tufts University,0,7
2024-07-22,164924,Boston College,0,7
2024-07-22,164988,Boston University,0,7
2024-07-22,166027,Harvard University,0,7
2024-07-22,166683,Massachusetts Institute of Technology,0,7
2024-07-22,167358,Northeastern University,0,7
2024-07-22,168148,Tufts University,0,7
2024-07-29,164924,Boston College,0,7
2024-07-29,164988,Boston University,0,7
2024-07-29,166027,Harvard University,0,7
2024-07-29,166683,Massachusetts Institute of Technology,0,7
2024-07-29,167358,Northeastern University,0,7
2024-07-29,168148,Tufts University,0,7
2024-08-05,164924,Boston College,0,7
2024-08-05,164988,Boston University,0,7
2024-08-05,166027,Harvard University,0,7
2024-08-05,166683,Massachusetts Institute of Technology,0,7
2024-08-05,167358,Northeastern University,0,7
2024-08-05,168148,Tufts University,0,7
2024-08-12,164924,Boston College,0,7
2024-08-12,164988,Boston University,0,7
2024-08-12,166027,Harvard University,0,7
2024-08-12,166683,Massachusetts Institute of Technology,0,7
2024-08-12,167358,Northeastern University,0,7
2024-08-12,168148,Tufts University,0,7
2024-08-19,164924,Boston College,0,7
2024-08-19,164988,Boston University,0,7
2024-08-19,166027,Harvard University,0,7
2024-08-19,166683,Massachusetts Institute of Technology,0,7
2024-08-19,167358,Northeastern University,0,7
2024-08-19,168148,Tufts University,0,7
2024-08-26,164924,Boston College,7,0
2024-08-26,164988,Boston University,0,7
2024-08-26,166027,Harvard University,0,7
2024-08-26,166683,Massachusetts Institute of Technology,0,7
2024-08-26,167358,Northeastern University,0,7
2024-08-26,168148,Tufts University,0,7
2024-09-02,164924,Boston College,7,0
2024-09-02,164988,Boston University,6,1
2024-09-02,166027,Harvard University,6,1
2024-09-02,166683,Massachusetts Institute of Technology,5,2
2024-09-02,167358,Northeastern University,5,2
2024-09-02,168148,Tufts University,6,1
2024-09-09,164924,Boston College,7,0
2024-09-09,164988,Boston University,7,0
2024-09-09,166027,Harvard University,7,0
2024-09-09,166683,Massachusetts Institute of Technology,7,0
2024-09-09,167358,Northeastern University,7,0
2024-09-09,168148,Tufts University,7,0
2024-09-16,164924,Boston College,7,0
2024-09-16,164988,Boston University,7,0
2024-09-16,166027,Harvard University,7,0
2024-09-16,166683,Massachusetts Institute of Technology,7,0
2024-09-16,167358,Northeastern University,7,0
2024-09-16,168148,Tufts University,7,0
2024-09-23,164924,Boston College,7,0
2024-09-23,164988,Boston University,7,0
2024-09-23,166027,Harvard University,7,0
2024-09-23,166683,Massachusetts Institute of Technology,7,0
2024-09-23,167358,Northeastern University,7,0
2024-09-23,168148,Tufts University,7,0
2024-09-30,164924,Boston College,7,0
2024-09-30,164988,Boston University,7,0
2024-09-30,166027,Harvard University,7,0
2024-09-30,166683,Massachusetts Institute of Technology,7,0
2024-09-30,167358,Northeastern University,7,0
2024-09-30,168148,Tufts University,7,0
2024-10-07,164924,Boston College,7,0
2024-10-07,164988,Boston University,7,0
2024-10-07,166027,Harvard University,7,0
2024-10-07,166683,Massachusetts Institute of Technology,7,0
2024-10-07,167358,Northeastern University,7,0
2024-10-07,168148,Tufts University,7,0
2024-10-14,164924,Boston College,7,0
2024-10-14,164988,Boston University,7,0
2024-10-14,166027,Harvard University,7,0
2024-10-14,166683,Massachusetts Institute of Technology,7,0
2024-10-14,167358,Northeastern University,7,0
2024-10-14,168148,Tufts University,7,0
2024-10-21,164924,Boston College,7,0
2024-10-21,164988,Boston University,7,0
2024-10-21,166027,Harvard University,7,0
2024-10-21,166683,Massachusetts Institute of Technology,7,0
2024-10-21,167358,Northeastern University,7,0
2024-10-21,168148,Tufts University,7,0
2024-10-28,164924,Boston College,7,0
2024-10-28,164988,Boston University,7,0
2024-10-28,166027,Harvard University,7,0
2024-10-28,166683,Massachusetts Institute of Technology,7,0
2024-10-28,167358,Northeastern University,7,0
2024-10-28,168148,Tufts University,7,0
2024-11-04,164924,Boston College,7,0
2024-11-04,164988,Boston University,7,0
2024-11-04,166027,Harvard University,7,0
2024-11-04,166683,Massachusetts Institute of Technology,7,0
2024-11-04,167358,Northeastern University,7,0
2024-11-04,168148,Tufts University,7,0
2024-11-11,164924,Boston College,7,0
2024-11-11,164988,Boston University,7,0
2024-11-11,166027,Harvard University,7,0
2024-11-11,166683,Massachusetts Institute of Technology,7,0
2024-11-11,167358,Northeastern University,7,0
2024-11-11,168148,Tufts University,7,0
2024-11-18,164924,Boston College,7,0
2024-11-18,164988,Boston University,7,0
2024-11-18,166027,Harvard University,7,0
2024-11-18,166683,Massachusetts Institute of Technology,7,0
2024-11-18,167358,Northeastern University,7,0
2024-11-18,168148,Tufts University,7,0
2024-11-25,164924,Boston College,2,0
2024-11-25,164988,Boston University,2,0
2024-11-25,166027,Harvard University,2,0
2024-11-25,166683,Massachusetts Institute of Technology,2,0
2024-11-25,167358,Northeastern University,2,0
2024-11-25,168148,Tufts University,2,0
2024-12-02,164924,Boston College,7,0
2024-12-02,164988,Boston University,7,0
2024-12-02,166027,Harvard University,7,0
2024-12-02,166683,Massachusetts Institute of Technology,7,0
2024-12-02,167358,Northeastern University,7,0
2024-12-02,168148,Tufts University,7,0
2024-12-09,164924,Boston College,7,0
2024-12-09,164988,Boston University,7,0
2024-12-09,166027,Harvard University,7,0
2024-12-09,166683,Massachusetts Institute of Technology,7,0
2024-12-09,167358,Northeastern University,5,0
2024-12-09,168148,Tufts University,7,0
2024-12-16,164924,Boston College,4,0
2024-12-16,164988,Boston University,5,0
2024-12-16,166027,Harvard University,5,0
2024-12-16,166683,Massachusetts Institute of Technology,5,0
2024-12-16,167358,Northeastern University,0,0
2024-12-16,168148,Tufts University,5,0
2024-12-23,164924,Boston College,0,0
2024-12-23,164988,Boston University,0,0
2024-12-23,166027,Harvard University,0,0
2024-12-23,166683,Massachusetts Institute of Technology,0,0
2024-12-23,167358,Northeastern University,0,0
2024-12-23,168148,Tufts University,0,0
2024-12-30,164924,Boston College,0,0
2024-12-30,164988,Boston University,0,0
2024-12-30,166027,Harvard University,0,0
2024-12-30,166683,Massachusetts Institute of Technology,0,0
2024-12-30,167358,Northeastern University,0,0
2024-12-30,168148,Tufts University,0,0
2025-01-06,164924,Boston College,0,0
2025-01-06,164988,Boston University,0,0
2025-01-06,166027,Harvard University,0,0
2025-01-06,166683,Massachusetts Institute of Technology,0,0
2025-01-06,167358,Northeastern University,7,0
2025-01-06,168148,Tufts University,0,0
2025-01-13,164924,Boston College,7,0
2025-01-13,164988,Boston University,0,0
2025-01-13,166027,Harvard University,0,0
2025-01-13,166683,Massachusetts Institute of Technology,0,0
2025-01-13,167358,Northeastern University,7,0
2025-01-13,168148,Tufts University,5,0
2025-01-20,164924,Boston College,7,0
2025-01-20,164988,Boston University,6,0
2025-01-20,166027,Harvard University,0,0
2025-01-20,166683,Massachusetts Institute of Technology,0,0
2025-01-20,167358,Northeastern University,7,0
2025-01-20,168148,Tufts University,7,0
2025-01-27,164924,Boston College,7,0
2025-01-27,164988,Boston University,7,0
2025-01-27,166027,Harvard University,7,0
2025-01-27,166683,Massachusetts Institute of Technology,0,0
2025-01-27,167358,Northeastern University,7,0
2025-01-27,168148,Tufts University,7,0
2025-02-03,164924,Boston College,7,0
2025-02-03,164988,Boston University,7,0
2025-02-03,166027,Harvard University,7,0
2025-02-03,166683,Massachusetts Institute of Technology,7,0
2025-02-03,167358,Northeastern University,7,0
2025-02-03,168148,Tufts University,7,0
2025-02-10,164924,Boston College,7,0
2025-02-10,164988,Boston University,7,0
2025-02-10,166027,Harvard University,7,0
2025-02-10,166683,Massachusetts Institute of Technology,7,0
2025-02-10,167358,Northeastern University,7,0
2025-02-10,168148,Tufts University,7,0
2025-02-17,164924,Boston College,7,0
2025-02-17,164988,Boston University,7,0
2025-02-17,166027,Harvard University,7,0
2025-02-17,166683,Massachusetts Institute of Technology,7,0
2025-02-17,167358,Northeastern University,7,0
2025-02-17,168148,Tufts University,7,0
2025-02-24,164924,Boston College,5,0
2025-02-24,164988,Boston University,7,0
2025-02-24,166027,Harvard University,7,0
2025-02-24,166683,Massachusetts Institute of Technology,7,0
2025-02-24,167358,Northeastern University,5,0
2025-02-24,168148,Tufts University,7,0
2025-03-03,164924,Boston College,1,0
2025-03-03,164988,Boston University,5,0
2025-03-03,166027,Harvard University,7,0
2025-03-03,166683,Massachusetts Institute of Technology,7,0
2025-03-03,167358,Northeastern University,0,0
2025-03-03,168148,Tufts University,7,0
2025-03-10,164924,Boston College,7,0
2025-03-10,164988,Boston University,0,0
2025-03-10,166027,Harvard University,5,0
2025-03-10,166683,Massachusetts Institute of Technology,7,0
2025-03-10,167358,Northeastern University,7,0
2025-03-10,168148,Tufts University,5,0
2025-03-17,164924,Boston College,7,0
2025-03-17,164988,Boston University,7,0
2025-03-17,166027,Harvard University,0,0
2025-03-17,166683,Massachusetts Institute of Technology,5,0
2025-03-17,167358,Northeastern University,7,0
2025-03-17,168148,Tufts University,0,0
2025-03-24,164924,Boston College,7,0
2025-03-24,164988,Boston University,7,0
2025-03-24,166027,Harvard University,7,0
2025-03-24,166683,Massachusetts Institute of Technology,0,0
2025-03-24,167358,Northeastern University,7,0
2025-03-24,168148,Tufts University,7,0
2025-03-31,164924,Boston College,7,0
2025-03-31,164988,Boston University,7,0
2025-03-31,166027,Harvard University,7,0
2025-03-31,166683,Massachusetts Institute of Technology,7,0
2025-03-31,167358,Northeastern University,7,0
2025-03-31,168148,Tufts University,7,0
2025-04-07,164924,Boston College,7,0
2025-04-07,164988,Boston University,7,0
2025-04-07,166027,Harvard University,7,0
2025-04-07,166683,Massachusetts Institute of Technology,7,0
2025-04-07,167358,Northeastern University,7,0
2025-04-07,168148,Tufts University,7,0
2025-04-14,164924,Boston College,7,0
2025-04-14,164988,Boston University,7,0
2025-04-14,166027,Harvard University,7,0
2025-04-14,166683,Massachusetts Institute of Technology,7,0
2025-04-14,167358,Northeastern University,7,0
2025-04-14,168148,Tufts University,7,0
2025-04-21,164924,Boston College,7,0
2025-04-21,164988,Boston University,7,0
2025-04-21,166027,Harvard University,7,0
2025-04-21,166683,Massachusetts Institute of Technology,7,0
2025-04-21,167358,Northeastern University,5,2
2025-04-21,168148,Tufts University,7,0
2025-04-28,164924,Boston College,7,0
2025-04-28,164988,Boston University,7,0
2025-04-28,166027,Harvard University,7,0
2025-04-28,166683,Massachusetts Institute of Technology,7,0
2025-04-28,167358,Northeastern University,0,7
2025-04-28,168148,Tufts University,7,0
2025-05-05,164924,Boston College,7,0
2025-05-05,164988,Boston University,5,2
2025-05-05,166027,Harvard University,7,0
2025-05-05,166683,Massachusetts Institute of Technology,7,0
2025-05-05,167358,Northeastern University,0,7
2025-05-05,168148,Tufts University,5,2
2025-05-12,164924,Boston College,2,5
2025-05-12,164988,Boston University,0,7
2025-05-12,166027,Harvard University,6,1
2025-05-12,166683,Massachusetts Institute of Technology,7,0
2025-05-12,167358,Northeastern University,0,7
2025-05-12,168148,Tufts University,0,7
2025-05-19,164924,Boston College,0,7
2025-05-19,164988,Boston University,0,7
2025-05-19,166027,Harvard University,0,7
2025-05-19,166683,Massachusetts Institute of Technology,3,4
2025-05-19,167358,Northeastern University,0,7
2025-05-19,168148,Tufts University,0,7
2025-05-26,164924,Boston College,0,7
2025-05-26,164988,Boston University,0,7
2025-05-26,166027,Harvard University,0,7
2025-05-26,166683,Massachusetts Institute of Technology,0,7
2025-05-26,167358,Northeastern University,0,7
2025-05-26,168148,Tufts University,0,7
2025-06-02,164924,Boston College,0,7
2025-06-02,164988,Boston University,0,7
2025-06-02,166027,Harvard University,0,7
2025-06-02,166683,Massachusetts Institute of Technology,0,7
2025-06-02,167358,Northeastern University,0,7
2025-06-02,168148,Tufts University,0,7
2025-06-09,164924,Boston College,0,7
2025-06-09,164988,Boston University,0,7
2025-06-09,166027,Harvard University,0,7
2025-06-09,166683,Massachusetts Institute of Technology,0,7
2025-06-09,167358,Northeastern University,0,7
2025-06-09,168148,Tufts University,0,7
2025-06-16,164924,Boston College,0,7
2025-06-16,164988,Boston University,0,7
2025-06-16,166027,Harvard University,0,7
2025-06-16,166683,Massachusetts Institute of Technology,0,7
2025-06-16,167358,Northeastern University,0,7
2025-06-16,168148,Tufts University,0,7
2025-06-23,164924,Boston College,0,7
2025-06-23,164988,Boston University,0,7
2025-06-23,166027,Harvard University,0,7
2025-06-23,166683,Massachusetts Institute of Technology,0,7
2025-06-23,167358,Northeastern University,0,7
2025-06-23,168148,Tufts University,0,7
2025-06-30,164924,Boston College,0,7
2025-06-30,164988,Boston University,0,7
2025-06-30,166027,Harvard University,0,7
2025-06-30,166683,Massachusetts Institute of Technology,0,7
2025-06-30,167358,Northeastern University,0,7
2025-06-30,168148,Tufts University,0,7
2025-07-07,164924,Boston College,0,7
2025-07-07,164988,Boston University,0,7
2025-07-07,166027,Harvard University,0,7
2025-07-07,166683,Massachusetts Institute of Technology,0,7
2025-07-07,167358,Northeastern University,0,7
2025-07-07,168148,Tufts University,0,7
2025-07-14,164924,Boston College,0,7
2025-07-14,164988,Boston University,0,7
2025-07-14,166027,Harvard University,0,7
2025-07-14,166683,Massachusetts Institute of Technology,0,7
2025-07-14,167358,Northeastern University,0,7
2025-07-14,168148,Tufts University,0,7
2025-07-21,164924,Boston College,0,7
2025-07-21,164988,Boston University,0,7
2025-07-21,166027,Harvard University,0,7
2025-07-21,166683,Massachusetts Institute of Technology,0,7
2025-07-21,167358,Northeastern University,0,7
2025-07-21,168148,Tufts University,0,7
2025-07-28,164924,Boston College,0,7
2025-07-28,164988,Boston University,0,7
2025-07-28,166027,Harvard University,0,7
2025-07-28,166683,Massachusetts Institute of Technology,0,7
2025-07-28,167358,Northeastern University,0,7
2025-07-28,168148,Tufts University,0,7
2025-08-04,164924,Boston College,0,7
2025-08-04,164988,Boston University,0,7
2025-08-04,166027,Harvard University,0,7
2025-08-04,166683,Massachusetts Institute of Technology,0,7
2025-08-04,167358,Northeastern University,0,7
2025-08-04,168148,Tufts University,0,7
2025-08-11,164924,Boston College,0,7
2025-08-11,164988,Boston University,0,7
2025-08-11,166027,Harvard University,0,7
2025-08-11,166683,Massachusetts Institute of Technology,0,7
2025-08-11,167358,Northeastern University,0,7
2025-08-11,168148,Tufts University,0,7
2025-08-18,164924,Boston College,0,7
2025-08-18,164988,Boston University,0,7
2025-08-18,166027,Harvard University,0,7
2025-08-18,166683,Massachusetts Institute of Technology,0,7
2025-08-18,167358,Northeastern University,0,7
2025-08-18,168148,Tufts University,0,7
2025-08-25,164924,Boston College,7,0
2025-08-25,164988,Boston University,0,7
2025-08-25,166027,Harvard University,0,7
2025-08-25,166683,Massachusetts Institute of Technology,0,7
2025-08-25,167358,Northeastern University,0,7
2025-08-25,168148,Tufts University,0,7
2025-09-01,164924,Boston College,7,0
2025-09-01,164988,Boston University,6,1
2025-09-01,166027,Harvard University,6,1
2025-09-01,166683,Massachusetts Institute of Technology,5,2
2025-09-01,167358,Northeastern University,5,2
2025-09-01,168148,Tufts University,6,1
2025-09-08,164924,Boston College,7,0
2025-09-08,164988,Boston University,7,0
2025-09-08,166027,Harvard University,7,0
2025-09-08,166683,Massachusetts Institute of Technology,7,0
2025-09-08,167358,Northeastern University,7,0
2025-09-08,168148,Tufts University,7,0
2025-09-15,164924,Boston College,7,0
2025-09-15,164988,Boston University,7,0
2025-09-15,166027,Harvard University,7,0
2025-09-15,166683,Massachusetts Institute of Technology,7,0
2025-09-15,167358,Northeastern University,7,0
2025-09-15,168148,Tufts University,7,0
2025-09-22,164924,Boston College,7,0
2025-09-22,164988,Boston University,7,0
2025-09-22,166027,Harvard University,7,0
2025-09-22,166683,Massachusetts Institute of Technology,7,0
2025-09-22,167358,Northeastern University,7,0
2025-09-22,168148,Tufts University,7,0
2025-09-29,164924,Boston College,7,0
2025-09-29,164988,Boston University,7,0
2025-09-29,166027,Harvard University,7,0
2025-09-29,166683,Massachusetts Institute of Technology,7,0
2025-09-29,167358,Northeastern University,7,0
2025-09-29,168148,Tufts University,7,0
2025-10-06,164924,Boston College,7,0
2025-10-06,164988,Boston University,7,0
2025-10-06,166027,Harvard University,7,0
2025-10-06,166683,Massachusetts Institute of Technology,7,0
2025-10-06,167358,Northeastern University,7,0
2025-10-06,168148,Tufts University,7,0
2025-10-13,164924,Boston College,7,0
2025-10-13,164988,Boston University,7,0
2025-10-13,166027,Harvard University,7,0
2025-10-13,166683,Massachusetts Institute of Technology,7,0
2025-10-13,167358,Northeastern University,7,0
2025-10-13,168148,Tufts University,7,0
2025-10-20,164924,Boston College,7,0
2025-10-20,164988,Boston University,7,0
2025-10-20,166027,Harvard University,7,0
2025-10-20,166683,Massachusetts Institute of Technology,7,0
2025-10-20,167358,Northeastern University,7,0
2025-10-20,168148,Tufts University,7,0
2025-10-27,164924,Boston College,7,0
2025-10-27,164988,Boston University,7,0
2025-10-27,166027,Harvard University,7,0
2025-10-27,166683,Massachusetts Institute of Technology,7,0
2025-10-27,167358,Northeastern University,7,0
2025-10-27,168148,Tufts University,7,0
2025-11-03,164924,Boston College,7,0
2025-11-03,164988,Boston University,7,0
2025-11-03,166027,Harvard University,7,0
2025-11-03,166683,Massachusetts Institute of Technology,7,0
2025-11-03,167358,Northeastern University,7,0
2025-11-03,168148,Tufts University,7,0
2025-11-10,164924,Boston College,7,0
2025-11-10,164988,Boston University,7,0
2025-11-10,166027,Harvard University,7,0
2025-11-10,166683,Massachusetts Institute of Technology,7,0
2025-11-10,167358,Northeastern University,7,0
2025-11-10,168148,Tufts University,7,0
2025-11-17,164924,Boston College,7,0
2025-11-17,164988,Boston University,7,0
2025-11-17,166027,Harvard University,7,0
2025-11-17,166683,Massachusetts Institute of Technology,7,0
2025-11-17,167358,Northeastern University,7,0
2025-11-17,168148,Tufts University,7,0
2025-11-24,164924,Boston College,2,0
2025-11-24,164988,Boston University,2,0
2025-11-24,166027,Harvard University,2,0
2025-11-24,166683,Massachusetts Institute of Technology,2,0
2025-11-24,167358,Northeastern University,2,0
2025-11-24,168148,Tufts University,2,0
2025-12-01,164924,Boston College,7,0
2025-12-01,164988,Boston University,7,0
2025-12-01,166027,Harvard University,7,0
2025-12-01,166683,Massachusetts Institute of Technology,7,0
2025-12-01,167358,Northeastern University,7,0
2025-12-01,168148,Tufts University,7,0
2025-12-08,164924,Boston College,7,0
2025-12-08,164988,Boston University,7,0
2025-12-08,166027,Harvard University,7,0
2025-12-08,166683,Massachusetts Institute of Technology,7,0
2025-12-08,167358,Northeastern University,7,0
2025-12-08,168148,Tufts University,7,0
2025-12-15,164924,Boston College,4,0
2025-12-15,164988,Boston University,5,0
2025-12-15,166027,Harvard University,5,0
2025-12-15,166683,Massachusetts Institute of Technology,5,0
2025-12-15,167358,Northeastern University,0,0
2025-12-15,168148,Tufts University,4,0
2025-12-22,164924,Boston College,0,0
2025-12-22,164988,Boston University,0,0
2025-12-22,166027,Harvard University,0,0
2025-12-22,166683,Massachusetts Institute of Technology,0,0
2025-12-22,167358,Northeastern University,0,0
2025-12-22,168148,Tufts University,0,0
2025-12-29,164924,Boston College,0,0
2025-12-29,164988,Boston University,0,0
2025-12-29,166027,Harvard University,0,0
2025-12-29,166683,Massachusetts Institute of Technology,0,0
2025-12-29,167358,Northeastern University,0,0
2025-12-29,168148,Tufts University,0,0
2026-01-05,164924,Boston College,0,0
2026-01-05,164988,Boston University,0,0
2026-01-05,166027,Harvard University,0,0
2026-01-05,166683,Massachusetts Institute of Technology,0,0
2026-01-05,167358,Northeastern University,5,0
2026-01-05,168148,Tufts University,0,0
2026-01-12,164924,Boston College,7,0
2026-01-12,164988,Boston University,0,0
2026-01-12,166027,Harvard University,0,0
2026-01-12,166683,Massachusetts Institute of Technology,0,0
2026-01-12,167358,Northeastern University,7,0
2026-01-12,168148,Tufts University,5,0
2026-01-19,164924,Boston College,7,0
2026-01-19,164988,Boston University,6,0
2026-01-19,166027,Harvard University,0,0
2026-01-19,166683,Massachusetts Institute of Technology,0,0
2026-01-19,167358,Northeastern University,7,0
2026-01-19,168148,Tufts University,7,0
2026-01-26,164924,Boston College,7,0
2026-01-26,164988,Boston University,7,0
2026-01-26,166027,Harvard University,7,0
2026-01-26,166683,Massachusetts Institute of Technology,0,0
2026-01-26,167358,Northeastern University,7,0
2026-01-26,168148,Tufts University,7,0
2026-02-02,164924,Boston College,7,0
2026-02-02,164988,Boston University,7,0
2026-02-02,166027,Harvard University,7,0
2026-02-02,166683,Massachusetts Institute of Technology,7,0
2026-02-02,167358,Northeastern University,7,0
2026-02-02,168148,Tufts University,7,0
2026-02-09,164924,Boston College,7,0
2026-02-09,164988,Boston University,7,0
2026-02-09,166027,Harvard University,7,0
2026-02-09,166683,Massachusetts Institute of Technology,7,0
2026-02-09,167358,Northeastern University,7,0
2026-02-09,168148,Tufts University,7,0
2026-02-16,164924,Boston College,7,0
2026-02-16,164988,Boston University,7,0
2026-02-16,166027,Harvard University,7,0
2026-02-16,166683,Massachusetts Institute of Technology,7,0
2026-02-16,167358,Northeastern University,7,0
2026-02-16,168148,Tufts University,7,0
2026-02-23,164924,Boston College,5,0
2026-02-23,164988,Boston University,7,0
2026-02-23,166027,Harvard University,7,0
2026-02-23,166683,Massachusetts Institute of Technology,7,0
2026-02-23,167358,Northeastern University,5,0
2026-02-23,168148,Tufts University,7,0
2026-03-02,164924,Boston College,1,0
2026-03-02,164988,Boston University,5,0
2026-03-02,166027,Harvard University,7,0
2026-03-02,166683,Massachusetts Institute of Technology,7,0
2026-03-02,167358,Northeastern University,0,0
2026-03-02,168148,Tufts University,7,0
2026-03-09,164924,Boston College,7,0
2026-03-09,164988,Boston University,0,0
2026-03-09,166027,Harvard University,5,0
2026-03-09,166683,Massachusetts Institute of Technology,7,0
2026-03-09,167358,Northeastern University,7,0
2026-03-09,168148,Tufts University,5,0
2026-03-16,164924,Boston College,7,0
2026-03-16,164988,Boston University,7,0
2026-03-16,166027,Harvard University,0,0
2026-03-16,166683,Massachusetts Institute of Technology,5,0
2026-03-16,167358,Northeastern University,7,0
2026-03-16,168148,Tufts University,0,0
2026-03-23,164924,Boston College,7,0
2026-03-23,164988,Boston University,7,0
2026-03-23,166027,Harvard University,7,0
2026-03-23,166683,Massachusetts Institute of Technology,0,0
2026-03-23,167358,Northeastern University,7,0
2026-03-23,168148,Tufts University,7,0
2026-03-30,164924,Boston College,7,0
2026-03-30,164988,Boston University,7,0
2026-03-30,166027,Harvard University,7,0
2026-03-30,166683,Massachusetts Institute of Technology,7,0
2026-03-30,167358,Northeastern University,7,0
2026-03-30,168148,Tufts University,7,0
2026-04-06,164924,Boston College,7,0
2026-04-06,164988,Boston University,7,0
2026-04-06,166027,Harvard University,7,0
2026-04-06,166683,Massachusetts Institute of Technology,7,0
2026-04-06,167358,Northeastern University,7,0
2026-04-06,168148,Tufts University,7,0
2026-04-13,164924,Boston College,7,0
2026-04-13,164988,Boston University,7,0
2026-04-13,166027,Harvard University,7,0
2026-04-13,166683,Massachusetts Institute of Technology,7,0
2026-04-13,167358,Northeastern University,7,0
2026-04-13,168148,Tufts University,7,0
2026-04-20,164924,Boston College,7,0
2026-04-20,164988,Boston University,7,0
2026-04-20,166027,Harvard University,7,0
2026-04-20,166683,Massachusetts Institute of Technology,7,0
2026-04-20,167358,Northeastern University,7,0
2026-04-20,168148,Tufts University,7,0
2026-04-27,164924,Boston College,7,0
2026-04-27,164988,Boston University,7,0
2026-04-27,166027,Harvard University,7,0
2026-04-27,166683,Massachusetts Institute of Technology,7,0
2026-04-27,167358,Northeastern University,0,7
2026-04-27,168148,Tufts University,7,0
2026-05-04,164924,Boston College,7,0
2026-05-04,164988,Boston University,5,2
2026-05-04,166027,Harvard University,7,0
2026-05-04,166683,Massachusetts Institute of Technology,7,0
2026-05-04,167358,Northeastern University,0,7
2026-05-04,168148,Tufts University,5,2
2026-05-11,164924,Boston College,2,5
2026-05-11,164988,Boston University,0,7
2026-05-11,166027,Harvard University,6,1
2026-05-11,166683,Massachusetts Institute of Technology,7,0
2026-05-11,167358,Northeastern University,0,7
2026-05-11,168148,Tufts University,0,7
2026-05-18,164924,Boston College,0,7
2026-05-18,164988,Boston University,0,7
2026-05-18,166027,Harvard University,0,7
2026-05-18,166683,Massachusetts Institute of Technology,5,2
2026-05-18,167358,Northeastern University,0,7
2026-05-18,168148,Tufts University,0,7
2026-05-25,164924,Boston College,0,7
2026-05-25,164988,Boston University,0,7
2026-05-25,166027,Harvard University,0,7
2026-05-25,166683,Massachusetts Institute of Technology,0,7
2026-05-25,167358,Northeastern University,0,7
2026-05-25,168148,Tufts University,0,7
2026-06-01,164924,Boston College,0,7
2026-06-01,164988,Boston University,0,7
2026-06-01,166027,Harvard University,0,7
2026-06-01,166683,Massachusetts Institute of Technology,0,7
2026-06-01,167358,Northeastern University,0,7
2026-06-01,168148,Tufts University,0,7
2026-06-08,164924,Boston College,0,7
2026-06-08,164988,Boston University,0,7
2026-06-08,166027,Harvard University,0,7
2026-06-08,166683,Massachusetts Institute of Technology,0,7
2026-06-08,167358,Northeastern University,0,7
2026-06-08,168148,Tufts University,0,7
2026-06-15,164924,Boston College,0,7
2026-06-15,164988,Boston University,0,7
2026-06-15,166027,Harvard University,0,7
2026-06-15,166683,Massachusetts Institute of Technology,0,7
2026-06-15,167358,Northeastern University,0,7
2026-06-15,168148,Tufts University,0,7
2026-06-22,164924,Boston College,0,7
2026-06-22,164988,Boston University,0,7
2026-06-22,166027,Harvard University,0,7
2026-06-22,166683,Massachusetts Institute of Technology,0,7
2026-06-22,167358,Northeastern University,0,7
2026-06-22,168148,Tufts University,0,7
2026-06-29,164924,Boston College,0,7
2026-06-29,164988,Boston University,0,7
2026-06-29,166027,Harvard University,0,7
2026-06-29,166683,Massachusetts Institute of Technology,0,7
2026-06-29,167358,Northeastern University,0,7
2026-06-29,168148,Tufts University,0,7
2026-07-06,164924,Boston College,0,7
2026-07-06,164988,Boston University,0,7
2026-07-06,166027,Harvard University,0,7
2026-07-06,166683,Massachusetts Institute of Technology,0,7
2026-07-06,167358,Northeastern University,0,7
2026-07-06,168148,Tufts University,0,7
2026-07-13,164924,Boston College,0,7
2026-07-13,164988,Boston University,0,7
2026-07-13,166027,Harvard University,0,7
2026-07-13,166683,Massachusetts Institute of Technology,0,7
2026-07-13,167358,Northeastern University,0,7
2026-07-13,168148,Tufts University,0,7
2026-07-20,164924,Boston College,0,7
2026-07-20,164988,Boston University,0,7
2026-07-20,166027,Harvard University,0,7
2026-07-20,166683,Massachusetts Institute of Technology,0,7
2026-07-20,167358,Northeastern University,0,7
2026-07-20,168148,Tufts University,0,7
2026-07-27,164924,Boston College,0,7
2026-07-27,164988,Boston University,0,7
2026-07-27,166027,Harvard University,0,7
2026-07-27,166683,Massachusetts Institute of Technology,0,7
2026-07-27,167358,Northeastern University,0,7
2026-07-27,168148,Tufts University,0,7
2026-08-03,164924,Boston College,0,7
2026-08-03,164988,Boston University,0,7
2026-08-03,166027,Harvard University,0,7
2026-08-03,166683,Massachusetts Institute of Technology,0,7
2026-08-03,167358,Northeastern University,0,7
2026-08-03,168148,Tufts University,0,7
2026-08-10,164924,Boston College,0,7
2026-08-10,164988,Boston University,0,7
2026-08-10,166027,Harvard University,0,7
2026-08-10,166683,Massachusetts Institute of Technology,0,7
2026-08-10,167358,Northeastern University,0,7
2026-08-10,168148,Tufts University,0,7
2026-08-17,164924,Boston College,0,7
2026-08-17,164988,Boston University,0,7
2026-08-17,166027,Harvard University,0,7
2026-08-17,166683,Massachusetts Institute of Technology,0,7
2026-08-17,167358,Northeastern University,0,7
2026-08-17,168148,Tufts University,0,7
2026-08-24,164924,Boston College,0,7
2026-08-24,164988,Boston University,0,7
2026-08-24,166027,Harvard University,0,7
2026-08-24,166683,Massachusetts Institute of Technology,0,7
2026-08-24,167358,Northeastern University,0,7
2026-08-24,168148,Tufts University,0,7
2026-08-31,164924,Boston College,7,0
2026-08-31,164988,Boston University,5,2
2026-08-31,166027,Harvard University,5,2
2026-08-31,166683,Massachusetts Institute of Technology,0,7
2026-08-31,167358,Northeastern University,0,7
2026-08-31,168148,Tufts University,0,7
2026-09-07,164924,Boston College,7,0
2026-09-07,164988,Boston University,7,0
2026-09-07,166027,Harvard University,7,0
2026-09-07,166683,Massachusetts Institute of Technology,5,2
2026-09-07,167358,Northeastern University,5,2
2026-09-07,168148,Tufts University,6,1
2026-09-14,164924,Boston College,7,0
2026-09-14,164988,Boston University,7,0
2026-09-14,166027,Harvard University,7,0
2026-09-14,166683,Massachusetts Institute of Technology,7,0
2026-09-14,167358,Northeastern University,7,0
2026-09-14,168148,Tufts University,7,0
2026-09-21,164924,Boston College,7,0
2026-09-21,164988,Boston University,7,0
2026-09-21,166027,Harvard University,7,0
2026-09-21,166683,Massachusetts Institute of Technology,7,0
2026-09-21,167358,Northeastern University,7,0
2026-09-21,168148,Tufts University,7,0
2026-09-28,164924,Boston College,7,0
2026-09-28,164988,Boston University,7,0
2026-09-28,166027,Harvard University,7,0
2026-09-28,166683,Massachusetts Institute of Technology,7,0
2026-09-28,167358,Northeastern University,7,0
2026-09-28,168148,Tufts University,7,0
2026-10-05,164924,Boston College,7,0
2026-10-05,164988,Boston University,7,0
2026-10-05,166027,Harvard University,7,0
2026-10-05,166683,Massachusetts Institute of Technology,7,0
2026-10-05,167358,Northeastern University,7,0
2026-10-05,168148,Tufts University,7,0
2026-10-12,164924,Boston College,7,0
2026-10-12,164988,Boston University,7,0
2026-10-12,166027,Harvard University,7,0
2026-10-12,166683,Massachusetts Institute of Technology,7,0
2026-10-12,167358,Northeastern University,7,0
2026-10-12,168148,Tufts University,7,0
2026-10-19,164924,Boston College,7,0
2026-10-19,164988,Boston University,7,0
2026-10-19,166027,Harvard University,7,0
2026-10-19,166683,Massachusetts Institute of Technology,7,0
2026-10-19,167358,Northeastern University,7,0
2026-10-19,168148,Tufts University,7,0
2026-10-26,164924,Boston College,7,0
2026-10-26,164988,Boston University,7,0
2026-10-26,166027,Harvard University,7,0
2026-10-26,166683,Massachusetts Institute of Technology,7,0
2026-10-26,167358,Northeastern University,7,0
2026-10-26,168148,Tufts University,7,0
2026-11-02,164924,Boston College,7,0
2026-11-02,164988,Boston University,7,0
2026-11-02,166027,Harvard University,7,0
2026-11-02,166683,Massachusetts Institute of Technology,7,0
2026-11-02,167358,Northeastern University,7,0
2026-11-02,168148,Tufts University,7,0
2026-11-09,164924,Boston College,7,0
2026-11-09,164988,Boston University,7,0
2026-11-09,166027,Harvard University,7,0
2026-11-09,166683,Massachusetts Institute of Technology,7,0
2026-11-09,167358,Northeastern University,7,0
2026-11-09,168148,Tufts University,7,0
2026-11-16,164924,Boston College,7,0
2026-11-16,164988,Boston University,7,0
2026-11-16,166027,Harvard University,7,0
2026-11-16,166683,Massachusetts Institute of Technology,7,0
2026-11-16,167358,Northeastern University,7,0
2026-11-16,168148,Tufts University,7,0
2026-11-23,164924,Boston College,2,0
2026-11-23,164988,Boston University,2,0
2026-11-23,166027,Harvard University,2,0
2026-11-23,166683,Massachusetts Institute of Technology,2,0
2026-11-23,167358,Northeastern University,2,0
2026-11-23,168148,Tufts University,2,0
2026-11-30,164924,Boston College,7,0
2026-11-30,164988,Boston University,7,0
2026-11-30,166027,Harvard University,7,0
2026-11-30,166683,Massachusetts Institute of Technology,7,0
2026-11-30,167358,Northeastern University,7,0
2026-11-30,168148,Tufts University,7,0
2026-12-07,164924,Boston College,7,0
2026-12-07,164988,Boston University,7,0
2026-12-07,166027,Harvard University,7,0
2026-12-07,166683,Massachusetts Institute of Technology,7,0
2026-12-07,167358,Northeastern University,7,0
2026-12-07,168148,Tufts University,7,0
2026-12-14,164924,Boston College,7,0
2026-12-14,164988,Boston University,5,0
2026-12-14,166027,Harvard University,6,0
2026-12-14,166683,Massachusetts Institute of Technology,5,0
2026-12-14,167358,Northeastern University,7,0
2026-12-14,168148,Tufts University,7,0
2026-12-21,164924,Boston College,1,0
2026-12-21,164988,Boston University,0,0
2026-12-21,166027,Harvard University,0,0
2026-12-21,166683,Massachusetts Institute of Technology,0,0
2026-12-21,167358,Northeastern University,0,0
2026-12-21,168148,Tufts University,3,0
2026-12-28,164924,Boston College,0,0
2026-12-28,164988,Boston University,0,0
2026-12-28,166027,Harvard University,0,0
2026-12-28,166683,Massachusetts Institute of Technology,0,0
2026-12-28,167358,Northeastern University,0,0
2026-12-28,168148,Tufts University,0,0
