week_start,iso_year,iso_week,campus_zone,days_with_data,trips,member_trips,casual_trips,classic_trips,electric_trips,age_known_trips,college_age_trips,no_station_trips,avg_daily_active_stations,complete_week,trips_per_active_station,college_age_share
2014-12-29,2015,1,away,4,173,122,51,173,0,166,19,0,9.0,false,19.22,0.1145
2014-12-29,2015,1,campus,4,140,106,34,140,0,114,20,0,7.0,false,20.0,0.1754
2014-12-29,2015,1,near,4,281,195,86,281,0,245,28,0,14.0,false,20.07,0.1143
2015-01-05,2015,2,away,7,511,300,211,511,0,499,61,0,8.6,true,59.42,0.1222
2015-01-05,2015,2,campus,7,385,306,79,385,0,376,72,0,6.7,true,57.46,0.1915
2015-01-05,2015,2,near,7,820,568,252,820,0,783,90,0,14.6,true,56.16,0.1149
2015-01-12,2015,3,away,7,631,406,225,631,0,617,76,0,9.3,true,67.85,0.1232
2015-01-12,2015,3,campus,7,473,406,67,473,0,439,72,0,7.0,true,67.57,0.164
2015-01-12,2015,3,near,7,985,670,315,985,0,947,109,0,14.7,true,67.01,0.1151
2015-01-19,2015,4,away,7,766,487,279,766,0,736,80,0,9.0,true,85.11,0.1087
2015-01-19,2015,4,campus,7,587,464,123,587,0,550,108,0,6.7,true,87.61,0.1964
2015-01-19,2015,4,near,7,1174,814,360,1174,0,1123,129,0,14.1,true,83.26,0.1149
2015-01-26,2015,5,away,6,326,215,111,326,0,315,43,0,8.5,true,38.35,0.1365
2015-01-26,2015,5,campus,6,265,214,51,265,0,257,57,0,6.7,true,39.55,0.2218
2015-01-26,2015,5,near,6,466,326,140,466,0,452,50,0,13.2,true,35.3,0.1106
2015-02-02,2015,6,away,7,252,171,81,252,0,243,37,0,6.6,true,38.18,0.1523
2015-02-02,2015,6,campus,7,217,187,30,217,0,207,50,0,5.9,true,36.78,0.2415
2015-02-02,2015,6,near,7,392,299,93,392,0,367,55,0,11.4,true,34.39,0.1499
2015-02-09,2015,7,away,5,148,92,56,148,0,145,20,0,6.2,true,23.87,0.1379
2015-02-09,2015,7,campus,5,165,136,29,165,0,160,35,0,6.6,true,25.0,0.2188
2015-02-09,2015,7,near,5,284,222,62,284,0,257,37,0,12.6,true,22.54,0.144
2015-02-16,2015,8,away,7,284,198,86,284,0,275,45,0,6.4,true,44.38,0.1636
2015-02-16,2015,8,campus,7,243,208,35,243,0,233,48,0,6.1,true,39.84,0.206
2015-02-16,2015,8,near,7,383,300,83,383,0,363,50,0,11.7,true,32.74,0.1377
2015-02-23,2015,9,away,7,445,309,136,445,0,423,32,0,8.3,true,53.61,0.0757
2015-02-23,2015,9,campus,7,390,327,63,390,0,377,75,0,6.4,true,60.94,0.1989
2015-02-23,2015,9,near,7,678,509,169,678,0,626,79,0,12.9,true,52.56,0.1262
2015-03-02,2015,10,away,7,566,361,205,566,0,550,46,0,9.4,true,60.21,0.0836
2015-03-02,2015,10,campus,7,522,408,114,522,0,497,106,0,6.9,true,75.65,0.2133
2015-03-02,2015,10,near,7,950,732,218,950,0,890,111,0,14.6,true,65.07,0.1247
2015-03-09,2015,11,away,7,785,508,277,785,0,749,58,0,9.0,true,87.22,0.0774
2015-03-09,2015,11,campus,7,756,618,138,756,0,702,144,0,6.6,true,114.55,0.2051
2015-03-09,2015,11,near,7,1344,1022,322,1344,0,1267,146,0,14.4,true,93.33,0.1152
2015-03-16,2015,12,away,7,667,412,255,667,0,643,47,0,9.6,true,69.48,0.0731
2015-03-16,2015,12,campus,7,593,488,105,593,0,544,117,0,6.9,true,85.94,0.2151
2015-03-16,2015,12,near,7,1009,707,302,1009,0,943,91,0,14.7,true,68.64,0.0965
2015-03-23,2015,13,away,7,808,527,281,808,0,749,56,0,9.3,true,86.88,0.0748
2015-03-23,2015,13,campus,7,692,573,119,692,0,599,82,0,6.9,true,100.29,0.1369
2015-03-23,2015,13,near,7,1291,925,366,1291,0,1168,121,0,14.9,true,86.64,0.1036
2015-03-30,2015,14,away,7,1136,777,359,1136,0,1005,91,0,9.7,true,117.11,0.0905
2015-03-30,2015,14,campus,7,1132,924,208,1132,0,948,170,0,7.0,true,161.71,0.1793
2015-03-30,2015,14,near,7,2013,1527,486,2013,0,1741,188,0,14.9,true,135.1,0.108
2015-04-06,2015,15,away,7,1179,848,331,1179,0,988,82,0,10.0,true,117.9,0.083
2015-04-06,2015,15,campus,7,1211,1033,178,1211,0,950,191,0,7.0,true,173.0,0.2011
2015-04-06,2015,15,near,7,2031,1547,484,2031,0,1701,193,0,15.0,true,135.4,0.1135
2015-04-13,2015,16,away,7,2920,2081,839,2920,0,2142,199,0,23.6,true,123.73,0.0929
2015-04-13,2015,16,campus,7,3257,2588,669,3257,0,2175,405,0,16.1,true,202.3,0.1862
2015-04-13,2015,16,near,7,5941,4349,1592,5941,0,4030,484,0,31.3,true,189.81,0.1201
2015-04-20,2015,17,away,7,4566,2966,1600,4566,0,3743,317,0,42.6,true,107.18,0.0847
2015-04-20,2015,17,campus,7,5561,3855,1706,5561,0,4412,625,0,29.3,true,189.8,0.1417
2015-04-20,2015,17,near,7,10129,6188,3941,10129,0,7955,764,0,55.9,true,181.2,0.096
2015-04-27,2015,18,away,7,6129,3946,2183,6129,0,4874,400,0,45.1,true,135.9,0.0821
2015-04-27,2015,18,campus,7,7604,5288,2316,7604,0,5739,782,0,30.9,true,246.08,0.1363
2015-04-27,2015,18,near,7,14564,8924,5640,14564,0,11081,1011,0,58.9,true,247.27,0.0912
2015-05-04,2015,19,away,7,7387,4766,2621,7387,0,5660,427,0,45.6,true,162.0,0.0754
2015-05-04,2015,19,campus,7,9604,6751,2853,9604,0,6848,842,0,31.0,true,309.81,0.123
2015-05-04,2015,19,near,7,17852,11252,6600,17852,0,12717,1161,0,59.0,true,302.58,0.0913
2015-05-11,2015,20,away,7,7767,5025,2742,7767,0,5865,494,0,45.6,true,170.33,0.0842
2015-05-11,2015,20,campus,7,9656,6937,2719,9656,0,6956,918,0,31.0,true,311.48,0.132
2015-05-11,2015,20,near,7,18341,11693,6648,18341,0,13255,1263,0,59.0,true,310.86,0.0953
2015-05-18,2015,21,away,7,6901,4551,2350,6901,0,5166,451,0,45.7,true,151.01,0.0873
2015-05-18,2015,21,campus,7,8755,6324,2431,8755,0,6073,738,0,31.0,true,282.42,0.1215
2015-05-18,2015,21,near,7,16827,10727,6100,16827,0,11730,992,0,59.0,true,285.2,0.0846
2015-05-25,2015,22,away,7,7277,4838,2439,7277,0,5226,458,0,45.0,true,161.71,0.0876
2015-05-25,2015,22,campus,7,9103,6622,2481,9103,0,6089,696,0,31.0,true,293.65,0.1143
2015-05-25,2015,22,near,7,17336,11247,6089,17336,0,11839,1013,0,58.7,true,295.33,0.0856
2015-06-01,2015,23,away,7,6134,3977,2157,6134,0,4623,441,0,45.1,true,136.01,0.0954
2015-06-01,2015,23,campus,7,7742,5507,2235,7742,0,5545,815,0,31.0,true,249.74,0.147
2015-06-01,2015,23,near,7,14493,9169,5324,14493,0,10569,1131,0,59.0,true,245.64,0.107
2015-06-08,2015,24,away,7,8105,5362,2743,8105,0,6130,608,0,46.7,true,173.55,0.0992
2015-06-08,2015,24,campus,7,10271,7299,2972,10271,0,7433,1105,0,31.4,true,327.1,0.1487
2015-06-08,2015,24,near,7,19927,12844,7083,19927,0,14460,1558,0,59.7,true,333.79,0.1077
2015-06-15,2015,25,away,7,6627,4275,2352,6627,0,5310,569,0,46.0,true,144.07,0.1072
2015-06-15,2015,25,campus,7,8475,6043,2432,8475,0,6312,1053,0,31.9,true,265.67,0.1668
2015-06-15,2015,25,near,7,16203,10204,5999,16203,0,12190,1523,0,60.0,true,270.05,0.1249
2015-06-22,2015,26,away,7,7416,4815,2601,7416,0,5918,722,0,45.6,true,162.63,0.122
2015-06-22,2015,26,campus,7,9402,6686,2716,9402,0,7069,1254,0,31.7,true,296.59,0.1774
2015-06-22,2015,26,near,7,18219,11599,6620,18219,0,13891,1806,0,59.4,true,306.72,0.13
2015-06-29,2015,27,away,7,7627,5492,2135,7627,0,5229,586,0,46.7,true,163.32,0.1121
2015-06-29,2015,27,campus,7,9925,7701,2224,9925,0,6290,1179,0,32.0,true,310.16,0.1874
2015-06-29,2015,27,near,7,18595,13313,5282,18595,0,11790,1627,0,60.0,true,309.92,0.138
2015-07-06,2015,28,away,7,8694,5855,2839,8694,0,6573,787,0,47.0,true,184.98,0.1197
2015-07-06,2015,28,campus,7,10602,7848,2754,10602,0,7521,1377,0,32.0,true,331.31,0.1831
2015-07-06,2015,28,near,7,20422,13475,6947,20422,0,14691,1941,0,60.0,true,340.37,0.1321
2015-07-13,2015,29,away,7,8394,5711,2683,8394,0,6594,823,0,46.6,true,180.13,0.1248
2015-07-13,2015,29,campus,7,10859,8122,2737,10859,0,8029,1541,0,31.9,true,340.41,0.1919
2015-07-13,2015,29,near,7,20378,13495,6883,20378,0,15128,2111,0,60.0,true,339.63,0.1395
2015-07-20,2015,30,away,7,8698,5906,2792,8698,0,6799,871,0,47.0,true,185.06,0.1281
2015-07-20,2015,30,campus,7,11354,8572,2782,11354,0,8098,1655,0,32.0,true,354.81,0.2044
2015-07-20,2015,30,near,7,20686,13929,6757,20686,0,14853,2184,0,60.0,true,344.77,0.147
2015-07-27,2015,31,away,7,8353,5646,2707,8353,0,6404,862,0,47.0,true,177.72,0.1346
2015-07-27,2015,31,campus,7,10815,8025,2790,10815,0,7882,1637,0,31.9,true,339.03,0.2077
2015-07-27,2015,31,near,7,20455,13827,6628,20455,0,14579,2271,0,60.0,true,340.92,0.1558
2015-08-03,2015,32,away,7,8489,5864,2625,8489,0,6468,831,0,47.0,true,180.62,0.1285
2015-08-03,2015,32,campus,7,11397,8502,2895,11397,0,7943,1483,0,32.0,true,356.16,0.1867
2015-08-03,2015,32,near,7,20804,14065,6739,20804,0,14646,2100,0,60.0,true,346.73,0.1434
2015-08-10,2015,33,away,7,7708,5130,2578,7708,0,5972,758,0,46.9,true,164.35,0.1269
2015-08-10,2015,33,campus,7,9873,7218,2655,9873,0,7142,1223,0,31.9,true,309.5,0.1712
2015-08-10,2015,33,near,7,18396,12180,6216,18396,0,13432,1787,0,59.9,true,307.11,0.133
2015-08-17,2015,34,away,7,7233,4964,2269,7233,0,5589,666,0,46.6,true,155.21,0.1192
2015-08-17,2015,34,campus,7,9102,6668,2434,9102,0,6790,1136,0,32.0,true,284.44,0.1673
2015-08-17,2015,34,near,7,17045,11176,5869,17045,0,12530,1544,0,60.0,true,284.08,0.1232
2015-08-24,2015,35,away,7,7654,5113,2541,7654,0,6149,735,0,46.7,true,163.9,0.1195
2015-08-24,2015,35,campus,7,9566,6926,2640,9566,0,7258,1224,0,32.0,true,298.94,0.1686
2015-08-24,2015,35,near,7,18040,11592,6448,18040,0,13494,1574,0,59.6,true,302.68,0.1166
2015-08-31,2015,36,away,7,7852,5310,2542,7852,0,6150,699,0,46.7,true,168.14,0.1137
2015-08-31,2015,36,campus,7,10407,7661,2746,10407,0,7470,1254,0,32.0,true,325.22,0.1679
2015-08-31,2015,36,near,7,18487,12193,6294,18487,0,13444,1456,0,59.0,true,313.34,0.1083
2015-09-07,2015,37,away,7,6732,4614,2118,6732,0,5299,661,0,46.7,true,144.15,0.1247
2015-09-07,2015,37,campus,7,8843,6544,2299,8843,0,6510,1365,0,31.9,true,277.21,0.2097
2015-09-07,2015,37,near,7,15523,10101,5422,15523,0,11526,1459,0,58.9,true,263.55,0.1266
2015-09-14,2015,38,away,7,8018,5285,2733,8018,0,6620,838,0,46.7,true,171.69,0.1266
2015-09-14,2015,38,campus,7,10630,7576,3054,10630,0,8556,1718,0,32.0,true,332.19,0.2008
2015-09-14,2015,38,near,7,19115,12179,6936,19115,0,15059,1946,0,59.0,true,323.98,0.1292
2015-09-21,2015,39,away,7,7679,5126,2553,7679,0,6474,880,0,47.0,true,163.38,0.1359
2015-09-21,2015,39,campus,7,10406,7295,3111,10406,0,8377,1784,0,32.0,true,325.19,0.213
2015-09-21,2015,39,near,7,18835,11785,7050,18835,0,15139,2086,0,59.7,true,315.49,0.1378
2015-09-28,2015,40,away,7,5423,3435,1988,5423,0,4871,753,0,46.6,true,116.37,0.1546
2015-09-28,2015,40,campus,7,7358,5157,2201,7358,0,6426,1484,0,32.1,true,229.22,0.2309
2015-09-28,2015,40,near,7,12871,7873,4998,12871,0,11107,1628,0,59.7,true,215.59,0.1466
2015-10-05,2015,41,away,7,6580,4359,2221,6580,0,5591,800,0,51.3,true,128.27,0.1431
2015-10-05,2015,41,campus,7,9043,6446,2597,9043,0,7404,1578,0,33.0,true,274.03,0.2131
2015-10-05,2015,41,near,7,16171,10052,6119,16171,0,13108,1793,0,60.9,true,265.53,0.1368
2015-10-12,2015,42,away,7,6610,4445,2165,6610,0,5412,840,0,52.3,true,126.39,0.1552
2015-10-12,2015,42,campus,7,8602,6074,2528,8602,0,6960,1600,0,33.4,true,257.54,0.2299
2015-10-12,2015,42,near,7,15654,9970,5684,15654,0,12521,1806,0,61.4,true,254.95,0.1442
2015-10-19,2015,43,away,7,5969,3816,2153,5969,0,5388,842,0,51.9,true,115.01,0.1563
2015-10-19,2015,43,campus,7,7709,5316,2393,7709,0,6655,1506,0,33.9,true,227.4,0.2263
2015-10-19,2015,43,near,7,14118,8431,5687,14118,0,12299,1615,0,61.7,true,228.82,0.1313
2015-10-26,2015,44,away,7,5842,3801,2041,5842,0,4963,692,0,51.6,true,113.22,0.1394
2015-10-26,2015,44,campus,7,7194,4993,2201,7194,0,6119,1401,0,33.6,true,214.11,0.229
2015-10-26,2015,44,near,7,13062,7999,5063,13062,0,11051,1525,0,61.0,true,214.13,0.138
2015-11-02,2015,45,away,7,6605,4228,2377,6605,0,5749,802,0,53.1,true,124.39,0.1395
2015-11-02,2015,45,campus,7,8279,5699,2580,8279,0,7079,1594,0,33.1,true,250.12,0.2252
2015-11-02,2015,45,near,7,15494,9375,6119,15494,0,12958,1718,0,64.6,true,239.85,0.1326
2015-11-09,2015,46,away,7,4735,3059,1676,4735,0,4298,613,0,51.7,true,91.59,0.1426
2015-11-09,2015,46,campus,7,5941,4061,1880,5941,0,5272,1219,0,33.7,true,176.29,0.2312
2015-11-09,2015,46,near,7,11081,6666,4415,11081,0,9901,1466,0,65.7,true,168.66,0.1481
2015-11-16,2015,47,away,7,4772,3000,1772,4772,0,4407,585,0,45.3,true,105.34,0.1327
2015-11-16,2015,47,campus,7,5303,3519,1784,5303,0,4770,1037,0,28.9,true,183.49,0.2174
2015-11-16,2015,47,near,7,10317,6073,4244,10317,0,9439,1202,0,57.9,true,178.19,0.1273
2015-11-23,2015,48,away,7,2565,1689,876,2565,0,2203,311,0,34.7,true,73.92,0.1412
2015-11-23,2015,48,campus,7,3207,2374,833,3207,0,2521,515,0,26.1,true,122.87,0.2043
2015-11-23,2015,48,near,7,5526,3634,1892,5526,0,4650,600,0,47.0,true,117.57,0.129
2015-11-30,2015,49,away,7,3261,2041,1220,3261,0,3022,422,0,34.7,true,93.98,0.1396
2015-11-30,2015,49,campus,7,3826,2715,1111,3826,0,3419,725,0,26.6,true,143.83,0.2121
2015-11-30,2015,49,near,7,7081,4302,2779,7081,0,6454,893,0,46.7,true,151.63,0.1384
2015-12-07,2015,50,away,7,3680,2310,1370,3680,0,3333,496,0,34.4,true,106.98,0.1488
2015-12-07,2015,50,campus,7,4395,3016,1379,4395,0,3894,838,0,25.7,true,171.01,0.2152
2015-12-07,2015,50,near,7,7797,4805,2992,7797,0,7009,982,0,45.3,true,172.12,0.1401
2015-12-14,2015,51,away,7,2719,1630,1089,2719,0,2532,291,0,32.6,true,83.4,0.1149
2015-12-14,2015,51,campus,7,3098,2114,984,3098,0,2822,504,0,25.0,true,123.92,0.1786
2015-12-14,2015,51,near,7,5755,3443,2312,5755,0,5358,684,0,44.3,true,129.91,0.1277
2015-12-21,2015,52,away,7,1653,1046,607,1653,0,1377,142,0,29.4,true,56.22,0.1031
2015-12-21,2015,52,campus,7,1984,1500,484,1984,0,1415,188,0,24.7,true,80.32,0.1329
2015-12-21,2015,52,near,7,3439,2244,1195,3439,0,2728,246,0,43.0,true,79.98,0.0902
2015-12-28,2015,53,away,7,755,472,283,755,0,667,74,0,19.3,true,39.12,0.1109
2015-12-28,2015,53,campus,7,740,517,223,740,0,635,91,0,16.0,true,46.25,0.1433
2015-12-28,2015,53,near,7,1529,992,537,1529,0,1303,108,0,31.6,true,48.39,0.0829
2016-01-04,2016,1,away,7,689,471,218,689,0,655,65,0,9.7,true,71.03,0.0992
2016-01-04,2016,1,campus,7,640,516,124,640,0,595,96,0,6.6,true,96.97,0.1613
2016-01-04,2016,1,near,7,1244,961,283,1244,0,1196,113,0,18.1,true,68.73,0.0945
2016-01-11,2016,2,away,7,760,532,228,760,0,743,83,0,10.0,true,76.0,0.1117
2016-01-11,2016,2,campus,7,764,630,134,764,0,734,130,0,6.9,true,110.72,0.1771
2016-01-11,2016,2,near,7,1392,1069,323,1392,0,1327,146,0,18.9,true,73.65,0.11
2016-01-18,2016,3,away,7,558,378,180,558,0,548,64,0,10.1,true,55.25,0.1168
2016-01-18,2016,3,campus,7,526,428,98,526,0,515,101,0,6.9,true,76.23,0.1961
2016-01-18,2016,3,near,7,1012,805,207,1012,0,976,125,0,18.9,true,53.54,0.1281
2016-01-25,2016,4,away,7,912,641,271,912,0,872,87,0,10.9,true,83.67,0.0998
2016-01-25,2016,4,campus,7,999,828,171,999,0,926,219,0,7.0,true,142.71,0.2365
2016-01-25,2016,4,near,7,1822,1430,392,1822,0,1697,230,0,19.0,true,95.89,0.1355
2016-02-01,2016,5,away,7,923,668,255,923,0,883,86,0,10.0,true,92.3,0.0974
2016-02-01,2016,5,campus,7,1007,832,175,1007,0,965,221,0,6.9,true,145.94,0.229
2016-02-01,2016,5,near,7,1806,1415,391,1806,0,1716,248,0,18.7,true,96.58,0.1445
2016-02-08,2016,6,away,7,599,417,182,599,0,580,69,0,9.7,true,61.75,0.119
2016-02-08,2016,6,campus,7,588,499,89,588,0,581,137,0,6.7,true,87.76,0.2358
2016-02-08,2016,6,near,7,972,789,183,972,0,932,140,0,17.6,true,55.23,0.1502
2016-02-15,2016,7,away,7,951,689,262,951,0,873,85,0,10.7,true,88.88,0.0974
2016-02-15,2016,7,campus,7,954,771,183,954,0,863,179,0,6.9,true,138.26,0.2074
2016-02-15,2016,7,near,7,1712,1377,335,1712,0,1580,213,0,18.9,true,90.58,0.1348
2016-02-22,2016,8,away,7,1042,775,267,1042,0,955,99,0,10.7,true,97.38,0.1037
2016-02-22,2016,8,campus,7,1165,979,186,1165,0,1041,176,0,7.0,true,166.43,0.1691
2016-02-22,2016,8,near,7,2061,1630,431,2061,0,1912,245,0,18.9,true,109.05,0.1281
2016-02-29,2016,9,away,7,1183,876,307,1183,0,1074,97,0,15.0,true,78.87,0.0903
2016-02-29,2016,9,campus,7,1297,1052,245,1297,0,1183,217,0,11.6,true,111.81,0.1834
2016-02-29,2016,9,near,7,2462,1938,524,2462,0,2214,270,0,26.7,true,92.21,0.122
2016-03-07,2016,10,away,7,1976,1449,527,1976,0,1613,150,0,21.9,true,90.23,0.093
2016-03-07,2016,10,campus,7,2554,2020,534,2554,0,1918,290,0,16.7,true,152.93,0.1512
2016-03-07,2016,10,near,7,5418,3811,1607,5418,0,4315,354,0,40.1,true,135.11,0.082
2016-03-14,2016,11,away,7,1865,1215,650,1865,0,1582,169,0,27.9,true,66.85,0.1068
2016-03-14,2016,11,campus,7,2207,1601,606,2207,0,1803,308,0,20.9,true,105.6,0.1708
2016-03-14,2016,11,near,7,4480,2912,1568,4480,0,3803,337,0,43.6,true,102.75,0.0886
2016-03-21,2016,12,away,7,2237,1395,842,2237,0,1919,197,0,33.9,true,65.99,0.1027
2016-03-21,2016,12,campus,7,2650,1894,756,2650,0,2199,310,0,24.0,true,110.42,0.141
2016-03-21,2016,12,near,7,5203,3305,1898,5203,0,4525,375,0,48.1,true,108.17,0.0829
2016-03-28,2016,13,away,7,3027,1871,1156,3027,0,2655,274,0,35.9,true,84.32,0.1032
2016-03-28,2016,13,campus,7,3213,2277,936,3213,0,2759,408,0,23.9,true,134.44,0.1479
2016-03-28,2016,13,near,7,6677,4133,2544,6677,0,5914,542,0,51.0,true,130.92,0.0916
2016-04-04,2016,14,away,7,2379,1536,843,2379,0,2009,169,0,34.1,true,69.77,0.0841
2016-04-04,2016,14,campus,7,2518,1836,682,2518,0,2139,332,0,23.6,true,106.69,0.1552
2016-04-04,2016,14,near,7,5381,3588,1793,5381,0,4650,419,0,51.4,true,104.69,0.0901
2016-04-11,2016,15,away,7,4533,2910,1623,4533,0,3700,338,0,41.7,true,108.71,0.0914
2016-04-11,2016,15,campus,7,5122,3758,1364,5122,0,3835,553,0,28.0,true,182.93,0.1442
2016-04-11,2016,15,near,7,11149,7511,3638,11149,0,8479,812,0,59.7,true,186.75,0.0958
2016-04-18,2016,16,away,7,5609,3621,1988,5609,0,4349,418,0,47.1,true,119.09,0.0961
2016-04-18,2016,16,campus,7,6725,4896,1829,6725,0,5153,789,0,31.3,true,214.86,0.1531
2016-04-18,2016,16,near,7,13395,9121,4274,13395,0,10119,1063,0,62.0,true,216.05,0.105
2016-04-25,2016,17,away,7,5150,3248,1902,5150,0,4283,365,0,50.0,true,103.0,0.0852
2016-04-25,2016,17,campus,7,6367,4397,1970,6367,0,5022,747,0,32.0,true,198.97,0.1487
2016-04-25,2016,17,near,7,13235,8456,4779,13235,0,10618,1003,0,66.7,true,198.43,0.0945
2016-05-02,2016,18,away,7,3768,3368,400,3768,0,3333,328,0,50.1,true,75.21,0.0984
2016-05-02,2016,18,campus,7,4385,3805,580,4385,0,3779,677,0,31.6,true,138.77,0.1791
2016-05-02,2016,18,near,7,9358,8195,1163,9358,0,8078,869,0,66.6,true,140.51,0.1076
2016-05-09,2016,19,away,7,7054,5561,1493,7054,0,5500,487,0,53.6,true,131.6,0.0885
2016-05-09,2016,19,campus,7,8452,6414,2038,8452,0,6359,880,0,33.7,true,250.8,0.1384
2016-05-09,2016,19,near,7,17085,13200,3885,17085,0,12994,1267,0,68.7,true,248.69,0.0975
2016-05-16,2016,20,away,7,7372,5888,1484,7372,0,5826,529,0,53.9,true,136.77,0.0908
2016-05-16,2016,20,campus,7,8504,6469,2035,8504,0,6424,901,0,34.0,true,250.12,0.1403
2016-05-16,2016,20,near,7,17686,13742,3944,17686,0,13530,1398,0,69.0,true,256.32,0.1033
2016-05-23,2016,21,away,7,7416,5800,1616,7416,0,5734,589,0,54.3,true,136.57,0.1027
2016-05-23,2016,21,campus,7,9069,6535,2534,9069,0,6486,915,0,34.0,true,266.74,0.1411
2016-05-23,2016,21,near,7,18304,13570,4734,18304,0,13396,1325,0,68.9,true,265.66,0.0989
2016-05-30,2016,22,away,7,6949,5532,1417,6949,0,5461,568,0,52.3,true,132.87,0.104
2016-05-30,2016,22,campus,7,8606,6379,2227,8606,0,6330,1028,0,33.7,true,255.37,0.1624
2016-05-30,2016,22,near,7,16679,12769,3910,16679,0,12572,1378,0,68.7,true,242.78,0.1096
2016-06-06,2016,23,away,7,7729,6399,1330,7729,0,6312,779,0,54.1,true,142.87,0.1234
2016-06-06,2016,23,campus,7,9606,7590,2016,9606,0,7517,1260,0,33.9,true,283.36,0.1676
2016-06-06,2016,23,near,7,18462,14712,3750,18462,0,14482,1646,0,68.3,true,270.31,0.1137
2016-06-13,2016,24,away,7,8653,6781,1872,8653,0,6698,856,0,55.1,true,157.04,0.1278
2016-06-13,2016,24,campus,7,10804,8059,2745,10804,0,7981,1439,0,34.0,true,317.76,0.1803
2016-06-13,2016,24,near,7,20698,15648,5050,20698,0,15412,2019,0,68.0,true,304.38,0.131
2016-06-20,2016,25,away,7,9024,7207,1817,9024,0,7127,1001,0,55.6,true,162.3,0.1405
2016-06-20,2016,25,campus,7,11172,8709,2463,11172,0,8628,1668,0,34.0,true,328.59,0.1933
2016-06-20,2016,25,near,7,21858,16832,5026,21858,0,16590,2398,0,68.6,true,318.63,0.1445
2016-06-27,2016,26,away,7,8043,6361,1682,8043,0,6284,862,0,55.4,true,145.18,0.1372
2016-06-27,2016,26,campus,7,10526,7683,2843,10526,0,7629,1548,0,34.9,true,301.6,0.2029
2016-06-27,2016,26,near,7,19549,14536,5013,19549,0,14352,2209,0,68.6,true,284.97,0.1539
2016-07-04,2016,27,away,7,7630,5993,1637,7630,0,5928,1005,0,53.9,true,141.56,0.1695
2016-07-04,2016,27,campus,7,10145,7450,2695,10145,0,7394,1730,0,36.0,true,281.81,0.234
2016-07-04,2016,27,near,7,17294,12964,4330,17294,0,12771,2418,0,68.0,true,254.32,0.1893
2016-07-11,2016,28,away,7,8548,6989,1559,8548,0,6908,1128,0,55.3,true,154.58,0.1633
2016-07-11,2016,28,campus,7,11689,9023,2666,11689,0,8943,2085,0,35.9,true,325.6,0.2331
2016-07-11,2016,28,near,7,19614,15524,4090,19614,0,15276,2557,0,66.9,true,293.18,0.1674
2016-07-18,2016,29,away,7,8406,6830,1576,8406,0,6756,1113,0,56.0,true,150.11,0.1647
2016-07-18,2016,29,campus,7,11287,8892,2395,11287,0,8818,2051,0,35.6,true,317.05,0.2326
2016-07-18,2016,29,near,7,19905,15773,4132,19905,0,15551,2567,0,68.7,true,289.74,0.1651
2016-07-25,2016,30,away,7,7764,6386,1378,7764,0,6316,1098,0,55.4,true,140.14,0.1738
2016-07-25,2016,30,campus,7,10889,8613,2276,10889,0,8547,2092,0,35.7,true,305.01,0.2448
2016-07-25,2016,30,near,7,18907,15085,3822,18907,0,14855,2583,0,69.7,true,271.26,0.1739
2016-08-01,2016,31,away,7,8461,6825,1636,8461,0,6743,1090,0,56.6,true,149.49,0.1616
2016-08-01,2016,31,campus,7,11468,8787,2681,11468,0,8712,1775,0,36.0,true,318.56,0.2037
2016-08-01,2016,31,near,7,20257,15597,4660,20257,0,15397,2455,0,70.0,true,289.39,0.1594
2016-08-08,2016,32,away,7,8026,6509,1517,8026,0,6453,972,0,57.6,true,139.34,0.1506
2016-08-08,2016,32,campus,7,10486,7903,2583,10486,0,7843,1458,0,36.0,true,291.28,0.1859
2016-08-08,2016,32,near,7,18730,14510,4220,18730,0,14328,2153,0,70.0,true,267.57,0.1503
2016-08-15,2016,33,away,7,8495,6785,1710,8495,0,6687,1009,0,58.4,true,145.46,0.1509
2016-08-15,2016,33,campus,7,10720,8081,2639,10720,0,8009,1409,0,36.0,true,297.78,0.1759
2016-08-15,2016,33,near,7,19773,15275,4498,19773,0,15016,2150,0,69.7,true,283.69,0.1432
2016-08-22,2016,34,away,7,8527,6836,1691,8527,0,6746,981,0,59.6,true,143.07,0.1454
2016-08-22,2016,34,campus,7,10683,8004,2679,10683,0,7929,1282,0,35.9,true,297.58,0.1617
2016-08-22,2016,34,near,7,19583,15218,4365,19583,0,15006,1999,0,69.9,true,280.16,0.1332
2016-08-29,2016,35,away,7,8488,6831,1657,8488,0,6723,1028,0,60.3,true,140.76,0.1529
2016-08-29,2016,35,campus,7,11134,8177,2957,11134,0,8080,1589,0,35.9,true,310.14,0.1967
2016-08-29,2016,35,near,7,20421,15432,4989,20421,0,15193,2273,0,69.9,true,292.15,0.1496
2016-09-05,2016,36,away,7,7939,6264,1675,7939,0,6192,1054,0,61.3,true,129.51,0.1702
2016-09-05,2016,36,campus,7,10265,7939,2326,10265,0,7877,1734,0,35.9,true,285.93,0.2201
2016-09-05,2016,36,near,7,18253,14234,4019,18253,0,14062,2307,0,69.9,true,261.13,0.1641
2016-09-12,2016,37,away,7,9099,7620,1479,9099,0,7507,1146,0,63.1,true,144.2,0.1527
2016-09-12,2016,37,campus,7,11978,9666,2312,11978,0,9583,2115,0,35.9,true,333.65,0.2207
2016-09-12,2016,37,near,7,21561,17593,3968,21561,0,17340,2671,0,69.9,true,308.45,0.154
2016-09-19,2016,38,away,7,8189,7009,1180,8189,0,6926,1074,0,62.7,true,130.61,0.1551
2016-09-19,2016,38,campus,7,10940,8957,1983,10940,0,8884,2024,0,36.0,true,303.89,0.2278
2016-09-19,2016,38,near,7,19460,16354,3106,19460,0,16106,2574,0,69.1,true,281.62,0.1598
2016-09-26,2016,39,away,7,6402,5729,673,6402,0,5659,885,0,62.0,true,103.26,0.1564
2016-09-26,2016,39,campus,7,8974,7859,1115,8974,0,7779,1859,0,35.9,true,249.97,0.239
2016-09-26,2016,39,near,7,15445,13888,1557,15445,0,13665,2311,0,68.4,true,225.8,0.1691
2016-10-03,2016,40,away,7,7262,6185,1077,7262,0,6093,990,0,67.1,true,108.23,0.1625
2016-10-03,2016,40,campus,7,9768,8253,1515,9768,0,8184,1879,0,35.1,true,278.29,0.2296
2016-10-03,2016,40,near,7,17334,14754,2580,17334,0,14541,2365,0,68.3,true,253.79,0.1626
2016-10-10,2016,41,away,7,7201,6086,1115,7201,0,6018,974,0,69.6,true,103.46,0.1618
2016-10-10,2016,41,campus,7,9722,7915,1807,9722,0,7857,1871,0,35.7,true,272.32,0.2381
2016-10-10,2016,41,near,7,17211,14135,3076,17211,0,13935,2338,0,69.6,true,247.28,0.1678
2016-10-17,2016,42,away,7,7177,6221,956,7177,0,6156,945,0,68.1,true,105.39,0.1535
2016-10-17,2016,42,campus,7,9783,8403,1380,9783,0,8346,1895,0,35.9,true,272.51,0.2271
2016-10-17,2016,42,near,7,17165,14683,2482,17165,0,14477,2368,0,70.0,true,245.21,0.1636
2016-10-24,2016,43,away,7,5719,5201,518,5719,0,5132,805,0,65.6,true,87.18,0.1569
2016-10-24,2016,43,campus,7,7412,6637,775,7412,0,6584,1638,0,35.9,true,206.46,0.2488
2016-10-24,2016,43,near,7,13380,11911,1469,13380,0,11742,2059,0,70.3,true,190.33,0.1754
2016-10-31,2016,44,away,7,6306,5638,668,6306,0,5555,885,0,66.0,true,95.55,0.1593
2016-10-31,2016,44,campus,7,8662,7442,1220,8662,0,7379,1753,0,35.9,true,241.28,0.2376
2016-10-31,2016,44,near,7,14855,13034,1821,14855,0,12840,2204,0,70.6,true,210.41,0.1717
2016-11-07,2016,45,away,7,6164,5467,697,6164,0,5405,915,0,64.3,true,95.86,0.1693
2016-11-07,2016,45,campus,7,7556,6661,895,7556,0,6614,1561,0,35.9,true,210.47,0.236
2016-11-07,2016,45,near,7,13510,12043,1467,13510,0,11885,2081,0,70.7,true,191.09,0.1751
2016-11-14,2016,46,away,7,5454,4921,533,5454,0,4885,794,0,66.1,true,82.51,0.1625
2016-11-14,2016,46,campus,7,7399,6466,933,7399,0,6415,1518,0,36.0,true,205.53,0.2366
2016-11-14,2016,46,near,7,13133,11706,1427,13133,0,11542,1995,0,69.7,true,188.42,0.1728
2016-11-21,2016,47,away,7,2873,2641,232,2873,0,2601,400,0,53.3,true,53.9,0.1538
2016-11-21,2016,47,campus,7,4014,3426,588,4014,0,3403,741,0,35.4,true,113.39,0.2177
2016-11-21,2016,47,near,7,6885,6122,763,6885,0,6032,1039,0,67.0,true,102.76,0.1722
2016-11-28,2016,48,away,7,4052,3786,266,4052,0,3749,641,0,57.1,true,70.96,0.171
2016-11-28,2016,48,campus,7,4824,4452,372,4824,0,4418,1044,0,33.3,true,144.86,0.2363
2016-11-28,2016,48,near,7,8314,7846,468,8314,0,7723,1291,0,60.1,true,138.34,0.1672
2016-12-05,2016,49,away,7,3106,2983,123,3106,0,2934,516,0,47.1,true,65.94,0.1759
2016-12-05,2016,49,campus,7,3921,3739,182,3921,0,3699,846,0,32.3,true,121.39,0.2287
2016-12-05,2016,49,near,7,6356,6089,267,6356,0,5979,1006,0,52.1,true,122.0,0.1683
2016-12-12,2016,50,away,7,2221,2165,56,2221,0,2140,308,0,41.7,true,53.26,0.1439
2016-12-12,2016,50,campus,7,2638,2527,111,2638,0,2501,533,0,30.6,true,86.21,0.2131
2016-12-12,2016,50,near,7,4481,4337,144,4481,0,4274,744,0,48.1,true,93.16,0.1741
2016-12-19,2016,51,away,7,1911,1821,90,1911,0,1786,249,0,42.9,true,44.55,0.1394
2016-12-19,2016,51,campus,7,2057,1921,136,2057,0,1898,295,0,30.7,true,67.0,0.1554
2016-12-19,2016,51,near,7,3810,3624,186,3810,0,3537,464,0,47.9,true,79.54,0.1312
2016-12-26,2016,52,away,7,1313,1104,209,1313,0,1085,138,0,41.4,true,31.71,0.1272
2016-12-26,2016,52,campus,7,1484,1209,275,1484,0,1193,181,0,30.3,true,48.98,0.1517
2016-12-26,2016,52,near,7,2464,2138,326,2464,0,2091,271,0,48.0,true,51.33,0.1296
2017-01-02,2017,1,away,7,1201,1131,70,1201,0,1113,89,0,28.0,true,42.89,0.08
2017-01-02,2017,1,campus,7,1477,1374,103,1477,0,1357,147,0,23.6,true,62.58,0.1083
2017-01-02,2017,1,near,7,2689,2527,162,2689,0,2468,216,0,42.4,true,63.42,0.0875
2017-01-09,2017,2,away,7,922,893,29,922,0,882,104,0,12.9,true,71.47,0.1179
2017-01-09,2017,2,campus,7,959,883,76,959,0,875,157,0,7.7,true,124.55,0.1794
2017-01-09,2017,2,near,7,1931,1879,52,1931,0,1832,241,0,20.6,true,93.74,0.1316
2017-01-16,2017,3,away,7,1025,962,63,1025,0,959,99,0,13.4,true,76.49,0.1032
2017-01-16,2017,3,campus,7,1011,934,77,1011,0,934,208,0,7.7,true,131.3,0.2227
2017-01-16,2017,3,near,7,2133,1967,166,2133,0,1943,307,0,21.0,true,101.57,0.158
2017-01-23,2017,4,away,7,1048,1017,31,1048,0,1013,122,0,13.1,true,80.0,0.1204
2017-01-23,2017,4,campus,7,1066,1030,36,1066,0,1022,227,0,7.7,true,138.44,0.2221
2017-01-23,2017,4,near,7,2206,2135,71,2206,0,2107,360,0,21.0,true,105.05,0.1709
2017-01-30,2017,5,away,7,1024,998,26,1024,0,990,128,0,13.0,true,78.77,0.1293
2017-01-30,2017,5,campus,7,1085,1049,36,1085,0,1041,218,0,7.7,true,140.91,0.2094
2017-01-30,2017,5,near,7,2282,2226,56,2282,0,2207,381,0,20.9,true,109.19,0.1726
2017-02-06,2017,6,away,7,538,527,11,538,0,522,48,0,10.4,true,51.73,0.092
2017-02-06,2017,6,campus,7,617,598,19,617,0,595,123,0,6.6,true,93.48,0.2067
2017-02-06,2017,6,near,7,1308,1286,22,1308,0,1267,225,0,19.3,true,67.77,0.1776
2017-02-13,2017,7,away,7,818,758,60,818,0,754,100,0,11.6,true,70.52,0.1326
2017-02-13,2017,7,campus,7,816,758,58,816,0,752,180,0,7.3,true,111.78,0.2394
2017-02-13,2017,7,near,7,1914,1812,102,1914,0,1788,339,0,19.7,true,97.16,0.1896
2017-02-20,2017,8,away,7,1284,1145,139,1284,0,1141,111,0,13.0,true,98.77,0.0973
2017-02-20,2017,8,campus,7,1601,1383,218,1601,0,1380,316,0,7.9,true,202.66,0.229
2017-02-20,2017,8,near,7,3257,2988,269,3257,0,2961,548,0,21.0,true,155.1,0.1851
2017-02-27,2017,9,away,7,1163,1124,39,1163,0,1112,101,0,13.7,true,84.89,0.0908
2017-02-27,2017,9,campus,7,1434,1378,56,1434,0,1373,271,0,10.3,true,139.22,0.1974
2017-02-27,2017,9,near,7,3311,3159,152,3311,0,3114,508,0,28.3,true,117.0,0.1631
2017-03-06,2017,10,away,7,1276,1203,73,1276,0,1192,111,0,16.7,true,76.41,0.0931
2017-03-06,2017,10,campus,7,1496,1405,91,1496,0,1392,269,0,14.4,true,103.89,0.1932
2017-03-06,2017,10,near,7,3484,3287,197,3484,0,3228,444,0,38.9,true,89.56,0.1375
2017-03-13,2017,11,away,7,916,866,50,916,0,852,104,0,15.7,true,58.34,0.1221
2017-03-13,2017,11,campus,7,1069,1008,61,1069,0,998,205,0,16.7,true,64.01,0.2054
2017-03-13,2017,11,near,7,2492,2330,162,2492,0,2285,384,0,38.7,true,64.39,0.1681
2017-03-20,2017,12,away,7,1862,1767,95,1862,0,1745,176,0,28.4,true,65.56,0.1009
2017-03-20,2017,12,campus,7,2357,2121,236,2357,0,2098,365,0,22.6,true,104.29,0.174
2017-03-20,2017,12,near,7,5190,4791,399,5190,0,4718,629,0,47.4,true,109.49,0.1333
2017-03-27,2017,13,away,7,1959,1819,140,1959,0,1803,190,0,36.0,true,54.42,0.1054
2017-03-27,2017,13,campus,7,2079,1913,166,2079,0,1894,299,0,24.3,true,85.56,0.1579
2017-03-27,2017,13,near,7,4872,4459,413,4872,0,4400,561,0,50.1,true,97.25,0.1275
2017-04-03,2017,14,away,7,3690,2977,713,3690,0,2937,334,0,49.0,true,75.31,0.1137
2017-04-03,2017,14,campus,7,3774,2944,830,3774,0,2909,456,0,28.0,true,134.79,0.1568
2017-04-03,2017,14,near,7,7755,6339,1416,7755,0,6236,834,0,59.0,true,131.44,0.1337
2017-04-10,2017,15,away,7,7619,5717,1902,7619,0,5659,579,0,62.6,true,121.71,0.1023
2017-04-10,2017,15,campus,7,8094,5806,2288,8094,0,5758,922,0,30.7,true,263.65,0.1601
2017-04-10,2017,15,near,7,16459,11970,4489,16459,0,11809,1301,0,66.3,true,248.25,0.1102
2017-04-17,2017,16,away,7,5508,4405,1103,5508,0,4369,466,0,58.0,true,94.97,0.1067
2017-04-17,2017,16,campus,7,6106,4832,1274,6106,0,4797,837,0,32.1,true,190.22,0.1745
2017-04-17,2017,16,near,7,12216,9759,2457,12216,0,9646,1226,0,65.7,true,185.94,0.1271
2017-04-24,2017,17,away,7,5774,4719,1055,5774,0,4674,536,0,61.4,true,94.04,0.1147
2017-04-24,2017,17,campus,7,7025,5427,1598,7025,0,5393,1011,0,33.0,true,212.88,0.1875
2017-04-24,2017,17,near,7,14052,11063,2989,14052,0,10924,1520,0,68.1,true,206.34,0.1391
2017-05-01,2017,18,away,7,5818,5044,774,5818,0,4989,661,0,60.7,true,95.85,0.1325
2017-05-01,2017,18,campus,7,6864,5877,987,6864,0,5833,1109,0,33.0,true,208.0,0.1901
2017-05-01,2017,18,near,7,14044,12091,1953,14044,0,11931,1571,0,69.9,true,200.92,0.1317
2017-05-08,2017,19,away,7,5616,5047,569,5616,0,4985,655,0,59.3,true,94.7,0.1314
2017-05-08,2017,19,campus,7,6788,5974,814,6788,0,5931,1093,0,33.0,true,205.7,0.1843
2017-05-08,2017,19,near,7,13875,12225,1650,13875,0,12067,1569,0,68.9,true,201.38,0.13
2017-05-15,2017,20,away,7,7921,6318,1603,7921,0,6251,723,0,69.3,true,114.3,0.1157
2017-05-15,2017,20,campus,7,9014,6911,2103,9014,0,6854,1160,0,34.0,true,265.12,0.1692
2017-05-15,2017,20,near,7,18278,14489,3789,18278,0,14285,1857,0,70.1,true,260.74,0.13
2017-05-22,2017,21,away,7,6338,5021,1317,6338,0,4974,687,0,68.1,true,93.07,0.1381
2017-05-22,2017,21,campus,7,6982,5245,1737,6982,0,5199,888,0,34.0,true,205.35,0.1708
2017-05-22,2017,21,near,7,14677,11103,3574,14677,0,10953,1538,0,70.4,true,208.48,0.1404
2017-05-29,2017,22,away,7,7169,6035,1134,7169,0,5956,829,0,67.9,true,105.58,0.1392
2017-05-29,2017,22,campus,7,7560,6023,1537,7560,0,5964,1025,0,33.7,true,224.33,0.1719
2017-05-29,2017,22,near,7,15733,12819,2914,15733,0,12617,1701,0,72.1,true,218.21,0.1348
2017-06-05,2017,23,away,7,7495,6049,1446,7495,0,5993,921,0,69.4,true,108.0,0.1537
2017-06-05,2017,23,campus,7,8213,6303,1910,8213,0,6250,1219,0,34.6,true,237.37,0.195
2017-06-05,2017,23,near,7,16615,13062,3553,16615,0,12902,1944,0,72.3,true,229.81,0.1507
2017-06-12,2017,24,away,7,8918,7359,1559,8918,0,7278,1154,0,70.6,true,126.32,0.1586
2017-06-12,2017,24,campus,7,9440,7546,1894,9440,0,7453,1453,0,35.0,true,269.71,0.195
2017-06-12,2017,24,near,7,19455,15877,3578,19455,0,15652,2287,0,73.3,true,265.42,0.1461
2017-06-19,2017,25,away,7,9888,7981,1907,9888,0,7901,1307,0,71.0,true,139.27,0.1654
2017-06-19,2017,25,campus,7,10272,8053,2219,10272,0,7994,1744,0,35.0,true,293.49,0.2182
2017-06-19,2017,25,near,7,21359,16740,4619,21359,0,16517,2694,0,73.3,true,291.39,0.1631
2017-06-26,2017,26,away,7,9550,7785,1765,9550,0,7703,1350,0,71.6,true,133.38,0.1753
2017-06-26,2017,26,campus,7,10293,7973,2320,10293,0,7911,1736,0,35.0,true,294.09,0.2194
2017-06-26,2017,26,near,7,20607,16347,4260,20607,0,16101,2669,0,73.4,true,280.75,0.1658
2017-07-03,2017,27,away,7,9108,6688,2420,9108,0,6609,1253,0,72.6,true,125.45,0.1896
2017-07-03,2017,27,campus,7,9778,6880,2898,9778,0,6825,1730,0,35.0,true,279.37,0.2535
2017-07-03,2017,27,near,7,19421,13766,5655,19421,0,13581,2701,0,73.4,true,264.59,0.1989
2017-07-10,2017,28,away,7,9288,7625,1663,9288,0,7534,1361,0,73.3,true,126.71,0.1806
2017-07-10,2017,28,campus,7,10000,7934,2066,10000,0,7886,1987,0,35.0,true,285.71,0.252
2017-07-10,2017,28,near,7,19986,15830,4156,19986,0,15585,3008,0,73.9,true,270.45,0.193
2017-07-17,2017,29,away,7,9986,8178,1808,9986,0,8055,1477,0,73.6,true,135.68,0.1834
2017-07-17,2017,29,campus,7,11281,8858,2423,11281,0,8786,2203,0,34.9,true,323.24,0.2507
2017-07-17,2017,29,near,7,21981,17397,4584,21981,0,17125,3393,0,73.9,true,297.44,0.1981
2017-07-24,2017,30,away,7,8978,7499,1479,8978,0,7411,1283,0,73.6,true,121.98,0.1731
2017-07-24,2017,30,campus,7,10024,7994,2030,10024,0,7934,2022,0,35.6,true,281.57,0.2549
2017-07-24,2017,30,near,7,19713,15930,3783,19713,0,15705,3151,0,74.6,true,264.25,0.2006
2017-07-31,2017,31,away,7,9762,8248,1514,9762,0,8166,1406,0,73.1,true,133.54,0.1722
2017-07-31,2017,31,campus,7,11288,9001,2287,11288,0,8896,2089,0,36.0,true,313.56,0.2348
2017-07-31,2017,31,near,7,21963,17759,4204,21963,0,17475,3327,0,74.7,true,294.02,0.1904
2017-08-07,2017,32,away,7,10353,8690,1663,10353,0,8578,1416,0,75.9,true,136.4,0.1651
2017-08-07,2017,32,campus,7,11764,9222,2542,11764,0,9133,2015,0,36.0,true,326.78,0.2206
2017-08-07,2017,32,near,7,22556,18212,4344,22556,0,17943,3211,0,74.9,true,301.15,0.179
2017-08-14,2017,33,away,7,10261,8567,1694,10261,0,8477,1312,0,76.0,true,135.01,0.1548
2017-08-14,2017,33,campus,7,10846,8559,2287,10846,0,8494,1787,0,36.0,true,301.28,0.2104
2017-08-14,2017,33,near,7,21730,17494,4236,21730,0,17281,3069,0,74.7,true,290.9,0.1776
2017-08-21,2017,34,away,7,10080,8468,1612,10080,0,8380,1339,0,76.6,true,131.59,0.1598
2017-08-21,2017,34,campus,7,10440,8339,2101,10440,0,8254,1839,0,36.0,true,290.0,0.2228
2017-08-21,2017,34,near,7,21158,17014,4144,21158,0,16800,3055,0,74.9,true,282.48,0.1818
2017-08-28,2017,35,away,7,8862,7772,1090,8862,0,7683,1190,0,73.9,true,119.92,0.1549
2017-08-28,2017,35,campus,7,9204,7670,1534,9204,0,7614,1739,0,36.0,true,255.67,0.2284
2017-08-28,2017,35,near,7,18680,15961,2719,18680,0,15732,2860,0,74.0,true,252.43,0.1818
2017-09-04,2017,36,away,7,9245,7871,1374,9245,0,7791,1240,0,74.7,true,123.76,0.1592
2017-09-04,2017,36,campus,7,10748,8896,1852,10748,0,8842,2254,0,37.0,true,290.49,0.2549
2017-09-04,2017,36,near,7,19779,16306,3473,19779,0,16097,2928,0,73.9,true,267.65,0.1819
2017-09-11,2017,37,away,7,9726,8635,1091,9726,0,8520,1271,0,76.1,true,127.81,0.1492
2017-09-11,2017,37,campus,7,11055,9507,1548,11055,0,9416,2314,0,36.9,true,299.59,0.2458
2017-09-11,2017,37,near,7,21662,18807,2855,21662,0,18484,3364,0,73.9,true,293.13,0.182
2017-09-18,2017,38,away,7,8258,7488,770,8258,0,7392,1147,0,73.3,true,112.66,0.1552
2017-09-18,2017,38,campus,7,9567,8327,1240,9567,0,8246,2224,0,37.0,true,258.57,0.2697
2017-09-18,2017,38,near,7,17455,15327,2128,17455,0,15125,3004,0,73.6,true,237.16,0.1986
2017-09-25,2017,39,away,7,9606,8600,1006,9606,0,8428,1334,0,73.9,true,129.99,0.1583
2017-09-25,2017,39,campus,7,11384,9773,1611,11384,0,9628,2404,0,36.7,true,310.19,0.2497
2017-09-25,2017,39,near,7,20083,17607,2476,20083,0,17262,3181,0,73.7,true,272.5,0.1843
2017-10-02,2017,40,away,7,9028,7971,1057,9028,0,7828,1225,0,75.7,true,119.26,0.1565
2017-10-02,2017,40,campus,7,11351,9529,1822,11351,0,9397,2348,0,37.9,true,299.5,0.2499
2017-10-02,2017,40,near,7,19740,17288,2452,19740,0,16930,3199,0,72.9,true,270.78,0.189
2017-10-09,2017,41,away,7,8158,7291,867,8158,0,7158,1214,0,73.6,true,110.84,0.1696
2017-10-09,2017,41,campus,7,10151,8698,1453,10151,0,8579,2326,0,38.0,true,267.13,0.2711
2017-10-09,2017,41,near,7,17437,15397,2040,17437,0,15099,3121,0,72.3,true,241.18,0.2067
2017-10-16,2017,42,away,7,9450,7989,1461,9450,0,7846,1227,0,74.0,true,127.7,0.1564
2017-10-16,2017,42,campus,7,11848,9957,1891,11848,0,9783,2594,0,37.7,true,314.27,0.2652
2017-10-16,2017,42,near,7,20641,17412,3229,20641,0,17000,3378,0,72.6,true,284.31,0.1987
2017-10-23,2017,43,away,7,7011,6386,625,7011,0,6302,1077,0,73.3,true,95.65,0.1709
2017-10-23,2017,43,campus,7,8767,7720,1047,8767,0,7626,2162,0,37.9,true,231.32,0.2835
2017-10-23,2017,43,near,7,15245,13672,1573,15245,0,13462,2831,0,72.9,true,209.12,0.2103
2017-10-30,2017,44,away,7,7984,7225,759,7984,0,7110,1154,0,75.4,true,105.89,0.1623
2017-10-30,2017,44,campus,7,10245,9039,1206,10245,0,8930,2446,0,37.9,true,270.32,0.2739
2017-10-30,2017,44,near,7,17379,15662,1717,17379,0,15435,3165,0,73.3,true,237.09,0.2051
2017-11-06,2017,45,away,7,6034,5687,347,6034,0,5611,872,0,70.9,true,85.11,0.1554
2017-11-06,2017,45,campus,7,7109,6592,517,7109,0,6529,1780,0,37.9,true,187.57,0.2726
2017-11-06,2017,45,near,7,12668,11945,723,12668,0,11763,2335,0,73.3,true,172.82,0.1985
2017-11-13,2017,46,away,7,5252,5054,198,5252,0,4991,756,0,69.9,true,75.14,0.1515
2017-11-13,2017,46,campus,7,6120,5801,319,6120,0,5726,1483,0,37.6,true,162.77,0.259
2017-11-13,2017,46,near,7,11247,10750,497,11247,0,10588,2000,0,72.9,true,154.28,0.1889
2017-11-20,2017,47,away,7,3786,3358,428,3786,0,3297,542,0,63.3,true,59.81,0.1644
2017-11-20,2017,47,campus,7,4497,3918,579,4497,0,3883,1010,0,36.6,true,122.87,0.2601
2017-11-20,2017,47,near,7,8157,7258,899,8157,0,7163,1446,0,71.1,true,114.73,0.2019
2017-11-27,2017,48,away,7,5504,5230,274,5504,0,5145,770,0,68.1,true,80.82,0.1497
2017-11-27,2017,48,campus,7,6187,5828,359,6187,0,5764,1370,0,34.1,true,181.44,0.2377
2017-11-27,2017,48,near,7,11148,10589,559,11148,0,10463,1838,0,68.6,true,162.51,0.1757
2017-12-04,2017,49,away,7,4745,4589,156,4745,0,4504,639,0,60.4,true,78.56,0.1419
2017-12-04,2017,49,campus,7,5030,4826,204,5030,0,4750,1029,0,32.4,true,155.25,0.2166
2017-12-04,2017,49,near,7,9119,8786,333,9119,0,8658,1431,0,61.6,true,148.04,0.1653
2017-12-11,2017,50,away,7,3608,3553,55,3608,0,3495,518,0,57.3,true,62.97,0.1482
2017-12-11,2017,50,campus,7,3581,3527,54,3581,0,3468,717,0,31.1,true,115.14,0.2067
2017-12-11,2017,50,near,7,6894,6774,120,6894,0,6674,1099,0,58.7,true,117.44,0.1647
2017-12-18,2017,51,away,7,3087,2981,106,3087,0,2930,321,0,55.4,true,55.72,0.1096
2017-12-18,2017,51,campus,7,3003,2911,92,3003,0,2855,495,0,28.7,true,104.63,0.1734
2017-12-18,2017,51,near,7,5896,5746,150,5896,0,5643,756,0,54.3,true,108.58,0.134
2017-12-25,2017,52,away,7,557,538,19,557,0,527,68,0,32.3,true,17.24,0.129
2017-12-25,2017,52,campus,7,511,499,12,511,0,490,78,0,20.7,true,24.69,0.1592
2017-12-25,2017,52,near,7,1088,1065,23,1088,0,1051,135,0,45.0,true,24.18,0.1284
2018-01-01,2018,1,away,7,763,752,11,763,0,740,65,0,28.0,true,27.25,0.0878
2018-01-01,2018,1,campus,7,639,620,19,639,0,607,57,0,18.6,true,34.35,0.0939
2018-01-01,2018,1,near,7,1234,1219,15,1234,0,1189,91,0,35.3,true,34.96,0.0765
2018-01-08,2018,2,away,7,2455,2386,69,2455,0,2357,217,0,53.3,true,46.06,0.0921
2018-01-08,2018,2,campus,7,2285,2222,63,2285,0,2203,322,0,31.4,true,72.77,0.1462
2018-01-08,2018,2,near,7,4421,4302,119,4421,0,4219,431,0,54.3,true,81.42,0.1022
2018-01-15,2018,3,away,7,2640,2534,106,2640,0,2495,266,0,53.3,true,49.53,0.1066
2018-01-15,2018,3,campus,7,2836,2701,135,2836,0,2668,395,0,32.1,true,88.35,0.1481
2018-01-15,2018,3,near,7,4909,4715,194,4909,0,4644,490,0,54.9,true,89.42,0.1055
2018-01-22,2018,4,away,7,3283,3126,157,3283,0,3096,361,0,58.3,true,56.31,0.1166
2018-01-22,2018,4,campus,7,3665,3467,198,3665,0,3432,571,0,32.6,true,112.42,0.1664
2018-01-22,2018,4,near,7,5983,5751,232,5983,0,5645,633,0,55.7,true,107.41,0.1121
2018-01-29,2018,5,away,7,2873,2805,68,2873,0,2764,294,0,52.4,true,54.83,0.1064
2018-01-29,2018,5,campus,7,3187,3101,86,3187,0,3060,488,0,32.4,true,98.36,0.1595
2018-01-29,2018,5,near,7,5402,5288,114,5402,0,5195,556,0,54.6,true,98.94,0.107
2018-02-05,2018,6,away,7,3106,3019,87,3106,0,2987,328,0,55.3,true,56.17,0.1098
2018-02-05,2018,6,campus,7,3357,3260,97,3357,0,3222,539,0,32.1,true,104.58,0.1673
2018-02-05,2018,6,near,7,5916,5756,160,5916,0,5646,634,0,54.7,true,108.15,0.1123
2018-02-12,2018,7,away,7,4175,3986,189,4175,0,3950,420,0,57.7,true,72.36,0.1063
2018-02-12,2018,7,campus,7,4468,4207,261,4468,0,4157,686,0,31.9,true,140.06,0.165
2018-02-12,2018,7,near,7,7720,7345,375,7720,0,7179,810,0,55.6,true,138.85,0.1128
2018-02-19,2018,8,away,7,4494,4089,405,4494,0,4040,444,0,60.7,true,74.04,0.1099
2018-02-19,2018,8,campus,7,4943,4449,494,4943,0,4401,816,0,31.9,true,154.95,0.1854
2018-02-19,2018,8,near,7,8172,7489,683,8172,0,7368,917,0,55.9,true,146.19,0.1245
2018-02-26,2018,9,away,7,4492,4282,210,4492,0,4214,413,0,57.7,true,77.85,0.098
2018-02-26,2018,9,campus,7,4886,4586,300,4886,0,4528,697,0,31.9,true,153.17,0.1539
2018-02-26,2018,9,near,7,8453,8040,413,8453,0,7893,846,0,54.6,true,154.82,0.1072
2018-03-05,2018,10,away,7,3362,3260,102,3362,0,3219,377,0,55.3,true,60.8,0.1171
2018-03-05,2018,10,campus,7,3504,3348,156,3504,0,3304,552,0,31.9,true,109.84,0.1671
2018-03-05,2018,10,near,7,5982,5756,226,5982,0,5640,681,0,56.1,true,106.63,0.1207
2018-03-12,2018,11,away,6,2694,2572,122,2694,0,2537,284,0,54.8,true,49.16,0.1119
2018-03-12,2018,11,campus,6,2717,2584,133,2717,0,2546,427,0,31.5,true,86.25,0.1677
2018-03-12,2018,11,near,6,4639,4462,177,4639,0,4374,533,0,54.5,true,85.12,0.1219
2018-03-19,2018,12,away,7,3745,3575,170,3745,0,3532,384,0,58.9,true,63.58,0.1087
2018-03-19,2018,12,campus,7,4021,3786,235,4021,0,3717,564,0,32.6,true,123.34,0.1517
2018-03-19,2018,12,near,7,6631,6257,374,6631,0,6109,677,0,56.4,true,117.57,0.1108
2018-03-26,2018,13,away,7,5361,4652,709,5361,0,4597,512,0,63.6,true,84.29,0.1114
2018-03-26,2018,13,campus,7,5930,4945,985,5930,0,4874,716,0,32.7,true,181.35,0.1469
2018-03-26,2018,13,near,7,9529,8119,1410,9529,0,7978,886,0,55.4,true,172.0,0.1111
2018-04-02,2018,14,away,7,4476,4204,272,4476,0,4164,517,0,64.1,true,69.83,0.1242
2018-04-02,2018,14,campus,7,4788,4447,341,4788,0,4385,833,0,36.1,true,132.63,0.19
2018-04-02,2018,14,near,7,8449,7911,538,8449,0,7779,1093,0,62.4,true,135.4,0.1405
2018-04-09,2018,15,away,7,6260,5651,609,6260,0,5580,636,0,72.9,true,85.87,0.114
2018-04-09,2018,15,campus,7,6898,6191,707,6898,0,6123,1213,0,37.3,true,184.93,0.1981
2018-04-09,2018,15,near,7,11005,9982,1023,11005,0,9815,1380,0,65.0,true,169.31,0.1406
2018-04-16,2018,16,away,7,5690,4876,814,5690,0,4817,548,0,70.4,true,80.82,0.1138
2018-04-16,2018,16,campus,7,6467,5500,967,6467,0,5439,1206,0,37.7,true,171.54,0.2217
2018-04-16,2018,16,near,7,10579,9049,1530,10579,0,8918,1445,0,64.9,true,163.0,0.162
2018-04-23,2018,17,away,7,6798,5855,943,6798,0,5796,646,0,74.6,true,91.13,0.1115
2018-04-23,2018,17,campus,7,8045,6803,1242,8045,0,6713,1342,0,38.7,true,207.88,0.1999
2018-04-23,2018,17,near,7,13242,11359,1883,13242,0,11188,1611,0,69.4,true,190.81,0.144
2018-04-30,2018,18,away,7,8817,7362,1455,8817,0,7479,845,0,79.0,true,111.61,0.113
2018-04-30,2018,18,campus,7,10188,7951,2237,10188,0,8170,1666,0,38.0,true,268.11,0.2039
2018-04-30,2018,18,near,7,17523,14165,3358,17523,0,14483,2027,0,70.3,true,249.26,0.14
2018-05-07,2018,19,away,7,9086,7903,1183,9086,0,8057,896,0,77.7,true,116.94,0.1112
2018-05-07,2018,19,campus,7,10688,8657,2031,10688,0,9008,1859,0,38.0,true,281.26,0.2064
2018-05-07,2018,19,near,7,18161,15267,2894,18161,0,15674,2326,0,70.4,true,257.97,0.1484
2018-05-14,2018,20,away,7,9691,7972,1719,9691,0,8443,935,0,78.7,true,123.14,0.1107
2018-05-14,2018,20,campus,7,10601,8352,2249,10601,0,8935,1669,0,37.9,true,279.71,0.1868
2018-05-14,2018,20,near,7,18116,14944,3172,18116,0,15685,2121,0,70.6,true,256.6,0.1352
2018-05-21,2018,21,away,7,11139,8705,2434,11139,0,9213,1077,0,80.1,true,139.06,0.1169
2018-05-21,2018,21,campus,7,11744,8931,2813,11744,0,9522,1643,0,37.9,true,309.87,0.1725
2018-05-21,2018,21,near,7,20561,16184,4377,20561,0,17132,2381,0,70.7,true,290.82,0.139
2018-05-28,2018,22,away,7,10878,8494,2384,10878,0,8985,1209,0,80.3,true,135.47,0.1346
2018-05-28,2018,22,campus,7,11344,8727,2617,11344,0,9349,1685,0,37.7,true,300.9,0.1802
2018-05-28,2018,22,near,7,20173,16073,4100,20173,0,16901,2392,0,71.0,true,284.13,0.1415
2018-06-04,2018,23,away,7,11228,8712,2516,11228,0,9291,1347,0,79.7,true,140.88,0.145
2018-06-04,2018,23,campus,7,11937,9110,2827,11937,0,9700,1947,0,38.0,true,314.13,0.2007
2018-06-04,2018,23,near,7,20761,16413,4348,20761,0,17279,2748,0,70.9,true,292.82,0.159
2018-06-11,2018,24,away,7,12813,10075,2738,12813,0,10744,1635,0,81.7,true,156.83,0.1522
2018-06-11,2018,24,campus,7,13511,10462,3049,13511,0,11291,2325,0,37.9,true,356.49,0.2059
2018-06-11,2018,24,near,7,23924,19044,4880,23924,0,20165,3559,0,70.4,true,339.83,0.1765
2018-06-18,2018,25,away,7,12633,10081,2552,12633,0,10700,1721,0,81.3,true,155.39,0.1608
2018-06-18,2018,25,campus,7,13931,10902,3029,13931,0,11634,2648,0,38.0,true,366.61,0.2276
2018-06-18,2018,25,near,7,23937,19309,4628,23937,0,20343,3667,0,70.3,true,340.5,0.1803
2018-06-25,2018,26,away,7,12112,9582,2530,12112,0,10256,1812,0,81.7,true,148.25,0.1767
2018-06-25,2018,26,campus,7,13921,10830,3091,13921,0,11750,2894,0,37.9,true,367.31,0.2463
2018-06-25,2018,26,near,7,22946,18216,4730,22946,0,19558,3809,0,70.4,true,325.94,0.1948
2018-07-02,2018,27,away,7,12038,8554,3484,12038,0,9511,1738,0,82.0,true,146.8,0.1827
2018-07-02,2018,27,campus,7,13896,9556,4340,13896,0,11082,2953,0,38.0,true,365.68,0.2665
2018-07-02,2018,27,near,7,22431,16028,6403,22431,0,17992,3841,0,71.0,true,315.93,0.2135
2018-07-09,2018,28,away,7,14530,11199,3331,14530,0,12230,2167,0,82.4,true,176.33,0.1772
2018-07-09,2018,28,campus,7,16961,12594,4367,16961,0,14076,3455,0,38.0,true,446.34,0.2455
2018-07-09,2018,28,near,7,27810,21414,6396,27810,0,23298,4667,0,71.0,true,391.69,0.2003
2018-07-16,2018,29,away,7,13221,10186,3035,13221,0,11107,2000,0,81.4,true,162.42,0.1801
2018-07-16,2018,29,campus,7,15176,11497,3679,15176,0,12661,3048,0,38.7,true,392.14,0.2407
2018-07-16,2018,29,near,7,25326,19759,5567,25326,0,21287,4317,0,70.9,true,357.21,0.2028
2018-07-23,2018,30,away,7,13717,10350,3367,13717,0,11518,2181,0,84.6,true,162.14,0.1894
2018-07-23,2018,30,campus,7,16254,12204,4050,16254,0,13795,3591,0,38.9,true,417.84,0.2603
2018-07-23,2018,30,near,7,26789,20402,6387,26789,0,22514,4835,0,71.0,true,377.31,0.2148
2018-07-30,2018,31,away,7,14410,10467,3943,14410,0,11924,2242,0,91.3,true,157.83,0.188
2018-07-30,2018,31,campus,7,16463,11812,4651,16463,0,13791,3563,0,39.0,true,422.13,0.2584
2018-07-30,2018,31,near,7,27007,19939,7068,27007,0,22637,4670,0,71.4,true,378.25,0.2063
2018-08-06,2018,32,away,7,12155,9419,2736,12155,0,10364,1963,0,92.4,true,131.55,0.1894
2018-08-06,2018,32,campus,7,13662,10192,3470,13662,0,11471,2698,0,39.0,true,350.31,0.2352
2018-08-06,2018,32,near,7,22467,17336,5131,22467,0,19080,3949,0,72.1,true,311.61,0.207
2018-08-13,2018,33,away,7,13063,9775,3288,13063,0,10964,1897,0,94.1,true,138.82,0.173
2018-08-13,2018,33,campus,7,13792,9876,3916,13792,0,11243,2440,0,38.7,true,356.38,0.217
2018-08-13,2018,33,near,7,24047,17923,6124,24047,0,19901,3832,0,75.6,true,318.08,0.1926
2018-08-20,2018,34,away,7,14323,10308,4015,14323,0,11668,1998,0,97.1,true,147.51,0.1712
2018-08-20,2018,34,campus,7,15273,10763,4510,15273,0,12337,2791,0,39.0,true,391.62,0.2262
2018-08-20,2018,34,near,7,26499,19199,7300,26499,0,21657,4079,0,75.4,true,351.45,0.1883
2018-08-27,2018,35,away,7,14505,10436,4069,14505,0,11815,2162,0,103.6,true,140.01,0.183
2018-08-27,2018,35,campus,7,15299,10761,4538,15299,0,12279,2978,0,39.0,true,392.28,0.2425
2018-08-27,2018,35,near,7,26473,19572,6901,26473,0,21834,4464,0,75.9,true,348.79,0.2045
2018-09-03,2018,36,away,7,14748,10999,3749,14748,0,12501,2415,0,109.1,true,135.18,0.1932
2018-09-03,2018,36,campus,7,15791,11751,4040,15791,0,13198,3751,0,39.7,true,397.76,0.2842
2018-09-03,2018,36,near,7,26592,20411,6181,26592,0,22588,5167,0,76.4,true,348.06,0.2287
2018-09-10,2018,37,away,7,14691,11393,3298,14691,0,12655,2493,0,107.7,true,136.41,0.197
2018-09-10,2018,37,campus,7,15875,12265,3610,15875,0,13572,3896,0,40.0,true,396.88,0.2871
2018-09-10,2018,37,near,7,26440,20814,5626,26440,0,22882,5019,0,77.0,true,343.38,0.2193
2018-09-17,2018,38,away,7,14587,11638,2949,14587,0,12852,2539,0,112.0,true,130.24,0.1976
2018-09-17,2018,38,campus,7,16011,12735,3276,16011,0,14098,4123,0,41.7,true,383.96,0.2925
2018-09-17,2018,38,near,7,26432,21461,4971,26432,0,23504,5330,0,78.4,true,337.14,0.2268
2018-09-24,2018,39,away,7,13061,10336,2725,13061,0,11504,2298,0,113.0,true,115.58,0.1998
2018-09-24,2018,39,campus,7,14217,11175,3042,14217,0,12555,3657,0,44.0,true,323.11,0.2913
2018-09-24,2018,39,near,7,23008,18368,4640,23008,0,20343,4601,0,79.6,true,289.05,0.2262
2018-10-01,2018,40,away,7,12580,10045,2535,12580,0,11182,2217,0,115.6,true,108.82,0.1983
2018-10-01,2018,40,campus,7,14330,11287,3043,14330,0,12653,3740,0,45.6,true,314.25,0.2956
2018-10-01,2018,40,near,7,22379,17893,4486,22379,0,19837,4482,0,80.3,true,278.69,0.2259
2018-10-08,2018,41,away,7,12050,9665,2385,12050,0,10692,2173,0,113.3,true,106.35,0.2032
2018-10-08,2018,41,campus,7,13469,10836,2633,13469,0,12022,3772,0,45.9,true,293.44,0.3138
2018-10-08,2018,41,near,7,20995,17337,3658,20995,0,18887,4450,0,81.0,true,259.2,0.2356
2018-10-15,2018,42,away,7,12234,10061,2173,12234,0,10988,2179,0,114.4,true,106.94,0.1983
2018-10-15,2018,42,campus,7,14223,11722,2501,14223,0,12745,3780,0,46.0,true,309.2,0.2966
2018-10-15,2018,42,near,7,21326,17762,3564,21326,0,19303,4273,0,81.0,true,263.28,0.2214
2018-10-22,2018,43,away,7,9498,8356,1142,9498,0,8832,1639,0,105.0,true,90.46,0.1856
2018-10-22,2018,43,campus,7,10620,9267,1353,10620,0,9780,2887,0,45.3,true,234.44,0.2952
2018-10-22,2018,43,near,7,16549,14677,1872,16549,0,15347,3274,0,80.3,true,206.09,0.2133
2018-10-29,2018,44,away,7,10517,8985,1532,10517,0,9547,1889,0,109.7,true,95.87,0.1979
2018-10-29,2018,44,campus,7,12067,10199,1868,12067,0,10950,3279,0,46.6,true,258.95,0.2995
2018-10-29,2018,44,near,7,18232,15767,2465,18232,0,16696,3683,0,82.9,true,219.93,0.2206
2018-11-05,2018,45,away,7,9524,8293,1231,9524,0,8809,1669,0,110.6,true,86.11,0.1895
2018-11-05,2018,45,campus,7,10211,8911,1300,10211,0,9474,2740,0,45.9,true,222.46,0.2892
2018-11-05,2018,45,near,7,16230,14471,1759,16230,0,15173,3215,0,82.4,true,196.97,0.2119
2018-11-12,2018,46,away,7,7043,6280,763,7043,0,6541,1281,0,98.6,true,71.43,0.1958
2018-11-12,2018,46,campus,7,7982,6992,990,7982,0,7398,2157,0,45.0,true,177.38,0.2916
2018-11-12,2018,46,near,7,12233,10980,1253,12233,0,11476,2616,0,83.7,true,146.15,0.228
2018-11-19,2018,47,away,7,3651,3283,368,3651,0,3404,627,0,79.7,true,45.81,0.1842
2018-11-19,2018,47,campus,7,4225,3771,454,4225,0,3947,1007,0,42.6,true,99.18,0.2551
2018-11-19,2018,47,near,7,6444,5882,562,6444,0,6076,1227,0,74.7,true,86.27,0.2019
2018-11-26,2018,48,away,7,7350,6755,595,7350,0,6971,1293,0,90.9,true,80.86,0.1855
2018-11-26,2018,48,campus,7,7353,6698,655,7353,0,6944,1839,0,43.3,true,169.82,0.2648
2018-11-26,2018,48,near,7,12207,11290,917,12207,0,11569,2240,0,76.3,true,159.99,0.1936
2018-12-03,2018,49,away,7,7014,6528,486,7014,0,6676,1199,0,87.4,true,80.25,0.1796
2018-12-03,2018,49,campus,7,7095,6489,606,7095,0,6697,1741,0,42.3,true,167.73,0.26
2018-12-03,2018,49,near,7,11682,10885,797,11682,0,11176,2073,0,72.6,true,160.91,0.1855
2018-12-10,2018,50,away,7,6937,6408,529,6937,0,6566,1119,0,86.6,true,80.1,0.1704
2018-12-10,2018,50,campus,7,6532,5934,598,6532,0,6117,1415,0,41.9,true,155.89,0.2313
2018-12-10,2018,50,near,7,11010,10260,750,11010,0,10486,1932,0,70.9,true,155.29,0.1842
2018-12-17,2018,51,away,7,5044,4621,423,5044,0,4746,692,0,83.7,true,60.26,0.1458
2018-12-17,2018,51,campus,7,4323,3936,387,4323,0,4064,841,0,41.1,true,105.18,0.2069
2018-12-17,2018,51,near,7,8100,7505,595,8100,0,7659,1319,0,69.9,true,115.88,0.1722
2018-12-24,2018,52,away,7,2405,2000,405,2405,0,2132,316,0,72.7,true,33.08,0.1482
2018-12-24,2018,52,campus,7,1967,1586,381,1967,0,1712,282,0,38.4,true,51.22,0.1647
2018-12-24,2018,52,near,7,3518,2942,576,3518,0,3145,498,0,65.7,true,53.55,0.1583
2018-12-31,2019,1,away,7,4339,3821,518,4339,0,3968,413,0,81.6,true,53.17,0.1041
2018-12-31,2019,1,campus,7,3423,3005,418,3423,0,3093,366,0,40.1,true,85.36,0.1183
2018-12-31,2019,1,near,7,6509,5869,640,6509,0,6048,655,0,67.4,true,96.57,0.1083
2019-01-07,2019,2,away,7,5043,4752,291,5043,0,4829,518,0,78.9,true,63.92,0.1073
2019-01-07,2019,2,campus,7,4409,4131,278,4409,0,4200,642,0,41.4,true,106.5,0.1529
2019-01-07,2019,2,near,7,8145,7761,384,8145,0,7883,906,0,69.7,true,116.86,0.1149
2019-01-14,2019,3,away,6,5121,4827,294,5121,0,4876,502,0,83.7,true,61.18,0.103
2019-01-14,2019,3,campus,6,4542,4265,277,4542,0,4324,619,0,42.3,true,107.38,0.1432
2019-01-14,2019,3,near,6,8000,7592,408,8000,0,7692,885,0,71.0,true,112.68,0.1151
2019-01-21,2019,4,away,7,3210,2925,285,3210,0,3008,394,0,68.3,true,47.0,0.131
2019-01-21,2019,4,campus,7,2928,2652,276,2928,0,2712,518,0,37.3,true,78.5,0.191
2019-01-21,2019,4,near,7,4931,4505,426,4931,0,4610,684,0,63.0,true,78.27,0.1484
2019-01-28,2019,5,away,7,4667,4372,295,4667,0,4439,530,0,79.9,true,58.41,0.1194
2019-01-28,2019,5,campus,7,4433,4073,360,4433,0,4141,767,0,41.1,true,107.86,0.1852
2019-01-28,2019,5,near,7,7480,7006,474,7480,0,7125,954,0,70.9,true,105.5,0.1339
2019-02-04,2019,6,away,7,7112,6392,720,7112,0,6585,764,0,87.4,true,81.37,0.116
2019-02-04,2019,6,campus,7,7359,6468,891,7359,0,6708,1383,0,41.7,true,176.47,0.2062
2019-02-04,2019,6,near,7,11617,10462,1155,11617,0,10806,1609,0,71.7,true,162.02,0.1489
2019-02-11,2019,7,away,7,5529,5059,470,5529,0,5169,614,0,82.4,true,67.1,0.1188
2019-02-11,2019,7,campus,7,5518,5026,492,5518,0,5181,1113,0,41.4,true,133.29,0.2148
2019-02-11,2019,7,near,7,8986,8314,672,8986,0,8505,1217,0,71.6,true,125.5,0.1431
2019-02-18,2019,8,away,7,4750,4419,331,4750,0,4517,583,0,79.9,true,59.45,0.1291
2019-02-18,2019,8,campus,7,4689,4303,386,4689,0,4444,946,0,41.1,true,114.09,0.2129
2019-02-18,2019,8,near,7,7600,7006,594,7600,0,7203,1073,0,70.6,true,107.65,0.149
2019-02-25,2019,9,away,7,4761,4499,262,4761,0,4531,508,0,79.6,true,59.81,0.1121
2019-02-25,2019,9,campus,7,4563,4342,221,4563,0,4388,844,0,40.6,true,112.39,0.1923
2019-02-25,2019,9,near,7,7816,7486,330,7816,0,7567,1074,0,70.3,true,111.18,0.1419
2019-03-04,2019,10,away,7,4284,4003,281,4284,0,4060,498,0,74.7,true,57.35,0.1227
2019-03-04,2019,10,campus,7,4057,3823,234,4057,0,3886,707,0,38.9,true,104.29,0.1819
2019-03-04,2019,10,near,7,6653,6272,381,6653,0,6369,928,0,68.9,true,96.56,0.1457
2019-03-11,2019,11,away,7,7411,6385,1026,7411,0,6693,755,0,88.7,true,83.55,0.1128
2019-03-11,2019,11,campus,7,6759,5793,966,6759,0,6086,1114,0,41.9,true,161.31,0.183
2019-03-11,2019,11,near,7,11433,10026,1407,11433,0,10484,1508,0,72.0,true,158.79,0.1438
2019-03-18,2019,12,away,7,7136,6013,1123,7136,0,6429,829,0,87.7,true,81.37,0.1289
2019-03-18,2019,12,campus,7,6761,5643,1118,6761,0,6012,1172,0,42.0,true,160.98,0.1949
2019-03-18,2019,12,near,7,10852,9433,1419,10852,0,9973,1507,0,72.0,true,150.72,0.1511
2019-03-25,2019,13,away,7,9235,7427,1808,9235,0,8115,1095,0,93.9,true,98.35,0.1349
2019-03-25,2019,13,campus,7,8290,6492,1798,8290,0,7135,1301,0,41.9,true,197.85,0.1823
2019-03-25,2019,13,near,7,13446,11042,2404,13446,0,11920,1706,0,76.0,true,176.92,0.1431
2019-04-01,2019,14,away,7,10837,8383,2454,10837,0,9367,1239,0,105.1,true,103.11,0.1323
2019-04-01,2019,14,campus,7,10004,7636,2368,10004,0,8605,1805,0,42.0,true,238.19,0.2098
2019-04-01,2019,14,near,7,16365,13135,3230,16365,0,14457,2240,0,79.0,true,207.15,0.1549
2019-04-08,2019,15,away,7,10935,8208,2727,10935,0,9240,1238,0,110.0,true,99.41,0.134
2019-04-08,2019,15,campus,7,10520,7865,2655,10520,0,8879,2086,0,44.3,true,237.47,0.2349
2019-04-08,2019,15,near,7,16286,12848,3438,16286,0,14186,2411,0,79.9,true,203.83,0.17
2019-04-15,2019,16,away,7,11063,8468,2595,11063,0,9472,1433,0,112.9,true,97.99,0.1513
2019-04-15,2019,16,campus,7,11955,8918,3037,11955,0,10035,2498,0,46.7,true,256.0,0.2489
2019-04-15,2019,16,near,7,17332,13608,3724,17332,0,14965,2733,0,82.9,true,209.07,0.1826
2019-04-22,2019,17,away,7,10154,8363,1791,10154,0,9122,1221,0,115.0,true,88.3,0.1339
2019-04-22,2019,17,campus,7,11016,8909,2107,11016,0,9715,2388,0,47.9,true,229.98,0.2458
2019-04-22,2019,17,near,7,16857,14106,2751,16857,0,15250,2665,0,86.0,true,196.01,0.1748
2019-04-29,2019,18,away,7,11316,9306,2010,11316,0,10160,1472,0,116.3,true,97.3,0.1449
2019-04-29,2019,18,campus,7,12035,9877,2158,12035,0,10741,2588,0,48.0,true,250.73,0.2409
2019-04-29,2019,18,near,7,18501,15557,2944,18501,0,16831,2934,0,86.6,true,213.64,0.1743
2019-05-06,2019,19,away,7,13660,10671,2989,13660,0,11901,1633,0,117.1,true,116.65,0.1372
2019-05-06,2019,19,campus,7,13917,11098,2819,13917,0,12124,2799,0,47.4,true,293.61,0.2309
2019-05-06,2019,19,near,7,22114,17852,4262,22114,0,19464,3286,0,86.1,true,256.84,0.1688
2019-05-13,2019,20,away,7,13490,10091,3399,13490,0,11653,1678,0,118.4,true,113.94,0.144
2019-05-13,2019,20,campus,7,13027,9925,3102,13027,0,11198,2494,0,48.1,true,270.83,0.2227
2019-05-13,2019,20,near,7,20822,16279,4543,20822,0,18217,3290,0,86.3,true,241.27,0.1806
2019-05-20,2019,21,away,7,16570,11860,4710,16570,0,13829,2119,0,121.7,true,136.15,0.1532
2019-05-20,2019,21,campus,7,16002,11251,4751,16002,0,13296,2777,0,47.9,true,334.07,0.2089
2019-05-20,2019,21,near,7,25939,19020,6919,25939,0,21947,3787,0,87.0,true,298.15,0.1726
2019-05-27,2019,22,away,7,15420,10856,4564,15420,0,12827,2165,0,123.3,true,125.06,0.1688
2019-05-27,2019,22,campus,7,14236,10093,4143,14236,0,11814,2699,0,48.0,true,296.58,0.2285
2019-05-27,2019,22,near,7,22997,16958,6039,22997,0,19536,3737,0,86.3,true,266.48,0.1913
2019-06-03,2019,23,away,7,19942,14344,5598,19942,0,16732,2965,0,124.4,true,160.31,0.1772
2019-06-03,2019,23,campus,7,19142,13816,5326,19142,0,16094,3883,0,48.7,true,393.06,0.2413
2019-06-03,2019,23,near,7,30226,22493,7733,30226,0,25743,5071,0,85.9,true,351.87,0.197
2019-06-10,2019,24,away,7,16725,12249,4476,16725,0,14288,2718,0,122.3,true,136.75,0.1902
2019-06-10,2019,24,campus,7,16206,12147,4059,16206,0,13993,3489,0,48.9,true,331.41,0.2493
2019-06-10,2019,24,near,7,24961,18894,6067,24961,0,21568,4385,0,85.6,true,291.6,0.2033
2019-06-17,2019,25,away,7,19011,13517,5494,19011,0,16389,3472,0,122.3,true,155.45,0.2118
2019-06-17,2019,25,campus,7,18080,13040,5040,18080,0,15708,4133,0,48.9,true,369.73,0.2631
2019-06-17,2019,25,near,7,27750,20548,7202,27750,0,24228,5237,0,85.7,true,323.8,0.2162
2019-06-24,2019,26,away,7,19440,14488,4952,19440,0,16963,3711,0,123.9,true,156.9,0.2188
2019-06-24,2019,26,campus,7,18196,13564,4632,18196,0,15781,4218,0,48.9,true,372.11,0.2673
2019-06-24,2019,26,near,7,28814,22143,6671,28814,0,25416,5565,0,85.6,true,336.61,0.219
2019-07-01,2019,27,away,7,19369,12624,6745,19369,0,16404,3962,0,127.0,true,152.51,0.2415
2019-07-01,2019,27,campus,7,18120,11632,6488,18120,0,15331,4598,0,49.0,true,369.8,0.2999
2019-07-01,2019,27,near,7,28475,18961,9514,28475,0,24203,6069,0,86.9,true,327.68,0.2508
2019-07-08,2019,28,away,7,21052,15772,5280,21052,0,18356,4285,0,129.3,true,162.82,0.2334
2019-07-08,2019,28,campus,7,19545,14426,5119,19545,0,16864,4974,0,50.6,true,386.26,0.2949
2019-07-08,2019,28,near,7,32316,24638,7678,32316,0,28313,6895,0,87.0,true,371.45,0.2435
2019-07-15,2019,29,away,7,19269,14958,4311,19269,0,17093,3899,0,132.0,true,145.98,0.2281
2019-07-15,2019,29,campus,7,18662,14351,4311,18662,0,16491,4584,0,51.9,true,359.58,0.278
2019-07-15,2019,29,near,7,29941,23599,6342,29941,0,26471,6316,0,87.9,true,340.63,0.2386
2019-07-22,2019,30,away,7,21796,16099,5697,21796,0,18964,4336,0,138.4,true,157.49,0.2286
2019-07-22,2019,30,campus,7,20557,14832,5725,20557,0,17620,4978,0,52.0,true,395.33,0.2825
2019-07-22,2019,30,near,7,32478,24407,8071,32478,0,28226,6759,0,88.4,true,367.4,0.2395
2019-07-29,2019,31,away,7,22539,16837,5702,22539,0,19722,4408,0,138.9,true,162.27,0.2235
2019-07-29,2019,31,campus,7,21070,15531,5539,21070,0,18285,5212,0,52.0,true,405.19,0.285
2019-07-29,2019,31,near,7,34179,25912,8267,34179,0,29945,7010,0,90.0,true,379.77,0.2341
2019-08-05,2019,32,away,7,23202,16855,6347,23202,0,20488,4437,0,140.9,true,164.67,0.2166
2019-08-05,2019,32,campus,7,22124,15719,6405,22124,0,19204,5252,0,52.0,true,425.46,0.2735
2019-08-05,2019,32,near,7,35600,26247,9353,35600,0,31293,7195,0,90.9,true,391.64,0.2299
2019-08-12,2019,33,away,7,22746,17001,5745,22746,0,20043,4360,0,144.3,true,157.63,0.2175
2019-08-12,2019,33,campus,7,19866,14650,5216,19866,0,17332,4449,0,52.0,true,382.04,0.2567
2019-08-12,2019,33,near,7,33659,25885,7774,33659,0,29986,6456,0,92.3,true,364.67,0.2153
2019-08-19,2019,34,away,7,21219,15876,5343,21219,0,18480,3728,0,144.9,true,146.44,0.2017
2019-08-19,2019,34,campus,7,18015,13189,4826,18015,0,15348,3725,0,52.7,true,341.84,0.2427
2019-08-19,2019,34,near,7,31421,24086,7335,31421,0,27458,5669,0,93.7,true,335.34,0.2065
2019-08-26,2019,35,away,7,21367,15840,5527,21367,0,18597,3807,0,147.9,true,144.47,0.2047
2019-08-26,2019,35,campus,7,19389,14148,5241,19389,0,16665,4400,0,52.9,true,366.52,0.264
2019-08-26,2019,35,near,7,32086,24147,7939,32086,0,27923,5975,0,94.7,true,338.82,0.214
2019-09-02,2019,36,away,7,22819,17128,5691,22819,0,20128,4331,0,149.7,true,152.43,0.2152
2019-09-02,2019,36,campus,7,21113,15655,5458,21113,0,18409,5745,0,51.9,true,406.8,0.3121
2019-09-02,2019,36,near,7,34845,26644,8201,34845,0,30711,7158,0,95.7,true,364.11,0.2331
2019-09-09,2019,37,away,7,23139,18256,4883,23139,0,20843,4528,0,153.1,true,151.14,0.2172
2019-09-09,2019,37,campus,7,22520,17760,4760,22520,0,20235,6543,0,52.0,true,433.08,0.3234
2019-09-09,2019,37,near,7,37297,30008,7289,37297,0,33755,8094,0,95.7,true,389.73,0.2398
2019-09-16,2019,38,away,7,25748,19853,5895,25748,0,22974,4967,0,155.4,true,165.69,0.2162
2019-09-16,2019,38,campus,7,24989,19235,5754,24989,0,22160,7197,0,51.9,true,481.48,0.3248
2019-09-16,2019,38,near,7,40096,31584,8512,40096,0,35897,8626,0,95.7,true,418.98,0.2403
2019-09-23,2019,39,away,7,25017,19455,5562,25017,0,22380,4906,0,154.1,true,162.34,0.2192
2019-09-23,2019,39,campus,7,23865,18759,5106,23865,0,21361,6998,0,51.7,true,461.61,0.3276
2019-09-23,2019,39,near,7,38562,30638,7924,38562,0,34779,8371,0,96.0,true,401.69,0.2407
2019-09-30,2019,40,away,7,21189,17253,3936,21189,0,19429,4176,0,150.7,true,140.6,0.2149
2019-09-30,2019,40,campus,7,20377,16750,3627,20377,0,18598,6169,0,52.0,true,391.87,0.3317
2019-09-30,2019,40,near,7,32633,27206,5427,32633,0,29987,7356,0,95.3,true,342.42,0.2453
2019-10-07,2019,41,away,7,18260,14763,3497,18260,0,16711,3644,0,147.1,true,124.13,0.2181
2019-10-07,2019,41,campus,7,17476,14111,3365,17476,0,15877,5360,0,52.1,true,335.43,0.3376
2019-10-07,2019,41,near,7,27912,22841,5071,27912,0,25471,6425,0,95.0,true,293.81,0.2522
2019-10-14,2019,42,away,7,20349,15946,4403,20349,0,18318,4172,0,151.6,true,134.23,0.2278
2019-10-14,2019,42,campus,7,19990,15179,4811,19990,0,17805,6003,0,52.0,true,384.42,0.3372
2019-10-14,2019,42,near,7,31476,24712,6764,31476,0,28422,7359,0,95.7,true,328.9,0.2589
2019-10-21,2019,43,away,7,19261,15645,3616,19261,0,17600,3783,0,150.0,true,128.41,0.2149
2019-10-21,2019,43,campus,7,18868,15237,3631,18868,0,17180,5638,0,51.7,true,364.95,0.3282
2019-10-21,2019,43,near,7,30015,24837,5178,30015,0,27471,6677,0,96.6,true,310.71,0.2431
2019-10-28,2019,44,away,7,18797,15351,3446,18797,0,17356,3888,0,147.9,true,127.09,0.224
2019-10-28,2019,44,campus,7,17388,14107,3281,17388,0,15967,5607,0,52.7,true,329.94,0.3512
2019-10-28,2019,44,near,7,28571,23683,4888,28571,0,26385,6702,0,98.4,true,290.36,0.254
2019-11-04,2019,45,away,7,15028,12981,2047,15028,0,14155,2860,0,138.4,true,108.58,0.202
2019-11-04,2019,45,campus,7,14441,12288,2153,14441,0,13473,4450,0,53.0,true,272.47,0.3303
2019-11-04,2019,45,near,7,23950,20741,3209,23950,0,22450,5462,0,97.1,true,246.65,0.2433
2019-11-11,2019,46,away,7,12614,11030,1584,12614,0,11928,2360,0,124.4,true,101.4,0.1979
2019-11-11,2019,46,campus,7,11844,10334,1510,11844,0,11171,3626,0,50.6,true,234.07,0.3246
2019-11-11,2019,46,near,7,19962,17667,2295,19962,0,18956,4665,0,96.1,true,207.72,0.2461
2019-11-18,2019,47,away,7,11122,9791,1331,11122,0,10553,2160,0,115.9,true,95.96,0.2047
2019-11-18,2019,47,campus,7,10032,8823,1209,10032,0,9487,2907,0,48.0,true,209.0,0.3064
2019-11-18,2019,47,near,7,16967,15031,1936,16967,0,16045,3739,0,88.0,true,192.81,0.233
2019-11-25,2019,48,away,7,8919,7669,1250,8919,0,8320,1555,0,115.3,true,77.35,0.1869
2019-11-25,2019,48,campus,7,7408,6346,1062,7408,0,6888,1831,0,45.1,true,164.26,0.2658
2019-11-25,2019,48,near,7,13344,11596,1748,13344,0,12482,2658,0,85.0,true,156.99,0.2129
2019-12-02,2019,49,away,7,7180,6476,704,7180,0,6881,1410,0,107.7,true,66.67,0.2049
2019-12-02,2019,49,campus,7,6386,5724,662,6386,0,6027,1770,0,45.1,true,141.6,0.2937
2019-12-02,2019,49,near,7,11141,10028,1113,11141,0,10629,2401,0,85.4,true,130.46,0.2259
2019-12-09,2019,50,away,7,8780,7781,999,8780,0,8319,1689,0,109.4,true,80.26,0.203
2019-12-09,2019,50,campus,7,7422,6658,764,7422,0,7025,1924,0,45.7,true,162.41,0.2739
2019-12-09,2019,50,near,7,13168,11818,1350,13168,0,12544,2762,0,84.1,true,156.58,0.2202
2019-12-16,2019,51,away,7,6018,5417,601,6018,0,5744,981,0,99.7,true,60.36,0.1708
2019-12-16,2019,51,campus,7,4861,4461,400,4861,0,4631,997,0,44.9,true,108.26,0.2153
2019-12-16,2019,51,near,7,9233,8514,719,9233,0,8816,1664,0,82.3,true,112.19,0.1887
2019-12-23,2019,52,away,7,4225,3286,939,4225,0,3689,611,0,97.6,true,43.29,0.1656
2019-12-23,2019,52,campus,7,3317,2589,728,3317,0,2890,619,0,43.9,true,75.56,0.2142
2019-12-23,2019,52,near,7,5916,4680,1236,5916,0,5224,887,0,79.7,true,74.23,0.1698
2019-12-30,2020,1,away,7,4964,4185,779,4964,0,4582,603,0,97.3,true,51.02,0.1316
2019-12-30,2020,1,campus,7,3466,2993,473,3466,0,3210,507,0,44.0,true,78.77,0.1579
2019-12-30,2020,1,near,7,6978,6076,902,6978,0,6479,822,0,79.1,true,88.22,0.1269
2020-01-06,2020,2,away,7,10443,8622,1821,10443,0,9513,1146,0,112.3,true,92.99,0.1205
2020-01-06,2020,2,campus,7,7764,6521,1243,7764,0,7126,1191,0,45.1,true,172.15,0.1671
2020-01-06,2020,2,near,7,15333,13079,2254,15333,0,14196,1934,0,83.9,true,182.75,0.1362
2020-01-13,2020,3,away,7,7985,7349,636,7985,0,7668,846,0,103.7,true,77.0,0.1103
2020-01-13,2020,3,campus,7,6276,5763,513,6276,0,6011,1010,0,45.1,true,139.16,0.168
2020-01-13,2020,3,near,7,12226,11262,964,12226,0,11722,1659,0,82.9,true,147.48,0.1415
2020-01-20,2020,4,away,7,8146,7290,856,8146,0,7723,1065,0,106.7,true,76.34,0.1379
2020-01-20,2020,4,campus,7,6952,6130,822,6952,0,6481,1417,0,45.7,true,152.12,0.2186
2020-01-20,2020,4,near,7,12393,11168,1225,12393,0,11743,1894,0,82.0,true,151.13,0.1613
2020-01-27,2020,5,away,7,10096,9127,969,10096,0,9620,1315,0,108.0,true,93.48,0.1367
2020-01-27,2020,5,campus,7,8856,7992,864,8856,0,8419,1888,0,46.0,true,192.52,0.2243
2020-01-27,2020,5,near,7,15828,14383,1445,15828,0,15105,2500,0,83.3,true,190.01,0.1655
2020-02-03,2020,6,away,7,8764,7991,773,8764,0,8402,1222,0,103.7,true,84.51,0.1454
2020-02-03,2020,6,campus,7,8220,7513,707,8220,0,7882,1959,0,46.6,true,176.39,0.2485
2020-02-03,2020,6,near,7,14143,13066,1077,14143,0,13572,2378,0,82.7,true,171.02,0.1752
2020-02-10,2020,7,away,7,8161,7490,671,8161,0,7824,1138,0,101.4,true,80.48,0.1454
2020-02-10,2020,7,campus,7,7675,7030,645,7675,0,7314,1678,0,46.1,true,166.49,0.2294
2020-02-10,2020,7,near,7,13254,12265,989,13254,0,12710,2210,0,82.6,true,160.46,0.1739
2020-02-17,2020,8,away,7,9434,8063,1371,9434,0,8790,1366,0,107.1,true,88.09,0.1554
2020-02-17,2020,8,campus,7,8303,7099,1204,8303,0,7707,1993,0,47.0,true,176.66,0.2586
2020-02-17,2020,8,near,7,14169,12376,1793,14169,0,13281,2478,0,82.7,true,171.33,0.1866
2020-02-24,2020,9,away,7,10228,9130,1098,10228,0,9710,1441,0,106.7,true,95.86,0.1484
2020-02-24,2020,9,campus,7,9590,8526,1064,9590,0,9091,2132,0,46.6,true,205.79,0.2345
2020-02-24,2020,9,near,7,16553,14957,1596,16553,0,15712,2767,0,82.1,true,201.62,0.1761
2020-03-02,2020,10,away,7,11346,9834,1512,11346,0,10582,1510,0,107.4,true,105.64,0.1427
2020-03-02,2020,10,campus,7,10357,9024,1333,10357,0,9637,2171,0,46.6,true,222.25,0.2253
2020-03-02,2020,10,near,7,17972,15815,2157,17972,0,16751,2705,0,82.7,true,217.32,0.1615
2020-03-09,2020,11,away,7,11472,9331,2141,11472,0,10554,1606,0,115.1,true,99.67,0.1522
2020-03-09,2020,11,campus,7,9928,8124,1804,9928,0,9114,1899,0,46.6,true,213.05,0.2084
2020-03-09,2020,11,near,7,17413,14567,2846,17413,0,16040,2777,0,83.0,true,209.8,0.1731
2020-03-16,2020,12,away,7,5243,3597,1646,5243,0,4512,743,0,106.7,true,49.14,0.1647
2020-03-16,2020,12,campus,7,3118,2457,661,3118,0,2830,474,0,43.9,true,71.03,0.1675
2020-03-16,2020,12,near,7,5659,4339,1320,5659,0,5089,754,0,78.7,true,71.91,0.1482
2020-03-23,2020,13,away,7,3842,2532,1310,3842,0,3204,479,0,99.4,true,38.65,0.1495
2020-03-23,2020,13,campus,7,1902,1391,511,1902,0,1671,276,0,41.0,true,46.39,0.1652
2020-03-23,2020,13,near,7,3786,2735,1051,3786,0,3296,480,0,74.4,true,50.89,0.1456
2020-03-30,2020,14,away,7,3232,2275,957,3232,0,2813,461,0,97.1,true,33.29,0.1639
2020-03-30,2020,14,campus,7,1648,1236,412,1648,0,1447,226,0,44.9,true,36.7,0.1562
2020-03-30,2020,14,near,7,3449,2597,852,3449,0,3053,425,0,80.3,true,42.95,0.1392
2020-04-06,2020,15,away,7,4767,3082,1685,4767,0,3995,636,0,113.7,true,41.93,0.1592
2020-04-06,2020,15,campus,7,2284,1664,620,2284,0,1996,311,0,48.3,true,47.29,0.1558
2020-04-06,2020,15,near,7,4754,3272,1482,4754,0,4082,593,0,87.4,true,54.39,0.1453
2020-04-13,2020,16,away,7,4419,2800,1619,4419,0,3704,592,0,110.3,true,40.06,0.1598
2020-04-13,2020,16,campus,7,2304,1644,660,2304,0,1991,320,0,47.1,true,48.92,0.1607
2020-04-13,2020,16,near,7,4439,3229,1210,4439,0,3870,558,0,83.4,true,53.23,0.1442
2020-04-20,2020,17,away,7,4574,3007,1567,4574,0,3869,543,0,121.0,true,37.8,0.1403
2020-04-20,2020,17,campus,7,2430,1764,666,2430,0,2135,355,0,48.3,true,50.31,0.1663
2020-04-20,2020,17,near,7,4620,3291,1329,4620,0,4007,558,0,87.3,true,52.92,0.1393
2020-04-27,2020,18,away,7,7652,4140,3512,7652,0,1870,306,0,131.3,true,58.28,0.1636
2020-04-27,2020,18,campus,7,3585,2325,1260,3585,0,1042,149,0,49.6,true,72.28,0.143
2020-04-27,2020,18,near,7,6896,4400,2496,6896,0,1942,259,0,89.9,true,76.71,0.1334
2020-05-04,2020,19,away,7,6631,4249,2382,6631,0,0,0,0,143.3,true,46.27,
2020-05-04,2020,19,campus,7,3409,2543,866,3409,0,0,0,0,53.1,true,64.2,
2020-05-04,2020,19,near,7,6353,4683,1670,6353,0,0,0,0,92.9,true,68.39,
2020-05-11,2020,20,away,7,10534,5714,4820,10534,0,0,0,0,149.0,true,70.7,
2020-05-11,2020,20,campus,7,5250,3481,1769,5250,0,0,0,0,53.4,true,98.31,
2020-05-11,2020,20,near,7,9656,6170,3486,9656,0,0,0,0,95.1,true,101.54,
2020-05-18,2020,21,away,7,11888,6505,5383,11888,0,0,0,0,156.3,true,76.06,
2020-05-18,2020,21,campus,7,6412,4150,2262,6412,0,0,0,0,54.1,true,118.52,
2020-05-18,2020,21,near,7,11348,7357,3991,11348,0,0,0,0,95.6,true,118.7,
2020-05-25,2020,22,away,7,15783,8178,7605,15783,0,0,0,0,160.7,true,98.21,
2020-05-25,2020,22,campus,7,8456,5206,3250,8456,0,0,0,0,53.9,true,156.88,
2020-05-25,2020,22,near,7,15203,9456,5747,15203,0,0,0,0,96.4,true,157.71,
2020-06-01,2020,23,away,7,14721,8606,6115,14721,0,0,0,0,159.0,true,92.58,
2020-06-01,2020,23,campus,7,8260,5585,2675,8260,0,0,0,0,54.7,true,151.01,
2020-06-01,2020,23,near,7,14509,9595,4914,14509,0,0,0,0,96.9,true,149.73,
2020-06-08,2020,24,away,7,17886,10309,7577,17886,0,0,0,0,160.4,true,111.51,
2020-06-08,2020,24,campus,7,9979,6684,3295,9979,0,0,0,0,54.6,true,182.77,
2020-06-08,2020,24,near,7,17889,11543,6346,17889,0,0,0,0,96.4,true,185.57,
2020-06-15,2020,25,away,7,18714,11285,7429,18714,0,0,0,0,162.7,true,115.02,
2020-06-15,2020,25,campus,7,11354,7658,3696,11354,0,0,0,0,54.7,true,207.57,
2020-06-15,2020,25,near,7,19165,12803,6362,19165,0,0,0,0,96.6,true,198.4,
2020-06-22,2020,26,away,7,17436,10737,6699,17436,0,0,0,0,160.9,true,108.37,
2020-06-22,2020,26,campus,7,11383,7975,3408,11383,0,0,0,0,54.9,true,207.34,
2020-06-22,2020,26,near,7,18969,12990,5979,18969,0,0,0,0,96.0,true,197.59,
2020-06-29,2020,27,away,7,18034,10658,7376,18034,0,0,0,0,159.9,true,112.78,
2020-06-29,2020,27,campus,7,11929,7759,4170,11929,0,0,0,0,54.9,true,217.29,
2020-06-29,2020,27,near,7,20286,13031,7255,20286,0,0,0,0,98.1,true,206.79,
2020-07-06,2020,28,away,7,20129,12421,7708,20129,0,0,0,0,161.4,true,124.71,
2020-07-06,2020,28,campus,7,13762,9451,4311,13762,0,0,0,0,55.0,true,250.22,
2020-07-06,2020,28,near,7,22819,15301,7518,22819,0,0,0,0,99.0,true,230.49,
2020-07-13,2020,29,away,7,19999,12476,7523,19999,0,0,0,0,162.9,true,122.77,
2020-07-13,2020,29,campus,7,14066,9659,4407,14066,0,0,0,0,55.0,true,255.75,
2020-07-13,2020,29,near,7,23029,15893,7136,23029,0,0,0,0,98.9,true,232.85,
2020-07-20,2020,30,away,7,21174,13381,7793,21174,0,0,0,0,161.9,true,130.78,
2020-07-20,2020,30,campus,7,14944,10442,4502,14944,0,0,0,0,55.0,true,271.71,
2020-07-20,2020,30,near,7,24659,17077,7582,24659,0,0,0,0,99.0,true,249.08,
2020-07-27,2020,31,away,7,21801,13871,7930,21801,0,0,0,0,163.7,true,133.18,
2020-07-27,2020,31,campus,7,15733,11152,4581,15733,0,0,0,0,55.0,true,286.05,
2020-07-27,2020,31,near,7,25750,17883,7867,25750,0,0,0,0,99.1,true,259.84,
2020-08-03,2020,32,away,7,22356,14233,8123,22356,0,0,0,0,163.0,true,137.15,
2020-08-03,2020,32,campus,7,16250,11482,4768,16250,0,0,0,0,55.0,true,295.45,
2020-08-03,2020,32,near,7,26566,18291,8275,26566,0,0,0,0,99.4,true,267.26,
2020-08-10,2020,33,away,7,21330,14058,7272,21330,0,0,0,0,162.1,true,131.59,
2020-08-10,2020,33,campus,7,15451,11207,4244,15451,0,0,0,0,55.0,true,280.93,
2020-08-10,2020,33,near,7,25292,17906,7386,25292,0,0,0,0,99.9,true,253.17,
2020-08-17,2020,34,away,7,21518,14218,7300,21518,0,0,0,0,162.0,true,132.83,
2020-08-17,2020,34,campus,7,16509,11694,4815,16509,0,0,0,0,55.0,true,300.16,
2020-08-17,2020,34,near,7,26989,18909,8080,26989,0,0,0,0,100.1,true,269.62,
2020-08-24,2020,35,away,7,21202,14238,6964,21202,0,0,0,0,158.9,true,133.43,
2020-08-24,2020,35,campus,7,16704,11996,4708,16704,0,0,0,0,55.0,true,303.71,
2020-08-24,2020,35,near,7,27202,19604,7598,27202,0,0,0,0,100.3,true,271.21,
2020-08-31,2020,36,away,7,22648,14468,8180,22648,0,0,0,0,161.1,true,140.58,
2020-08-31,2020,36,campus,7,19120,12704,6416,19120,0,0,0,0,55.0,true,347.64,
2020-08-31,2020,36,near,7,29885,20000,9885,29885,0,0,0,0,101.0,true,295.89,
2020-09-07,2020,37,away,7,23709,15217,8492,23709,0,0,0,0,160.4,true,147.81,
2020-09-07,2020,37,campus,7,19395,13451,5944,19395,0,0,0,0,55.0,true,352.64,
2020-09-07,2020,37,near,7,31055,21451,9604,31055,0,0,0,0,100.7,true,308.39,
2020-09-14,2020,38,away,7,21946,15203,6743,21946,0,0,0,0,159.7,true,137.42,
2020-09-14,2020,38,campus,7,19103,14102,5001,19103,0,0,0,0,55.0,true,347.33,
2020-09-14,2020,38,near,7,29036,21386,7650,29036,0,0,0,0,100.7,true,288.34,
2020-09-21,2020,39,away,7,22523,15369,7154,22523,0,0,0,0,160.7,true,140.16,
2020-09-21,2020,39,campus,7,19776,14257,5519,19776,0,0,0,0,55.0,true,359.56,
2020-09-21,2020,39,near,7,30363,21922,8441,30363,0,0,0,0,99.7,true,304.54,
2020-09-28,2020,40,away,7,21447,15186,6261,21447,0,0,0,0,160.9,true,133.29,
2020-09-28,2020,40,campus,7,18345,13606,4739,18345,0,0,0,0,55.1,true,332.94,
2020-09-28,2020,40,near,7,28681,21254,7427,28681,0,0,0,0,100.0,true,286.81,
2020-10-05,2020,41,away,7,20399,13937,6462,20399,0,0,0,0,160.4,true,127.18,
2020-10-05,2020,41,campus,7,18515,12885,5630,18515,0,0,0,0,54.9,true,337.25,
2020-10-05,2020,41,near,7,27980,19759,8221,27980,0,0,0,0,101.0,true,277.03,
2020-10-12,2020,42,away,7,15053,10949,4104,15053,0,0,0,0,152.3,true,98.84,
2020-10-12,2020,42,campus,7,13600,10236,3364,13600,0,0,0,0,54.6,true,249.08,
2020-10-12,2020,42,near,7,21010,15582,5428,21010,0,0,0,0,101.1,true,207.81,
2020-10-19,2020,43,away,7,18190,13196,4994,18190,0,0,0,0,158.1,true,115.05,
2020-10-19,2020,43,campus,7,16585,12314,4271,16585,0,0,0,0,54.9,true,302.09,
2020-10-19,2020,43,near,7,25317,19332,5985,25317,0,0,0,0,101.7,true,248.94,
2020-10-26,2020,44,away,7,8868,7224,1644,8868,0,0,0,0,138.7,true,63.94,
2020-10-26,2020,44,campus,7,8456,7016,1440,8456,0,0,0,0,53.6,true,157.76,
2020-10-26,2020,44,near,7,13234,11127,2107,13234,0,0,0,0,99.1,true,133.54,
2020-11-02,2020,45,away,7,15951,11165,4786,15951,0,0,0,0,151.7,true,105.15,
2020-11-02,2020,45,campus,7,13873,9926,3947,13873,0,0,0,0,54.7,true,253.62,
2020-11-02,2020,45,near,7,22341,16435,5906,22341,0,0,0,0,101.0,true,221.2,
2020-11-09,2020,46,away,7,12743,9672,3071,12743,0,0,0,0,142.0,true,89.74,
2020-11-09,2020,46,campus,7,11557,8893,2664,11557,0,0,0,0,52.9,true,218.47,
2020-11-09,2020,46,near,7,18517,14541,3976,18517,0,0,0,0,99.9,true,185.36,
2020-11-16,2020,47,away,7,10691,8315,2376,10691,0,0,0,0,132.6,true,80.63,
2020-11-16,2020,47,campus,7,9892,7843,2049,9892,0,0,0,0,52.0,true,190.23,
2020-11-16,2020,47,near,7,14628,11773,2855,14628,0,0,0,0,94.0,true,155.62,
2020-11-23,2020,48,away,7,7617,5745,1872,7617,0,0,0,0,124.4,true,61.23,
2020-11-23,2020,48,campus,7,6509,5037,1472,6509,0,0,0,0,50.1,true,129.92,
2020-11-23,2020,48,near,7,10125,7951,2174,10125,0,0,0,0,89.9,true,112.63,
2020-11-30,2020,49,away,7,6807,5679,1128,6807,0,0,0,0,112.1,true,60.72,
2020-11-30,2020,49,campus,7,5765,4968,797,5765,0,0,0,0,47.7,true,120.86,
2020-11-30,2020,49,near,7,9339,8087,1252,9339,0,0,0,0,86.3,true,108.22,
2020-12-07,2020,50,away,7,7269,5946,1323,7269,0,0,0,0,117.1,true,62.08,
2020-12-07,2020,50,campus,7,6128,5155,973,6128,0,0,0,0,49.0,true,125.06,
2020-12-07,2020,50,near,7,10138,8554,1584,10138,0,0,0,0,88.0,true,115.2,
2020-12-14,2020,51,away,7,3478,3062,416,3478,0,0,0,0,86.4,true,40.25,
2020-12-14,2020,51,campus,7,2979,2678,301,2979,0,0,0,0,42.7,true,69.77,
2020-12-14,2020,51,near,7,4747,4257,490,4747,0,0,0,0,77.4,true,61.33,
2020-12-21,2020,52,away,7,3433,2877,556,3433,0,0,0,0,94.1,true,36.48,
2020-12-21,2020,52,campus,7,2738,2352,386,2738,0,0,0,0,45.6,true,60.04,
2020-12-21,2020,52,near,7,4588,3940,648,4588,0,0,0,0,78.7,true,58.3,
2020-12-28,2020,53,away,7,4361,3317,1044,4361,0,0,0,0,107.0,true,40.76,
2020-12-28,2020,53,campus,7,3247,2590,657,3247,0,0,0,0,48.3,true,67.23,
2020-12-28,2020,53,near,7,5343,4296,1047,5343,0,0,0,0,83.1,true,64.3,
2021-01-04,2021,1,away,7,5225,4359,866,5225,0,0,0,0,110.1,true,47.46,
2021-01-04,2021,1,campus,7,4143,3592,551,4143,0,0,0,0,48.7,true,85.07,
2021-01-04,2021,1,near,7,6872,6008,864,6872,0,0,0,0,85.7,true,80.19,
2021-01-11,2021,2,away,7,5707,4771,936,5707,0,0,0,0,112.4,true,50.77,
2021-01-11,2021,2,campus,7,4789,4125,664,4789,0,0,0,0,49.3,true,97.14,
2021-01-11,2021,2,near,7,7779,6714,1065,7779,0,0,0,0,85.3,true,91.2,
2021-01-18,2021,3,away,7,5833,4876,957,5833,0,0,0,0,110.1,true,52.98,
2021-01-18,2021,3,campus,7,5057,4366,691,5057,0,0,0,0,49.0,true,103.2,
2021-01-18,2021,3,near,7,8184,7063,1121,8184,0,0,0,0,85.9,true,95.27,
2021-01-25,2021,4,away,7,3625,3239,386,3625,0,0,0,0,93.0,true,38.98,
2021-01-25,2021,4,campus,7,3430,3119,311,3430,0,0,0,0,48.0,true,71.46,
2021-01-25,2021,4,near,7,5419,4915,504,5419,0,0,0,0,82.1,true,66.0,
2021-02-01,2021,5,away,7,4114,3556,558,4114,0,0,0,0,95.9,true,42.9,
2021-02-01,2021,5,campus,7,3715,3284,431,3715,0,0,0,0,47.6,true,78.05,
2021-02-01,2021,5,near,7,5928,5258,670,5928,0,0,0,0,83.4,true,71.08,
2021-02-08,2021,6,away,7,4087,3631,456,4087,0,0,0,0,97.9,true,41.75,
2021-02-08,2021,6,campus,7,3823,3413,410,3823,0,0,0,0,47.6,true,80.32,
2021-02-08,2021,6,near,7,5897,5278,619,5897,0,0,0,0,83.0,true,71.05,
2021-02-15,2021,7,away,7,3747,3302,445,3747,0,0,0,0,97.7,true,38.35,
2021-02-15,2021,7,campus,7,3405,2980,425,3405,0,0,0,0,46.6,true,73.07,
2021-02-15,2021,7,near,7,5316,4759,557,5316,0,0,0,0,83.1,true,63.97,
2021-02-22,2021,8,away,7,6040,4921,1119,6040,0,0,0,0,111.3,true,54.27,
2021-02-22,2021,8,campus,7,5355,4499,856,5355,0,0,0,0,48.4,true,110.64,
2021-02-22,2021,8,near,7,8564,7250,1314,8564,0,0,0,0,87.4,true,97.99,
2021-03-01,2021,9,away,7,5858,4874,984,5858,0,0,0,0,109.0,true,53.74,
2021-03-01,2021,9,campus,7,5172,4339,833,5172,0,0,0,0,48.0,true,107.75,
2021-03-01,2021,9,near,7,8442,7291,1151,8442,0,0,0,0,86.0,true,98.16,
2021-03-08,2021,10,away,7,9814,7210,2604,9814,0,0,0,0,123.3,true,79.59,
2021-03-08,2021,10,campus,7,8412,6266,2146,8412,0,0,0,0,48.4,true,173.8,
2021-03-08,2021,10,near,7,13168,10212,2956,13168,0,0,0,0,88.0,true,149.64,
2021-03-15,2021,11,away,7,9528,6501,3027,9528,0,0,0,0,120.3,true,79.2,
2021-03-15,2021,11,campus,7,7896,5469,2427,7896,0,0,0,0,48.3,true,163.48,
2021-03-15,2021,11,near,7,12925,9444,3481,12925,0,0,0,0,89.0,true,145.22,
2021-03-22,2021,12,away,7,12473,8284,4189,12473,0,0,0,0,130.4,true,95.65,
2021-03-22,2021,12,campus,7,10809,7268,3541,10809,0,0,0,0,48.7,true,221.95,
2021-03-22,2021,12,near,7,16822,11941,4881,16822,0,0,0,0,91.3,true,184.25,
2021-03-29,2021,13,away,7,10805,7589,3216,10805,0,0,0,0,130.0,true,83.12,
2021-03-29,2021,13,campus,7,10096,6782,3314,10096,0,0,0,0,49.6,true,203.55,
2021-03-29,2021,13,near,7,14917,10966,3951,14917,0,0,0,0,92.3,true,161.61,
2021-04-05,2021,14,away,7,14899,9862,5037,14899,0,0,0,0,137.4,true,108.44,
2021-04-05,2021,14,campus,7,13486,8901,4585,13486,0,0,0,0,50.4,true,267.58,
2021-04-05,2021,14,near,7,20286,14137,6149,20286,0,0,0,0,94.9,true,213.76,
2021-04-12,2021,15,away,7,10574,7786,2788,10574,0,0,0,0,130.6,true,80.96,
2021-04-12,2021,15,campus,7,9464,7043,2421,9464,0,0,0,0,52.1,true,181.65,
2021-04-12,2021,15,near,7,15144,11565,3579,15144,0,0,0,0,96.1,true,157.59,
2021-04-19,2021,16,away,7,15790,9890,5900,15790,0,0,0,0,150.0,true,105.27,
2021-04-19,2021,16,campus,7,14282,9159,5123,14282,0,0,0,0,54.0,true,264.48,
2021-04-19,2021,16,near,7,22254,14722,7532,22254,0,0,0,0,99.3,true,224.11,
2021-04-26,2021,17,away,7,15495,10336,5159,15495,0,0,0,0,151.7,true,102.14,
2021-04-26,2021,17,campus,7,13057,9003,4054,13057,0,0,0,0,53.9,true,242.24,
2021-04-26,2021,17,near,7,21007,14717,6290,21007,0,0,0,0,101.1,true,207.78,
2021-05-03,2021,18,away,7,15305,10174,5131,15305,0,0,0,0,149.7,true,102.24,
2021-05-03,2021,18,campus,7,13571,9404,4167,13571,0,0,0,0,53.7,true,252.72,
2021-05-03,2021,18,near,7,21540,15323,6217,21540,0,0,0,0,101.9,true,211.38,
2021-05-10,2021,19,away,7,21294,13062,8232,21294,0,0,0,0,159.9,true,133.17,
2021-05-10,2021,19,campus,7,17745,11150,6595,17745,0,0,0,0,53.9,true,329.22,
2021-05-10,2021,19,near,7,28972,19116,9856,28972,0,0,0,0,102.9,true,281.55,
2021-05-17,2021,20,away,7,23157,14196,8961,23157,0,0,0,0,160.9,true,143.92,
2021-05-17,2021,20,campus,7,18475,11746,6729,18475,0,0,0,0,53.4,true,345.97,
2021-05-17,2021,20,near,7,30199,20418,9781,30199,0,0,0,0,103.1,true,292.91,
2021-05-24,2021,21,away,7,15845,10922,4923,15845,0,0,0,0,153.4,true,103.29,
2021-05-24,2021,21,campus,7,13487,9436,4051,13487,0,0,0,0,54.4,true,247.92,
2021-05-24,2021,21,near,7,21757,15759,5998,21757,0,0,0,0,102.0,true,213.3,
2021-05-31,2021,22,away,7,20427,13108,7319,20427,0,0,0,0,160.7,true,127.11,
2021-05-31,2021,22,campus,7,15868,10305,5563,15868,0,0,0,0,54.9,true,289.03,
2021-05-31,2021,22,near,7,26400,17948,8452,26400,0,0,0,0,103.9,true,254.09,
2021-06-07,2021,23,away,7,23873,14984,8889,23873,0,0,0,0,164.3,true,145.3,
2021-06-07,2021,23,campus,7,18928,11902,7026,18928,0,0,0,0,55.0,true,344.15,
2021-06-07,2021,23,near,7,30587,20023,10564,30587,0,0,0,0,104.3,true,293.26,
2021-06-14,2021,24,away,7,23714,15397,8317,23714,0,0,0,0,162.1,true,146.29,
2021-06-14,2021,24,campus,7,18298,12083,6215,18298,0,0,0,0,55.0,true,332.69,
2021-06-14,2021,24,near,7,30364,20703,9661,30364,0,0,0,0,104.4,true,290.84,
2021-06-21,2021,25,away,7,24472,15845,8627,24472,0,0,0,0,164.3,true,148.95,
2021-06-21,2021,25,campus,7,19554,12465,7089,19554,0,0,0,0,54.9,true,356.17,
2021-06-21,2021,25,near,7,32197,21617,10580,32197,0,0,0,0,104.7,true,307.52,
2021-06-28,2021,26,away,7,16231,11711,4520,16231,0,0,0,0,157.1,true,103.32,
2021-06-28,2021,26,campus,7,13041,9269,3772,13041,0,0,0,0,54.7,true,238.41,
2021-06-28,2021,26,near,7,21494,15874,5620,21494,0,0,0,0,104.0,true,206.67,
2021-07-05,2021,27,away,7,20956,13547,7409,20956,0,0,0,0,164.6,true,127.31,
2021-07-05,2021,27,campus,7,17169,10802,6367,17169,0,0,0,0,55.6,true,308.79,
2021-07-05,2021,27,near,7,27952,18681,9271,27952,0,0,0,0,103.9,true,269.03,
2021-07-12,2021,28,away,7,21423,14805,6618,21423,0,0,0,0,163.0,true,131.43,
2021-07-12,2021,28,campus,7,17190,11665,5525,17190,0,0,0,0,56.0,true,306.96,
2021-07-12,2021,28,near,7,28381,20192,8189,28381,0,0,0,0,104.3,true,272.11,
2021-07-19,2021,29,away,7,25891,16816,9075,25891,0,0,0,0,168.9,true,153.29,
2021-07-19,2021,29,campus,7,20509,13156,7353,20509,0,0,0,0,56.0,true,366.23,
2021-07-19,2021,29,near,7,33132,22434,10698,33132,0,0,0,0,105.0,true,315.54,
2021-07-26,2021,30,away,7,25583,16738,8845,25583,0,0,0,0,170.4,true,150.13,
2021-07-26,2021,30,campus,7,20463,13479,6984,20463,0,0,0,0,56.0,true,365.41,
2021-07-26,2021,30,near,7,33946,22831,11115,33946,0,0,0,0,105.9,true,320.55,
2021-08-02,2021,31,away,7,24496,15946,8550,24496,0,0,0,0,172.1,true,142.34,
2021-08-02,2021,31,campus,7,19622,12976,6646,19622,0,0,0,0,55.9,true,351.02,
2021-08-02,2021,31,near,7,31999,21695,10304,31999,0,0,0,0,106.6,true,300.18,
2021-08-09,2021,32,away,7,25108,16477,8631,25108,0,0,0,0,171.4,true,146.49,
2021-08-09,2021,32,campus,7,20363,13246,7117,20363,0,0,0,0,55.9,true,364.28,
2021-08-09,2021,32,near,7,33383,22276,11107,33383,0,0,0,0,106.9,true,312.28,
2021-08-16,2021,33,away,7,23328,15473,7855,23328,0,0,0,0,168.7,true,138.28,
2021-08-16,2021,33,campus,7,19144,12858,6286,19144,0,0,0,0,55.9,true,342.47,
2021-08-16,2021,33,near,7,31553,21683,9870,31553,0,0,0,0,106.7,true,295.72,
2021-08-23,2021,34,away,7,25139,16962,8177,25139,0,0,0,0,172.9,true,145.4,
2021-08-23,2021,34,campus,7,22145,14667,7478,22145,0,0,0,0,56.0,true,395.45,
2021-08-23,2021,34,near,7,35975,24653,11322,35975,0,0,0,0,106.9,true,336.53,
2021-08-30,2021,35,away,7,25147,16747,8400,25147,0,0,0,0,171.9,true,146.29,
2021-08-30,2021,35,campus,7,25612,16904,8708,25612,0,0,0,0,56.0,true,457.36,
2021-08-30,2021,35,near,7,38615,26191,12424,38615,0,0,0,0,106.9,true,361.23,
2021-09-06,2021,36,away,7,28444,18837,9607,28444,0,0,0,0,171.9,true,165.47,
2021-09-06,2021,36,campus,7,29205,20428,8777,29205,0,0,0,0,55.9,true,522.45,
2021-09-06,2021,36,near,7,44485,31315,13170,44485,0,0,0,0,107.4,true,414.2,
2021-09-13,2021,37,away,7,27994,19671,8323,27994,0,0,0,0,174.1,true,160.79,
2021-09-13,2021,37,campus,7,30076,22381,7695,30076,0,0,0,0,55.9,true,538.03,
2021-09-13,2021,37,near,7,46304,34907,11397,46304,0,0,0,0,107.7,true,429.94,
2021-09-20,2021,38,away,7,28962,20240,8722,28962,0,0,0,0,170.3,true,170.06,
2021-09-20,2021,38,campus,7,30747,22777,7970,30747,0,0,0,0,56.0,true,549.05,
2021-09-20,2021,38,near,7,46660,34681,11979,46660,0,0,0,0,107.9,true,432.44,
2021-09-27,2021,39,away,7,25504,18360,7144,25504,0,0,0,0,171.3,true,148.88,
2021-09-27,2021,39,campus,7,27147,20416,6731,27147,0,0,0,0,55.9,true,485.64,
2021-09-27,2021,39,near,7,41271,31702,9569,41271,0,0,0,0,108.0,true,382.14,
2021-10-04,2021,40,away,7,24231,17107,7124,24231,0,0,0,0,170.0,true,142.54,
2021-10-04,2021,40,campus,7,26154,19110,7044,26154,0,0,0,0,55.9,true,467.87,
2021-10-04,2021,40,near,7,39611,29470,10141,39611,0,0,0,0,106.1,true,373.34,
2021-10-11,2021,41,away,7,28480,19306,9174,28480,0,0,0,0,171.1,true,166.45,
2021-10-11,2021,41,campus,7,30540,21509,9031,30540,0,0,0,0,55.9,true,546.33,
2021-10-11,2021,41,near,7,45532,32973,12559,45532,0,0,0,0,106.1,true,429.14,
2021-10-18,2021,42,away,7,26064,18587,7477,26064,0,0,0,0,172.3,true,151.27,
2021-10-18,2021,42,campus,7,28503,20811,7692,28503,0,0,0,0,55.6,true,512.64,
2021-10-18,2021,42,near,7,43654,32348,11306,43654,0,0,0,0,108.4,true,402.71,
2021-10-25,2021,43,away,7,14452,11219,3233,14452,0,0,0,0,155.4,true,93.0,
2021-10-25,2021,43,campus,7,15810,12757,3053,15810,0,0,0,0,55.9,true,282.83,
2021-10-25,2021,43,near,7,24690,19970,4720,24690,0,0,0,0,109.1,true,226.31,
2021-11-01,2021,44,away,7,19125,14825,4300,19125,0,0,0,0,162.0,true,118.06,
2021-11-01,2021,44,campus,7,21032,16726,4306,21032,0,0,0,0,55.9,true,376.24,
2021-11-01,2021,44,near,7,33450,27104,6346,33450,0,0,0,0,109.9,true,304.37,
2021-11-08,2021,45,away,7,17874,13781,4093,17874,0,0,0,0,152.6,true,117.13,
2021-11-08,2021,45,campus,7,18663,14611,4052,18663,0,0,0,0,54.0,true,345.61,
2021-11-08,2021,45,near,7,31466,25214,6252,31466,0,0,0,0,109.4,true,287.62,
2021-11-15,2021,46,away,7,16448,13268,3180,16448,0,0,0,0,148.1,true,111.06,
2021-11-15,2021,46,campus,7,17542,14449,3093,17542,0,0,0,0,53.4,true,328.5,
2021-11-15,2021,46,near,7,27667,23214,4453,27667,0,0,0,0,105.3,true,262.74,
2021-11-22,2021,47,away,7,9082,7426,1656,9082,0,0,0,0,139.4,true,65.15,
2021-11-22,2021,47,campus,7,8795,7127,1668,8795,0,0,0,0,52.0,true,169.13,
2021-11-22,2021,47,near,7,14439,12031,2408,14439,0,0,0,0,101.1,true,142.82,
2021-11-29,2021,48,away,7,12973,10927,2046,12973,0,0,0,0,139.1,true,93.26,
2021-11-29,2021,48,campus,7,13484,11384,2100,13484,0,0,0,0,52.7,true,255.86,
2021-11-29,2021,48,near,7,21076,18233,2843,21076,0,0,0,0,101.6,true,207.44,
2021-12-06,2021,49,away,7,11326,9557,1769,11326,0,0,0,0,133.3,true,84.97,
2021-12-06,2021,49,campus,7,11599,9802,1797,11599,0,0,0,0,51.3,true,226.1,
2021-12-06,2021,49,near,7,17631,15367,2264,17631,0,0,0,0,97.3,true,181.2,
2021-12-13,2021,50,away,7,11152,9275,1877,11152,0,0,0,0,132.7,true,84.04,
2021-12-13,2021,50,campus,7,10288,8611,1677,10288,0,0,0,0,50.6,true,203.32,
2021-12-13,2021,50,near,7,16670,14254,2416,16670,0,0,0,0,94.6,true,176.22,
2021-12-20,2021,51,away,7,4930,4242,688,4930,0,0,0,0,109.1,true,45.19,
2021-12-20,2021,51,campus,7,3903,3319,584,3903,0,0,0,0,47.6,true,82.0,
2021-12-20,2021,51,near,7,6540,5677,863,6540,0,0,0,0,87.9,true,74.4,
2021-12-27,2021,52,away,7,5271,3996,1275,5271,0,0,0,0,120.4,true,43.78,
2021-12-27,2021,52,campus,7,4001,2986,1015,4001,0,0,0,0,49.0,true,81.65,
2021-12-27,2021,52,near,7,6906,5345,1561,6906,0,0,0,0,91.9,true,75.15,
2022-01-03,2022,1,away,7,4802,4247,555,4802,0,0,0,0,111.7,true,42.99,
2022-01-03,2022,1,campus,7,3968,3596,372,3968,0,0,0,0,48.0,true,82.67,
2022-01-03,2022,1,near,7,6742,6095,647,6742,0,0,0,0,91.4,true,73.76,
2022-01-10,2022,2,away,7,5291,4737,554,5291,0,0,0,0,113.4,true,46.66,
2022-01-10,2022,2,campus,7,4726,4285,441,4726,0,0,0,0,48.1,true,98.25,
2022-01-10,2022,2,near,7,7588,6965,623,7588,0,0,0,0,91.4,true,83.02,
2022-01-17,2022,3,away,7,6146,5389,757,6146,0,0,0,0,116.0,true,52.98,
2022-01-17,2022,3,campus,7,5892,5233,659,5892,0,0,0,0,49.3,true,119.51,
2022-01-17,2022,3,near,7,9494,8514,980,9494,0,0,0,0,93.1,true,101.98,
2022-01-24,2022,4,away,6,5507,4972,535,5507,0,0,0,0,110.7,true,49.75,
2022-01-24,2022,4,campus,6,5797,5263,534,5797,0,0,0,0,49.7,true,116.64,
2022-01-24,2022,4,near,6,8935,8224,711,8935,0,0,0,0,90.2,true,99.06,
2022-01-31,2022,5,away,7,4730,4320,410,4730,0,0,0,0,106.1,true,44.58,
2022-01-31,2022,5,campus,7,5043,4630,413,5043,0,0,0,0,48.9,true,103.13,
2022-01-31,2022,5,near,7,8115,7530,585,8115,0,0,0,0,90.7,true,89.47,
2022-02-07,2022,6,away,7,9365,7607,1758,9365,0,0,0,0,127.0,true,73.74,
2022-02-07,2022,6,campus,7,9187,7654,1533,9187,0,0,0,0,50.6,true,181.56,
2022-02-07,2022,6,near,7,14598,12520,2078,14598,0,0,0,0,94.4,true,154.64,
2022-02-14,2022,7,away,7,8058,6939,1119,8058,0,0,0,0,124.4,true,64.77,
2022-02-14,2022,7,campus,7,7946,6868,1078,7946,0,0,0,0,50.9,true,156.11,
2022-02-14,2022,7,near,7,12746,11284,1462,12746,0,0,0,0,94.0,true,135.6,
2022-02-21,2022,8,away,7,7792,6411,1381,7792,0,0,0,0,120.1,true,64.88,
2022-02-21,2022,8,campus,7,7839,6487,1352,7839,0,0,0,0,50.9,true,154.01,
2022-02-21,2022,8,near,7,12261,10439,1822,12261,0,0,0,0,93.6,true,130.99,
2022-02-28,2022,9,away,7,9400,7866,1534,9400,0,0,0,0,127.9,true,73.49,
2022-02-28,2022,9,campus,7,9214,7743,1471,9214,0,0,0,0,51.4,true,179.26,
2022-02-28,2022,9,near,7,14379,12420,1959,14379,0,0,0,0,95.6,true,150.41,
2022-03-07,2022,10,away,7,9724,8184,1540,9724,0,0,0,0,131.1,true,74.17,
2022-03-07,2022,10,campus,7,9246,7632,1614,9246,0,0,0,0,51.4,true,179.88,
2022-03-07,2022,10,near,7,14628,12540,2088,14628,0,0,0,0,96.1,true,152.22,
2022-03-14,2022,11,away,7,15266,10533,4733,15266,0,0,0,0,143.9,true,106.09,
2022-03-14,2022,11,campus,7,13458,9152,4306,13458,0,0,0,0,52.6,true,255.86,
2022-03-14,2022,11,near,7,19908,14413,5495,19908,0,0,0,0,99.7,true,199.68,
2022-03-21,2022,12,away,7,12925,9696,3229,12925,0,0,0,0,143.6,true,90.01,
2022-03-21,2022,12,campus,7,12080,9048,3032,12080,0,0,0,0,52.9,true,228.36,
2022-03-21,2022,12,near,7,18513,14433,4080,18513,0,0,0,0,99.9,true,185.32,
2022-03-28,2022,13,away,7,13412,10333,3079,13412,0,0,0,0,147.7,true,90.81,
2022-03-28,2022,13,campus,7,13176,10110,3066,13176,0,0,0,0,52.3,true,251.93,
2022-03-28,2022,13,near,7,20772,16393,4379,20772,0,0,0,0,101.9,true,203.85,
2022-04-04,2022,14,away,7,16072,12238,3834,16072,0,0,0,0,151.0,true,106.44,
2022-04-04,2022,14,campus,7,15257,11653,3604,15257,0,0,0,0,52.4,true,291.16,
2022-04-04,2022,14,near,7,23709,18717,4992,23709,0,0,0,0,102.9,true,230.41,
2022-04-11,2022,15,away,7,20357,14124,6233,20357,0,0,0,0,157.7,true,129.09,
2022-04-11,2022,15,campus,7,18776,12977,5799,18776,0,0,0,0,53.0,true,354.26,
2022-04-11,2022,15,near,7,28915,21213,7702,28915,0,0,0,0,101.7,true,284.32,
2022-04-18,2022,16,away,7,20769,13995,6774,20769,0,0,0,0,160.7,true,129.24,
2022-04-18,2022,16,campus,7,19677,13599,6078,19677,0,0,0,0,54.1,true,363.72,
2022-04-18,2022,16,near,7,30597,21971,8626,30597,0,0,0,0,105.6,true,289.74,
2022-04-25,2022,17,away,7,18720,13775,4945,18720,0,0,0,0,168.1,true,111.36,
2022-04-25,2022,17,campus,7,17335,13033,4302,17335,0,0,0,0,56.6,true,306.27,
2022-04-25,2022,17,near,7,28556,22097,6459,28556,0,0,0,0,110.4,true,258.66,
2022-05-02,2022,18,away,7,18547,13547,5000,18547,0,0,0,0,166.4,true,111.46,
2022-05-02,2022,18,campus,7,17483,12826,4657,17483,0,0,0,0,55.6,true,314.44,
2022-05-02,2022,18,near,7,28109,21350,6759,28109,0,0,0,0,111.4,true,252.32,
2022-05-09,2022,19,away,7,24124,16042,8082,24124,0,0,0,0,173.1,true,139.36,
2022-05-09,2022,19,campus,7,19956,13610,6346,19956,0,0,0,0,56.7,true,351.96,
2022-05-09,2022,19,near,7,34358,24246,10112,34358,0,0,0,0,111.9,true,307.04,
2022-05-16,2022,20,away,7,24883,16226,8657,24883,0,0,0,0,174.4,true,142.68,
2022-05-16,2022,20,campus,7,20823,13599,7224,20823,0,0,0,0,57.0,true,365.32,
2022-05-16,2022,20,near,7,34226,23120,11106,34226,0,0,0,0,111.3,true,307.51,
2022-05-23,2022,21,away,7,26046,16535,9511,26046,0,0,0,0,175.3,true,148.58,
2022-05-23,2022,21,campus,7,21985,14104,7881,21985,0,0,0,0,56.9,true,386.38,
2022-05-23,2022,21,near,7,37024,24557,12467,37024,0,0,0,0,110.7,true,334.45,
2022-05-30,2022,22,away,7,25529,16470,9059,25529,0,0,0,0,176.7,true,144.48,
2022-05-30,2022,22,campus,7,20073,13233,6840,20073,0,0,0,0,57.0,true,352.16,
2022-05-30,2022,22,near,7,33589,22740,10849,33589,0,0,0,0,111.3,true,301.79,
2022-06-06,2022,23,away,7,28074,18482,9592,28074,0,0,0,0,178.1,true,157.63,
2022-06-06,2022,23,campus,7,22680,15229,7451,22680,0,0,0,0,57.0,true,397.89,
2022-06-06,2022,23,near,7,38125,26151,11974,38125,0,0,0,0,111.9,true,340.71,
2022-06-13,2022,24,away,7,28339,19096,9243,28339,0,0,0,0,179.0,true,158.32,
2022-06-13,2022,24,campus,7,23343,16240,7103,23343,0,0,0,0,57.0,true,409.53,
2022-06-13,2022,24,near,7,39391,27459,11932,39391,0,0,0,0,111.6,true,352.97,
2022-06-20,2022,25,away,7,29498,19579,9919,29498,0,0,0,0,180.0,true,163.88,
2022-06-20,2022,25,campus,7,24525,16481,8044,24525,0,0,0,0,57.0,true,430.26,
2022-06-20,2022,25,near,7,41677,28742,12935,41677,0,0,0,0,111.4,true,374.12,
2022-06-27,2022,26,away,7,25842,17720,8122,25842,0,0,0,0,179.0,true,144.37,
2022-06-27,2022,26,campus,7,21643,14998,6645,21643,0,0,0,0,57.0,true,379.7,
2022-06-27,2022,26,near,7,35732,25401,10331,35732,0,0,0,0,110.9,true,322.2,
2022-07-04,2022,27,away,7,31182,19688,11494,31182,0,0,0,0,181.1,true,172.18,
2022-07-04,2022,27,campus,7,25813,16468,9345,25813,0,0,0,0,57.0,true,452.86,
2022-07-04,2022,27,near,7,42588,27436,15152,42588,0,0,0,0,111.0,true,383.68,
2022-07-11,2022,28,away,7,30854,21116,9738,30854,0,0,0,0,180.1,true,171.32,
2022-07-11,2022,28,campus,7,25402,17992,7410,25402,0,0,0,0,57.0,true,445.65,
2022-07-11,2022,28,near,7,43545,30780,12765,43545,0,0,0,0,111.7,true,389.84,
2022-07-18,2022,29,away,7,27192,19076,8116,27192,0,0,0,0,178.3,true,152.51,
2022-07-18,2022,29,campus,7,23120,16641,6479,23120,0,0,0,0,56.9,true,406.33,
2022-07-18,2022,29,near,7,39394,28365,11029,39394,0,0,0,0,112.0,true,351.73,
2022-07-25,2022,30,away,7,29540,20287,9253,29540,0,0,0,0,180.3,true,163.84,
2022-07-25,2022,30,campus,7,25445,17782,7663,25445,0,0,0,0,56.9,true,447.19,
2022-07-25,2022,30,near,7,43087,30368,12719,43087,0,0,0,0,111.3,true,387.12,
2022-08-01,2022,31,away,7,27627,19416,8211,27627,0,0,0,0,180.3,true,153.23,
2022-08-01,2022,31,campus,7,23573,16767,6806,23573,0,0,0,0,57.0,true,413.56,
2022-08-01,2022,31,near,7,39855,28758,11097,39855,0,0,0,0,111.0,true,359.05,
2022-08-08,2022,32,away,7,29871,19943,9928,29871,0,0,0,0,181.4,true,164.67,
2022-08-08,2022,32,campus,7,26168,17302,8866,26168,0,0,0,0,57.4,true,455.89,
2022-08-08,2022,32,near,7,43090,29410,13680,43090,0,0,0,0,111.6,true,386.11,
2022-08-15,2022,33,away,7,31982,23540,8442,31982,0,0,0,0,183.9,true,173.91,
2022-08-15,2022,33,campus,7,28085,21014,7071,28085,0,0,0,0,58.0,true,484.22,
2022-08-15,2022,33,near,7,45523,33901,11622,45523,0,0,0,0,111.4,true,408.64,
2022-08-22,2022,34,away,7,36895,31121,5774,36895,0,0,0,0,192.7,true,191.46,
2022-08-22,2022,34,campus,7,33275,28452,4823,33275,0,0,0,0,58.0,true,573.71,
2022-08-22,2022,34,near,7,52485,44643,7842,52485,0,0,0,0,112.0,true,468.62,
2022-08-29,2022,35,away,7,42679,36393,6286,42679,0,0,0,0,194.6,true,219.32,
2022-08-29,2022,35,campus,7,42472,36874,5598,42472,0,0,0,0,58.0,true,732.28,
2022-08-29,2022,35,near,7,63460,54388,9072,63460,0,0,0,0,111.6,true,568.64,
2022-09-05,2022,36,away,7,36807,31856,4951,36807,0,0,0,0,189.4,true,194.33,
2022-09-05,2022,36,campus,7,39847,35564,4283,39847,0,0,0,0,57.9,true,688.2,
2022-09-05,2022,36,near,7,57393,50463,6930,57393,0,0,0,0,112.0,true,512.44,
2022-09-12,2022,37,away,7,44126,38482,5644,44126,0,0,0,0,192.7,true,228.99,
2022-09-12,2022,37,campus,7,47235,42481,4754,47235,0,0,0,0,58.0,true,814.4,
2022-09-12,2022,37,near,7,68364,60565,7799,68364,0,0,0,0,112.0,true,610.39,
2022-09-19,2022,38,away,7,32226,26296,5930,32226,0,0,0,0,185.6,true,173.63,
2022-09-19,2022,38,campus,7,34222,29284,4938,34222,0,0,0,0,58.0,true,590.03,
2022-09-19,2022,38,near,7,49567,41850,7717,49567,0,0,0,0,112.0,true,442.56,
2022-09-26,2022,39,away,7,30710,24345,6365,30710,0,0,0,0,183.1,true,167.72,
2022-09-26,2022,39,campus,7,33645,27637,6008,33645,0,0,0,0,57.9,true,581.09,
2022-09-26,2022,39,near,7,49000,39978,9022,49000,0,0,0,0,112.0,true,437.5,
2022-10-03,2022,40,away,7,26404,19680,6724,26404,0,0,0,0,182.6,true,144.6,
2022-10-03,2022,40,campus,7,27433,21067,6366,27433,0,0,0,0,57.9,true,473.8,
2022-10-03,2022,40,near,7,41212,31875,9337,41212,0,0,0,0,111.0,true,371.28,
2022-10-10,2022,41,away,7,26831,18855,7976,26831,0,0,0,0,183.6,true,146.14,
2022-10-10,2022,41,campus,7,27347,19363,7984,27347,0,0,0,0,58.0,true,471.5,
2022-10-10,2022,41,near,7,41134,29921,11213,41134,0,0,0,0,111.9,true,367.6,
2022-10-17,2022,42,away,7,26410,18501,7909,26410,0,0,0,0,178.9,true,147.62,
2022-10-17,2022,42,campus,7,26889,19212,7677,26889,0,0,0,0,57.7,true,466.01,
2022-10-17,2022,42,near,7,42280,30649,11631,42280,0,0,0,0,111.9,true,377.84,
2022-10-24,2022,43,away,7,23171,16902,6269,23171,0,0,0,0,171.9,true,134.79,
2022-10-24,2022,43,campus,7,23970,17857,6113,23970,0,0,0,0,57.7,true,415.42,
2022-10-24,2022,43,near,7,37273,28224,9049,37273,0,0,0,0,111.0,true,335.79,
2022-10-31,2022,44,away,7,27245,19414,7831,27245,0,0,0,0,166.1,true,164.03,
2022-10-31,2022,44,campus,7,28064,20534,7530,28064,0,0,0,0,58.0,true,483.86,
2022-10-31,2022,44,near,7,43858,32562,11296,43858,0,0,0,0,111.0,true,395.12,
2022-11-07,2022,45,away,7,22094,16301,5793,22094,0,0,0,0,155.0,true,142.54,
2022-11-07,2022,45,campus,7,23191,17363,5828,23191,0,0,0,0,58.0,true,399.84,
2022-11-07,2022,45,near,7,36005,27781,8224,36005,0,0,0,0,110.3,true,326.43,
2022-11-14,2022,46,away,7,15369,12439,2930,15369,0,0,0,0,145.4,true,105.7,
2022-11-14,2022,46,campus,7,16463,13662,2801,16463,0,0,0,0,55.9,true,294.51,
2022-11-14,2022,46,near,7,25589,21493,4096,25589,0,0,0,0,105.6,true,242.32,
2022-11-21,2022,47,away,7,11014,8718,2296,11014,0,0,0,0,142.1,true,77.51,
2022-11-21,2022,47,campus,7,10401,8113,2288,10401,0,0,0,0,55.9,true,186.06,
2022-11-21,2022,47,near,7,16343,13283,3060,16343,0,0,0,0,101.9,true,160.38,
2022-11-28,2022,48,away,7,13872,11464,2408,13872,0,0,0,0,142.0,true,97.69,
2022-11-28,2022,48,campus,7,14274,12045,2229,14274,0,0,0,0,55.3,true,258.12,
2022-11-28,2022,48,near,7,22175,19018,3157,22175,0,0,0,0,101.9,true,217.62,
2022-12-05,2022,49,away,7,13098,10814,2284,13098,0,0,0,0,138.3,true,94.71,
2022-12-05,2022,49,campus,7,13158,10968,2190,13158,0,0,0,0,54.3,true,242.32,
2022-12-05,2022,49,near,7,20392,17541,2851,20392,0,0,0,0,100.9,true,202.1,
2022-12-12,2022,50,away,7,9077,7615,1462,9077,0,0,0,0,132.7,true,68.4,
2022-12-12,2022,50,campus,7,8312,7165,1147,8312,0,0,0,0,52.9,true,157.13,
2022-12-12,2022,50,near,7,13995,12235,1760,13995,0,0,0,0,98.0,true,142.81,
2022-12-19,2022,51,away,7,5870,5078,792,5870,0,0,0,0,114.0,true,51.49,
2022-12-19,2022,51,campus,7,4861,4233,628,4861,0,0,0,0,50.0,true,97.22,
2022-12-19,2022,51,near,7,8790,7734,1056,8790,0,0,0,0,92.1,true,95.44,
2022-12-26,2022,52,away,7,6151,4434,1717,6151,0,0,0,0,126.7,true,48.55,
2022-12-26,2022,52,campus,7,4529,3210,1319,4529,0,0,0,0,52.7,true,85.94,
2022-12-26,2022,52,near,7,7581,5624,1957,7581,0,0,0,0,97.1,true,78.07,
2023-01-02,2023,1,away,7,7727,6266,1461,7727,0,0,0,0,133.6,true,57.84,
2023-01-02,2023,1,campus,7,6083,5008,1075,6083,0,0,0,0,53.1,true,114.56,
2023-01-02,2023,1,near,7,10290,8696,1594,10290,0,0,0,0,98.7,true,104.26,
2023-01-09,2023,2,away,7,9160,7842,1318,9160,0,0,0,0,135.1,true,67.8,
2023-01-09,2023,2,campus,7,8557,7403,1154,8557,0,0,0,0,52.9,true,161.76,
2023-01-09,2023,2,near,7,13731,12049,1682,13731,0,0,0,0,99.0,true,138.7,
2023-01-16,2023,3,away,7,8583,7282,1301,8583,0,0,0,0,132.6,true,64.73,
2023-01-16,2023,3,campus,7,8110,6955,1155,8110,0,0,0,0,53.0,true,153.02,
2023-01-16,2023,3,near,7,13123,11534,1589,13123,0,0,0,0,99.1,true,132.42,
2023-01-23,2023,4,away,7,10325,8487,1838,10325,0,0,0,0,132.3,true,78.04,
2023-01-23,2023,4,campus,7,10549,8632,1917,10549,0,0,0,0,53.3,true,197.92,
2023-01-23,2023,4,near,7,16185,13601,2584,16185,0,0,0,0,99.6,true,162.5,
2023-01-30,2023,5,away,7,8922,7804,1118,8922,0,0,0,0,125.6,true,71.04,
2023-01-30,2023,5,campus,7,8971,7848,1123,8971,0,0,0,0,51.7,true,173.52,
2023-01-30,2023,5,near,7,14282,12701,1581,14282,0,0,0,0,97.7,true,146.18,
2023-02-06,2023,6,away,7,13263,10873,2390,13263,0,0,0,0,141.6,true,93.67,
2023-02-06,2023,6,campus,7,12730,10476,2254,12730,0,0,0,0,53.9,true,236.18,
2023-02-06,2023,6,near,7,20756,17485,3271,20756,0,0,0,0,100.7,true,206.12,
2023-02-13,2023,7,away,7,12800,10627,2173,12800,0,0,0,0,142.6,true,89.76,
2023-02-13,2023,7,campus,7,12826,10547,2279,12826,0,0,0,0,54.0,true,237.52,
2023-02-13,2023,7,near,7,20608,17277,3331,20608,0,0,0,0,101.1,true,203.84,
2023-02-20,2023,8,away,7,8262,6899,1363,8262,0,0,0,0,129.4,true,63.85,
2023-02-20,2023,8,campus,7,8616,7273,1343,8616,0,0,0,0,53.1,true,162.26,
2023-02-20,2023,8,near,7,13261,11422,1839,13261,0,0,0,0,99.3,true,133.54,
2023-02-27,2023,9,away,7,9598,8102,1496,9598,0,0,0,0,132.0,true,72.71,
2023-02-27,2023,9,campus,7,9790,8416,1374,9790,0,0,0,0,53.1,true,184.37,
2023-02-27,2023,9,near,7,15432,13515,1917,15432,0,0,0,0,100.0,true,154.32,
2023-03-06,2023,10,away,7,12424,10326,2098,12424,0,0,0,0,143.9,true,86.34,
2023-03-06,2023,10,campus,7,11215,9481,1734,11215,0,0,0,0,53.7,true,208.85,
2023-03-06,2023,10,near,7,19128,16436,2692,19128,0,0,0,0,101.9,true,187.71,
2023-03-13,2023,11,away,7,11673,8896,2777,11673,0,0,0,0,138.6,true,84.22,
2023-03-13,2023,11,campus,7,10756,8324,2432,10756,0,0,0,0,52.6,true,204.49,
2023-03-13,2023,11,near,7,17203,13837,3366,17203,0,0,0,0,100.4,true,171.34,
2023-03-20,2023,12,away,7,15012,11575,3437,15012,0,0,0,0,155.3,true,96.66,
2023-03-20,2023,12,campus,7,14531,11384,3147,14531,0,0,0,0,55.3,true,262.77,
2023-03-20,2023,12,near,7,22792,18134,4658,22792,0,0,0,0,104.9,true,217.27,
2023-03-27,2023,13,away,7,13638,10620,3018,13638,0,0,0,0,156.9,true,86.92,
2023-03-27,2023,13,campus,7,13199,10157,3042,13199,0,0,0,0,55.7,true,236.97,
2023-03-27,2023,13,near,7,20572,16398,4174,20572,0,0,0,0,106.1,true,193.89,
2023-04-03,2023,14,away,7,17190,12976,4214,17190,0,0,0,0,166.6,true,103.18,
2023-04-03,2023,14,campus,7,17026,12690,4336,17026,0,0,0,0,55.6,true,306.22,
2023-04-03,2023,14,near,7,26288,20455,5833,26288,0,0,0,0,107.0,true,245.68,
2023-04-10,2023,15,away,7,25093,16637,8456,25093,0,0,0,0,177.3,true,141.53,
2023-04-10,2023,15,campus,7,24218,15721,8497,24218,0,0,0,0,57.3,true,422.65,
2023-04-10,2023,15,near,7,37067,25750,11317,37067,0,0,0,0,109.6,true,338.2,
2023-04-17,2023,16,away,7,18198,13396,4802,18198,0,0,0,0,166.9,true,109.04,
2023-04-17,2023,16,campus,7,17963,13013,4950,17963,0,0,0,0,57.7,true,311.32,
2023-04-17,2023,16,near,7,27370,20896,6474,27370,0,0,0,0,110.1,true,248.59,
2023-04-24,2023,17,away,7,18730,14309,4421,18730,0,0,0,0,173.0,true,108.27,
2023-04-24,2023,17,campus,7,18068,14040,4028,18068,0,0,0,0,58.7,true,307.8,
2023-04-24,2023,17,near,7,28361,22555,5806,28361,0,0,0,0,112.6,true,251.87,
2023-05-01,2023,18,away,7,23576,16090,7486,23576,0,0,0,0,179.7,true,131.2,
2023-05-01,2023,18,campus,7,21443,15128,6315,21443,0,0,0,0,59.0,true,363.44,
2023-05-01,2023,18,near,7,34072,24754,9318,34072,0,0,0,0,113.6,true,299.93,
2023-05-08,2023,19,away,7,27967,17743,10224,27967,0,0,0,0,183.6,true,152.33,
2023-05-08,2023,19,campus,7,24192,16170,8022,24192,0,0,0,0,59.0,true,410.03,
2023-05-08,2023,19,near,7,40175,27970,12205,40175,0,0,0,0,113.1,true,355.22,
2023-05-15,2023,20,away,7,24326,16402,7924,24326,0,0,0,0,179.7,true,135.37,
2023-05-15,2023,20,campus,7,20878,14613,6265,20878,0,0,0,0,58.9,true,354.47,
2023-05-15,2023,20,near,7,34964,24981,9983,34964,0,0,0,0,113.6,true,307.78,
2023-05-22,2023,21,away,7,26732,16801,9931,26732,0,0,0,0,184.7,true,144.73,
2023-05-22,2023,21,campus,7,22159,14418,7741,22159,0,0,0,0,59.0,true,375.58,
2023-05-22,2023,21,near,7,37605,25042,12563,37605,0,0,0,0,114.3,true,329.0,
2023-05-29,2023,22,away,7,22787,15750,7037,22787,0,0,0,0,183.1,true,124.45,
2023-05-29,2023,22,campus,7,18615,12985,5630,18615,0,0,0,0,58.9,true,316.04,
2023-05-29,2023,22,near,7,31065,22385,8680,31065,0,0,0,0,114.6,true,271.07,
2023-06-05,2023,23,away,7,24988,17541,7447,24988,0,0,0,0,183.4,true,136.25,
2023-06-05,2023,23,campus,7,19939,14264,5675,19939,0,0,0,0,58.9,true,338.52,
2023-06-05,2023,23,near,7,33880,24888,8992,33880,0,0,0,0,115.4,true,293.59,
2023-06-12,2023,24,away,7,24914,17392,7522,24914,0,0,0,0,182.0,true,136.89,
2023-06-12,2023,24,campus,7,21253,14830,6423,21253,0,0,0,0,58.9,true,360.83,
2023-06-12,2023,24,near,7,34656,25291,9365,34656,0,0,0,0,115.1,true,301.09,
2023-06-19,2023,25,away,7,28915,19390,9525,28915,0,0,0,0,186.1,true,155.37,
2023-06-19,2023,25,campus,7,24039,16194,7845,24039,0,0,0,0,59.0,true,407.44,
2023-06-19,2023,25,near,7,40111,28141,11970,40111,0,0,0,0,116.0,true,345.78,
2023-06-26,2023,26,away,7,25865,18200,7665,25865,0,0,0,0,183.3,true,141.11,
2023-06-26,2023,26,campus,7,21711,15194,6517,21711,0,0,0,0,59.0,true,367.98,
2023-06-26,2023,26,near,7,37125,26838,10287,37125,0,0,0,0,115.1,true,322.55,
2023-07-03,2023,27,away,7,25883,17110,8773,25883,0,0,0,0,183.7,true,140.9,
2023-07-03,2023,27,campus,7,22595,14681,7914,22595,0,0,0,0,59.0,true,382.97,
2023-07-03,2023,27,near,7,36939,24911,12028,36939,0,0,0,0,115.7,true,319.27,
2023-07-10,2023,28,away,7,25472,18164,7308,25472,0,0,0,0,182.3,true,139.73,
2023-07-10,2023,28,campus,7,21843,15574,6269,21843,0,0,0,0,59.0,true,370.22,
2023-07-10,2023,28,near,7,37125,27274,9851,37125,0,0,0,0,115.7,true,320.87,
2023-07-17,2023,29,away,7,31280,21458,9822,31280,0,0,0,0,187.1,true,167.18,
2023-07-17,2023,29,campus,7,27071,18369,8702,27071,0,0,0,0,59.0,true,458.83,
2023-07-17,2023,29,near,7,45701,32423,13278,45701,0,0,0,0,116.0,true,393.97,
2023-07-24,2023,30,away,7,27306,19270,8036,27306,0,0,0,0,187.9,true,145.32,
2023-07-24,2023,30,campus,7,24050,16713,7337,24050,0,0,0,0,59.0,true,407.63,
2023-07-24,2023,30,near,7,40192,28984,11208,40192,0,0,0,0,116.4,true,345.29,
2023-07-31,2023,31,away,7,32310,21858,10452,32310,0,0,0,0,192.6,true,167.76,
2023-07-31,2023,31,campus,7,27864,18499,9365,27864,0,0,0,0,59.0,true,472.27,
2023-07-31,2023,31,near,7,46272,31979,14293,46272,0,0,0,0,116.6,true,396.84,
2023-08-07,2023,32,away,7,29162,19653,9509,29162,0,0,0,0,188.3,true,154.87,
2023-08-07,2023,32,campus,7,25111,16730,8381,25111,0,0,0,0,59.4,true,422.74,
2023-08-07,2023,32,near,7,41436,28904,12532,41436,0,0,0,0,116.0,true,357.21,
2023-08-14,2023,33,away,7,28334,18954,9380,28334,0,0,0,0,187.9,true,150.79,
2023-08-14,2023,33,campus,7,23215,15509,7706,23215,0,0,0,0,59.6,true,389.51,
2023-08-14,2023,33,near,7,40030,27523,12507,40030,0,0,0,0,116.6,true,343.31,
2023-08-21,2023,34,away,7,28224,19134,9090,28224,0,0,0,0,186.1,true,151.66,
2023-08-21,2023,34,campus,7,22957,15752,7205,22957,0,0,0,0,59.3,true,387.13,
2023-08-21,2023,34,near,7,40086,28168,11918,40086,0,0,0,0,115.7,true,346.46,
2023-08-28,2023,35,away,7,28515,19322,9193,28515,0,0,0,0,189.6,true,150.4,
2023-08-28,2023,35,campus,7,25361,17012,8349,25361,0,0,0,0,59.0,true,429.85,
2023-08-28,2023,35,near,7,42920,30368,12552,42920,0,0,0,0,116.0,true,370.0,
2023-09-04,2023,36,away,7,27007,18789,8218,27007,0,0,0,0,183.0,true,147.58,
2023-09-04,2023,36,campus,7,27027,19067,7960,27027,0,0,0,0,58.7,true,460.43,
2023-09-04,2023,36,near,7,45388,33371,12017,45388,0,0,0,0,115.7,true,392.29,
2023-09-11,2023,37,away,7,28959,20917,8042,28959,0,0,0,0,186.4,true,155.36,
2023-09-11,2023,37,campus,7,28392,20515,7877,28392,0,0,0,0,59.0,true,481.22,
2023-09-11,2023,37,near,7,45211,33871,11340,45211,0,0,0,0,115.4,true,391.78,
2023-09-18,2023,38,away,7,25012,18430,6582,25012,0,0,0,0,181.7,true,137.66,
2023-09-18,2023,38,campus,7,24363,18394,5969,24363,0,0,0,0,58.7,true,415.04,
2023-09-18,2023,38,near,7,38808,30189,8619,38808,0,0,0,0,114.6,true,338.64,
2023-09-25,2023,39,away,7,25752,19219,6533,25752,0,0,0,0,185.1,true,139.12,
2023-09-25,2023,39,campus,7,24599,18299,6300,24599,0,0,0,0,59.0,true,416.93,
2023-09-25,2023,39,near,7,39965,31176,8789,39965,0,0,0,0,114.7,true,348.43,
2023-10-02,2023,40,away,7,30133,21865,8268,30133,0,0,0,0,188.3,true,160.03,
2023-10-02,2023,40,campus,7,28230,20568,7662,28230,0,0,0,0,59.0,true,478.47,
2023-10-02,2023,40,near,7,45940,34481,11459,45940,0,0,0,0,114.9,true,399.83,
2023-10-09,2023,41,away,7,28143,20550,7593,28143,0,0,0,0,187.6,true,150.02,
2023-10-09,2023,41,campus,7,26685,19272,7413,26685,0,0,0,0,59.0,true,452.29,
2023-10-09,2023,41,near,7,42638,32435,10203,42638,0,0,0,0,115.0,true,370.77,
2023-10-16,2023,42,away,7,24968,18870,6098,24968,0,0,0,0,186.9,true,133.59,
2023-10-16,2023,42,campus,7,24300,18333,5967,24300,0,0,0,0,59.6,true,407.72,
2023-10-16,2023,42,near,7,39045,30121,8924,39045,0,0,0,0,114.9,true,339.82,
2023-10-23,2023,43,away,7,28826,20917,7909,28826,0,0,0,0,190.6,true,151.24,
2023-10-23,2023,43,campus,7,27065,19792,7273,27065,0,0,0,0,60.0,true,451.08,
2023-10-23,2023,43,near,7,43693,32912,10781,43693,0,0,0,0,115.6,true,377.97,
2023-10-30,2023,44,away,7,21520,16610,4910,21520,0,0,0,0,176.4,true,122.0,
2023-10-30,2023,44,campus,7,21088,16203,4885,21088,0,0,0,0,59.1,true,356.82,
2023-10-30,2023,44,near,7,34274,27167,7107,34274,0,0,0,0,114.4,true,299.6,
2023-11-06,2023,45,away,7,18276,14489,3787,18276,0,0,0,0,167.9,true,108.85,
2023-11-06,2023,45,campus,7,18489,14543,3946,18489,0,0,0,0,59.0,true,313.37,
2023-11-06,2023,45,near,7,29704,24216,5488,29704,0,0,0,0,113.6,true,261.48,
2023-11-13,2023,46,away,7,18986,15147,3839,18986,0,0,0,0,165.1,true,115.0,
2023-11-13,2023,46,campus,7,18702,14802,3900,18702,0,0,0,0,59.1,true,316.45,
2023-11-13,2023,46,near,7,30031,24674,5357,30031,0,0,0,0,113.0,true,265.76,
2023-11-20,2023,47,away,7,10562,8418,2144,10562,0,0,0,0,151.9,true,69.53,
2023-11-20,2023,47,campus,7,9198,7320,1878,9198,0,0,0,0,57.1,true,161.09,
2023-11-20,2023,47,near,7,15658,12813,2845,15658,0,0,0,0,109.9,true,142.47,
2023-11-27,2023,48,away,7,15408,12661,2747,15408,0,0,0,0,153.4,true,100.44,
2023-11-27,2023,48,campus,7,15599,12339,3260,15599,0,0,0,0,56.0,true,278.55,
2023-11-27,2023,48,near,7,24391,20295,4096,24391,0,0,0,0,107.7,true,226.47,
2023-12-04,2023,49,away,7,14703,11912,2791,14703,0,0,0,0,154.4,true,95.23,
2023-12-04,2023,49,campus,7,13573,10928,2645,13573,0,0,0,0,56.4,true,240.66,
2023-12-04,2023,49,near,7,23027,19318,3709,23025,2,0,0,0,109.1,true,211.06,
2023-12-11,2023,50,away,7,13963,11231,2732,13963,0,0,0,0,155.9,true,89.56,
2023-12-11,2023,50,campus,7,12498,10089,2409,12498,0,0,0,0,56.6,true,220.81,
2023-12-11,2023,50,near,7,21362,17827,3535,21354,8,0,0,0,109.0,true,195.98,
2023-12-18,2023,51,away,7,8865,7278,1587,8328,537,0,0,0,147.9,true,59.94,
2023-12-18,2023,51,campus,7,6912,5751,1161,6535,377,0,0,0,56.0,true,123.43,
2023-12-18,2023,51,near,7,12706,10888,1818,12064,642,0,0,0,106.4,true,119.42,
2023-12-25,2023,52,away,7,5639,4071,1568,5131,508,0,0,0,144.6,true,39.0,
2023-12-25,2023,52,campus,7,3828,2707,1121,3559,269,0,0,0,54.7,true,69.98,
2023-12-25,2023,52,near,7,7283,5376,1907,6812,471,0,0,0,106.4,true,68.45,
2024-01-01,2024,1,away,7,8758,7209,1549,7413,1345,0,0,0,142.4,true,61.5,
2024-01-01,2024,1,campus,7,6558,5383,1175,5640,918,0,0,0,55.1,true,119.02,
2024-01-01,2024,1,near,7,12037,10285,1752,10402,1635,0,0,0,107.1,true,112.39,
2024-01-08,2024,2,away,7,12322,10112,2210,8761,3561,0,0,0,160.7,true,76.68,
2024-01-08,2024,2,campus,7,10326,8415,1911,7718,2608,0,0,0,56.6,true,182.44,
2024-01-08,2024,2,near,7,18260,15501,2759,13670,4590,0,0,0,109.4,true,166.91,
2024-01-15,2024,3,away,7,8335,7098,1237,5236,3099,0,0,0,146.3,true,56.97,
2024-01-15,2024,3,campus,7,7623,6552,1071,5038,2585,0,0,0,55.7,true,136.86,
2024-01-15,2024,3,near,7,12690,11243,1447,8453,4237,0,0,0,108.3,true,117.17,
2024-01-22,2024,4,away,7,12416,10371,2045,7879,4537,0,0,0,156.3,true,79.44,
2024-01-22,2024,4,campus,7,12004,9815,2189,8220,3784,0,0,0,56.9,true,210.97,
2024-01-22,2024,4,near,7,19110,16282,2828,13048,6062,0,0,0,109.9,true,173.89,
2024-01-29,2024,5,away,7,14473,12104,2369,9485,4988,0,0,0,164.1,true,88.2,
2024-01-29,2024,5,campus,7,13422,11205,2217,9249,4173,0,0,0,57.0,true,235.47,
2024-01-29,2024,5,near,7,21852,18755,3097,15076,6776,0,0,0,110.6,true,197.58,
2024-02-05,2024,6,away,7,18056,14245,3811,11805,6251,0,0,0,169.0,true,106.84,
2024-02-05,2024,6,campus,7,16052,12731,3321,11213,4839,0,0,0,57.0,true,281.61,
2024-02-05,2024,6,near,7,26969,21996,4973,18660,8309,0,0,0,110.9,true,243.18,
2024-02-12,2024,7,away,7,13858,11424,2434,8739,5119,0,0,0,159.3,true,86.99,
2024-02-12,2024,7,campus,7,12596,10330,2266,8334,4262,0,0,0,57.0,true,220.98,
2024-02-12,2024,7,near,7,21249,17944,3305,14123,7126,0,0,0,110.7,true,191.95,
2024-02-19,2024,8,away,7,15318,12389,2929,9641,5677,0,0,0,163.0,true,93.98,
2024-02-19,2024,8,campus,7,14090,11270,2820,9262,4828,0,0,0,56.6,true,248.94,
2024-02-19,2024,8,near,7,22948,18975,3973,15182,7766,0,0,0,110.4,true,207.86,
2024-02-26,2024,9,away,7,17089,13587,3502,10976,6113,0,0,0,165.9,true,103.01,
2024-02-26,2024,9,campus,7,15400,12379,3021,10302,5098,0,0,0,56.6,true,272.08,
2024-02-26,2024,9,near,7,25142,20726,4416,16985,8157,0,0,0,111.0,true,226.5,
2024-03-04,2024,10,away,7,16656,13230,3426,10746,5910,0,0,0,166.9,true,99.8,
2024-03-04,2024,10,campus,7,14067,11220,2847,9423,4644,0,0,0,56.6,true,248.53,
2024-03-04,2024,10,near,7,24308,20069,4239,16110,8198,0,0,0,112.1,true,216.84,
2024-03-11,2024,11,away,7,21218,15576,5642,14146,7072,0,0,0,172.1,true,123.29,
2024-03-11,2024,11,campus,7,16971,12729,4242,11943,5028,0,0,0,57.6,true,294.64,
2024-03-11,2024,11,near,7,28873,22480,6393,20207,8666,0,0,0,112.9,true,255.74,
2024-03-18,2024,12,away,7,16328,13174,3154,10356,5972,0,0,0,164.7,true,99.14,
2024-03-18,2024,12,campus,7,14370,11628,2742,9554,4816,0,0,0,58.6,true,245.22,
2024-03-18,2024,12,near,7,24173,20090,4083,16322,7851,0,0,0,114.6,true,210.93,
2024-03-25,2024,13,away,7,16701,12414,4287,10866,5835,0,0,0,172.3,true,96.93,
2024-03-25,2024,13,campus,7,14578,10886,3692,9901,4677,0,0,0,59.3,true,245.83,
2024-03-25,2024,13,near,7,23824,18446,5378,16271,7553,0,0,0,117.1,true,203.45,
2024-04-01,2024,14,away,7,16102,12821,3281,10377,5725,0,0,0,175.0,true,92.01,
2024-04-01,2024,14,campus,7,14329,11567,2762,9596,4733,0,0,0,59.7,true,240.02,
2024-04-01,2024,14,near,7,24181,20088,4093,16253,7928,0,0,0,117.6,true,205.62,
2024-04-08,2024,15,away,7,24263,17276,6987,16517,7746,0,0,0,189.9,true,127.77,
2024-04-08,2024,15,campus,7,21294,15469,5825,15123,6171,0,0,0,60.4,true,352.55,
2024-04-08,2024,15,near,7,34272,25968,8304,24554,9718,0,0,0,117.4,true,291.93,
2024-04-15,2024,16,away,7,28207,19382,8825,20284,7923,0,0,0,193.9,true,145.47,
2024-04-15,2024,16,campus,7,24209,16919,7290,18201,6008,0,0,0,61.3,true,394.93,
2024-04-15,2024,16,near,7,38209,28024,10185,29007,9202,0,0,0,118.1,true,323.53,
2024-04-22,2024,17,away,7,28523,20108,8415,21132,7391,0,0,0,192.7,true,148.02,
2024-04-22,2024,17,campus,7,25457,18327,7130,19655,5802,0,0,0,61.3,true,415.29,
2024-04-22,2024,17,near,7,39760,29523,10237,31043,8717,0,0,0,118.7,true,334.96,
2024-04-29,2024,18,away,7,26672,18971,7701,19885,6787,0,0,0,194.0,true,137.48,
2024-04-29,2024,18,campus,7,22241,16017,6224,17608,4633,0,0,0,60.9,true,365.21,
2024-04-29,2024,18,near,7,37435,28155,9280,29801,7634,0,0,0,119.6,true,313.0,
2024-05-06,2024,19,away,7,30237,20552,9685,22734,7503,0,0,0,197.6,true,153.02,
2024-05-06,2024,19,campus,7,23642,16561,7081,18766,4876,0,0,0,61.9,true,381.94,
2024-05-06,2024,19,near,7,40329,29061,11268,32343,7986,0,0,0,119.9,true,336.36,
2024-05-13,2024,20,away,7,29287,20536,8751,21329,7958,0,0,0,201.3,true,145.49,
2024-05-13,2024,20,campus,7,22339,15946,6393,17410,4929,0,0,0,62.0,true,360.31,
2024-05-13,2024,20,near,7,38484,28394,10090,30104,8380,0,0,0,120.0,true,320.7,
2024-05-20,2024,21,away,7,35818,22905,12913,27039,8779,0,0,0,203.6,true,175.92,
2024-05-20,2024,21,campus,7,26165,16759,9406,21085,5080,0,0,0,62.0,true,422.02,
2024-05-20,2024,21,near,7,45269,30384,14885,36527,8742,0,0,0,120.0,true,377.24,
2024-05-27,2024,22,away,7,34061,21544,12517,26457,7604,0,0,0,204.1,true,166.88,
2024-05-27,2024,22,campus,7,25222,15827,9395,20969,4253,0,0,0,62.0,true,406.81,
2024-05-27,2024,22,near,7,43442,28521,14921,36553,6889,0,0,0,119.9,true,362.32,
2024-06-03,2024,23,away,7,36323,23930,12393,27760,8563,0,0,0,206.6,true,175.81,
2024-06-03,2024,23,campus,7,27154,17723,9431,22123,5031,0,0,0,61.6,true,440.81,
2024-06-03,2024,23,near,7,47458,32332,15126,39082,8376,0,0,0,119.7,true,396.47,
2024-06-10,2024,24,away,7,36925,24484,12441,27695,9230,0,0,0,205.1,true,180.03,
2024-06-10,2024,24,campus,7,28240,18517,9723,22845,5395,0,0,0,62.0,true,455.48,
2024-06-10,2024,24,near,7,47673,32791,14882,38760,8913,0,0,0,120.7,true,394.97,
2024-06-17,2024,25,away,7,32562,21506,11056,24116,8446,0,0,0,205.6,true,158.38,
2024-06-17,2024,25,campus,7,24986,16096,8890,19825,5161,0,0,0,61.7,true,404.96,
2024-06-17,2024,25,near,7,42469,29017,13452,33821,8648,0,0,0,121.6,true,349.25,
2024-06-24,2024,26,away,7,35412,23933,11479,26256,9156,0,0,0,208.1,true,170.17,
2024-06-24,2024,26,campus,7,27098,17883,9215,21505,5593,0,0,0,62.0,true,437.06,
2024-06-24,2024,26,near,7,46187,31968,14219,37153,9034,0,0,0,122.0,true,378.58,
2024-07-01,2024,27,away,7,32309,20068,12241,23791,8518,0,0,0,209.1,true,154.51,
2024-07-01,2024,27,campus,7,24531,14922,9609,19473,5058,0,0,0,61.7,true,397.59,
2024-07-01,2024,27,near,7,41605,26151,15454,33218,8387,0,0,0,121.9,true,341.3,
2024-07-08,2024,28,away,7,36604,23065,13539,26120,10484,0,0,0,211.1,true,173.4,
2024-07-08,2024,28,campus,7,28986,18064,10922,22483,6503,0,0,0,62.0,true,467.52,
2024-07-08,2024,28,near,7,48711,30984,17727,38160,10551,0,0,0,121.9,true,399.6,
2024-07-15,2024,29,away,7,41382,27055,14327,29684,11698,0,0,0,213.9,true,193.46,
2024-07-15,2024,29,campus,7,32092,20613,11479,25057,7035,0,0,0,61.7,true,520.13,
2024-07-15,2024,29,near,7,55392,36676,18716,43325,12067,0,0,0,121.7,true,455.15,
2024-07-22,2024,30,away,7,42324,27157,15167,30364,11960,0,0,0,212.6,true,199.08,
2024-07-22,2024,30,campus,7,33560,21212,12348,26222,7338,0,0,0,62.0,true,541.29,
2024-07-22,2024,30,near,7,56287,37125,19162,44049,12238,0,0,0,122.0,true,461.37,
2024-07-29,2024,31,away,7,37641,25632,12009,26750,10891,0,0,0,213.0,true,176.72,
2024-07-29,2024,31,campus,7,28654,19117,9537,22181,6473,0,0,0,61.4,true,466.68,
2024-07-29,2024,31,near,7,48926,34065,14861,37888,11038,0,0,0,122.0,true,401.03,
2024-08-05,2024,32,away,7,35910,24111,11799,25936,9974,0,0,0,213.3,true,168.35,
2024-08-05,2024,32,campus,7,27481,18198,9283,21495,5986,0,0,0,62.0,true,443.24,
2024-08-05,2024,32,near,7,46808,32354,14454,36786,10022,0,0,0,121.9,true,383.99,
2024-08-12,2024,33,away,7,38617,26212,12405,27700,10917,0,0,0,216.4,true,178.45,
2024-08-12,2024,33,campus,7,28599,18995,9604,22182,6417,0,0,0,62.0,true,461.27,
2024-08-12,2024,33,near,7,49111,33749,15362,38539,10572,0,0,0,122.0,true,402.55,
2024-08-19,2024,34,away,7,40709,26778,13931,28649,12060,0,0,0,216.6,true,187.95,
2024-08-19,2024,34,campus,7,30444,19560,10884,23492,6952,0,0,0,62.0,true,491.03,
2024-08-19,2024,34,near,7,52510,34791,17719,40797,11713,0,0,0,122.7,true,427.95,
2024-08-26,2024,35,away,7,41192,27223,13969,28565,12627,0,0,0,215.7,true,190.97,
2024-08-26,2024,35,campus,7,32219,20725,11494,24723,7496,0,0,0,61.9,true,520.5,
2024-08-26,2024,35,near,7,53947,36279,17668,41831,12116,0,0,0,122.9,true,438.95,
2024-09-02,2024,36,away,7,41867,28378,13489,29746,12121,0,0,0,216.3,true,193.56,
2024-09-02,2024,36,campus,7,35736,23983,11753,27696,8040,0,0,0,61.9,true,577.32,
2024-09-02,2024,36,near,7,57572,39973,17599,44924,12648,0,0,0,123.0,true,468.07,
2024-09-09,2024,37,away,7,44398,30709,13689,31995,12403,0,0,0,214.3,true,207.18,
2024-09-09,2024,37,campus,7,38619,26710,11909,30305,8314,0,0,0,62.6,true,616.92,
2024-09-09,2024,37,near,7,62301,44342,17959,49373,12928,0,0,0,123.6,true,504.05,
2024-09-16,2024,38,away,7,36677,26810,9867,26471,10206,0,0,0,210.9,true,173.91,
2024-09-16,2024,38,campus,7,33099,24020,9079,26022,7077,0,0,0,62.9,true,526.22,
2024-09-16,2024,38,near,7,52256,39480,12776,41607,10649,0,0,0,123.4,true,423.47,
2024-09-23,2024,39,away,7,38885,27755,11130,27936,10949,0,0,0,212.1,true,183.33,
2024-09-23,2024,39,campus,7,34933,24870,10063,27362,7571,0,0,0,63.9,true,546.68,
2024-09-23,2024,39,near,7,54958,40493,14465,43508,11450,0,0,0,123.9,true,443.57,
2024-09-30,2024,40,away,7,40974,29189,11785,29287,11687,0,0,0,215.7,true,189.96,
2024-09-30,2024,40,campus,7,36659,26040,10619,28763,7896,0,0,0,64.0,true,572.8,
2024-09-30,2024,40,near,7,58213,42503,15710,46205,12008,0,0,0,125.4,true,464.22,
2024-10-07,2024,41,away,7,34788,25091,9697,24546,10242,0,0,0,215.3,true,161.58,
2024-10-07,2024,41,campus,7,31190,22195,8995,23956,7234,0,0,0,64.0,true,487.34,
2024-10-07,2024,41,near,7,49747,36365,13382,38771,10976,0,0,0,126.0,true,394.82,
2024-10-14,2024,42,away,7,35416,24967,10449,24821,10595,0,0,0,213.1,true,166.19,
2024-10-14,2024,42,campus,7,31311,21668,9643,24232,7079,0,0,0,64.0,true,489.23,
2024-10-14,2024,42,near,7,50631,35564,15067,39505,11126,0,0,0,126.7,true,399.61,
2024-10-21,2024,43,away,7,38387,27765,10622,27058,11329,0,0,0,215.6,true,178.05,
2024-10-21,2024,43,campus,7,34789,24937,9852,26819,7970,0,0,0,64.7,true,537.7,
2024-10-21,2024,43,near,7,54405,39808,14597,42411,11994,0,0,0,127.0,true,428.39,
2024-10-28,2024,44,away,7,34823,25798,9025,24511,10312,0,0,0,214.3,true,162.5,
2024-10-28,2024,44,campus,7,31274,23203,8071,23717,7557,0,0,0,65.0,true,481.14,
2024-10-28,2024,44,near,7,51216,38482,12734,39724,11492,0,0,0,127.0,true,403.28,
2024-11-04,2024,45,away,7,33707,24856,8851,23463,10244,0,0,0,215.6,true,156.34,
2024-11-04,2024,45,campus,7,30335,22238,8097,22963,7372,0,0,0,65.7,true,461.72,
2024-11-04,2024,45,near,7,48814,37100,11714,37323,11491,0,0,0,126.9,true,384.67,
2024-11-11,2024,46,away,7,29277,22109,7168,20061,9216,0,0,0,210.4,true,139.15,
2024-11-11,2024,46,campus,7,26291,19944,6347,19622,6669,0,0,0,65.9,true,398.95,
2024-11-11,2024,46,near,7,42393,32943,9450,32288,10105,0,0,0,126.7,true,334.59,
2024-11-18,2024,47,away,7,25196,19485,5711,17506,7690,0,0,0,204.1,true,123.45,
2024-11-18,2024,47,campus,7,23408,17886,5522,17351,6057,0,0,0,64.1,true,365.18,
2024-11-18,2024,47,near,7,37701,29305,8396,28501,9200,0,0,0,125.4,true,300.65,
2024-11-25,2024,48,away,7,15549,12271,3278,10314,5235,0,0,0,192.4,true,80.82,
2024-11-25,2024,48,campus,7,12138,9570,2568,8764,3374,0,0,0,61.6,true,197.05,
2024-11-25,2024,48,near,7,20817,16985,3832,15313,5504,0,0,0,121.7,true,171.05,
2024-12-02,2024,49,away,7,19119,15735,3384,12763,6356,0,0,0,191.1,true,100.05,
2024-12-02,2024,49,campus,7,16562,13775,2787,11941,4621,0,0,0,62.0,true,267.13,
2024-12-02,2024,49,near,7,27766,23358,4408,20279,7487,0,0,0,122.9,true,225.92,
2024-12-09,2024,50,away,7,15350,12518,2832,9613,5737,0,0,0,181.4,true,84.62,
2024-12-09,2024,50,campus,7,12938,10614,2324,8855,4083,0,0,0,61.0,true,212.1,
2024-12-09,2024,50,near,7,21556,18018,3538,14916,6640,0,0,0,121.0,true,178.15,
2024-12-16,2024,51,away,7,13679,11251,2428,8626,5053,0,0,0,171.9,true,79.58,
2024-12-16,2024,51,campus,7,10560,8760,1800,7153,3407,0,0,0,59.7,true,176.88,
2024-12-16,2024,51,near,7,18185,15508,2677,12495,5690,0,0,0,116.3,true,156.36,
2024-12-23,2024,52,away,7,5458,4270,1188,3073,2385,0,0,0,157.6,true,34.63,
2024-12-23,2024,52,campus,7,3574,2876,698,2293,1281,0,0,0,59.3,true,60.27,
2024-12-23,2024,52,near,7,6385,5208,1177,4018,2367,0,0,0,112.7,true,56.65,
2024-12-30,2025,1,away,7,9989,7824,2165,6262,3727,0,0,0,173.4,true,57.61,
2024-12-30,2025,1,campus,7,6137,4893,1244,4313,1824,0,0,0,61.4,true,99.95,
2024-12-30,2025,1,near,7,11362,9201,2161,7743,3619,0,0,0,119.1,true,95.4,
2025-01-06,2025,2,away,7,10489,9094,1395,6404,4085,0,0,0,172.7,true,60.74,
2025-01-06,2025,2,campus,7,7897,6991,906,5322,2575,0,0,0,61.0,true,129.46,
2025-01-06,2025,2,near,7,14864,13301,1563,10020,4844,0,0,0,120.3,true,123.56,
2025-01-13,2025,3,away,7,13264,11259,2005,8304,4960,0,0,0,179.6,true,73.85,
2025-01-13,2025,3,campus,7,10509,8992,1517,7060,3449,0,0,0,62.0,true,169.5,
2025-01-13,2025,3,near,7,18697,16402,2295,12893,5804,0,0,0,121.9,true,153.38,
2025-01-20,2025,4,away,7,10033,8677,1356,6056,3977,0,0,0,170.6,true,58.81,
2025-01-20,2025,4,campus,7,8453,7306,1147,5360,3093,0,0,0,61.0,true,138.57,
2025-01-20,2025,4,near,7,14067,12384,1683,9304,4763,0,0,0,122.7,true,114.65,
2025-01-27,2025,5,away,7,11682,10142,1540,7283,4399,0,0,0,176.7,true,66.11,
2025-01-27,2025,5,campus,7,10584,9186,1398,6749,3835,0,0,0,61.4,true,172.38,
2025-01-27,2025,5,near,7,17579,15469,2110,11905,5674,0,0,0,123.7,true,142.11,
2025-02-03,2025,6,away,7,11976,10365,1611,7843,4133,0,0,0,177.7,true,67.39,
2025-02-03,2025,6,campus,7,10821,9331,1490,7348,3473,0,0,0,61.6,true,175.67,
2025-02-03,2025,6,near,7,18038,15933,2105,12585,5453,0,0,0,123.6,true,145.94,
2025-02-10,2025,7,away,7,10734,9326,1408,6881,3853,0,0,0,167.3,true,64.16,
2025-02-10,2025,7,campus,7,9891,8596,1295,6605,3286,0,0,0,61.1,true,161.88,
2025-02-10,2025,7,near,7,16946,14992,1954,11513,5433,0,0,0,120.4,true,140.75,
2025-02-17,2025,8,away,7,9922,8424,1498,6044,3878,0,0,0,166.6,true,59.56,
2025-02-17,2025,8,campus,7,9584,7965,1619,6137,3447,0,0,0,61.4,true,156.09,
2025-02-17,2025,8,near,7,15137,13153,1984,9892,5245,0,0,0,122.7,true,123.37,
2025-02-24,2025,9,away,7,16149,13056,3093,10432,5717,0,0,0,185.7,true,86.96,
2025-02-24,2025,9,campus,7,14110,11671,2439,9572,4538,0,0,0,62.0,true,227.58,
2025-02-24,2025,9,near,7,23202,19727,3475,16253,6949,0,0,0,124.1,true,186.96,
2025-03-03,2025,10,away,7,14910,12379,2531,9459,5451,0,0,0,186.3,true,80.03,
2025-03-03,2025,10,campus,7,12572,10649,1923,8423,4149,0,0,0,61.9,true,203.1,
2025-03-03,2025,10,near,7,21964,18726,3238,15058,6906,0,0,0,125.4,true,175.15,
2025-03-10,2025,11,away,7,23531,17123,6408,15649,7882,0,0,0,197.9,true,118.9,
2025-03-10,2025,11,campus,7,18664,14041,4623,13250,5414,0,0,0,62.6,true,298.15,
2025-03-10,2025,11,near,7,31930,24370,7560,22736,9194,0,0,0,127.7,true,250.04,
2025-03-17,2025,12,away,7,19166,14661,4505,12330,6836,0,0,0,194.9,true,98.34,
2025-03-17,2025,12,campus,7,15741,12056,3685,10905,4836,0,0,0,63.0,true,249.86,
2025-03-17,2025,12,near,7,25268,19920,5348,17728,7540,0,0,0,127.7,true,197.87,
2025-03-24,2025,13,away,7,18932,14882,4050,12140,6792,0,0,0,198.7,true,95.28,
2025-03-24,2025,13,campus,7,15806,12534,3272,10738,5068,0,0,0,64.7,true,244.3,
2025-03-24,2025,13,near,7,25211,20422,4789,17274,7937,0,0,0,129.6,true,194.53,
2025-03-31,2025,14,away,7,21506,16451,5055,14200,7306,0,0,0,207.4,true,103.69,
2025-03-31,2025,14,campus,7,18843,14430,4413,13282,5561,0,0,0,65.6,true,287.24,
2025-03-31,2025,14,near,7,30693,24220,6473,22189,8504,0,0,0,130.9,true,234.48,
2025-04-07,2025,15,away,7,17310,14052,3258,10811,6499,0,0,0,200.9,true,86.16,
2025-04-07,2025,15,campus,7,15452,12535,2917,10328,5124,0,0,0,66.4,true,232.71,
2025-04-07,2025,15,near,7,25676,21428,4248,17429,8247,0,0,0,129.7,true,197.96,
2025-04-14,2025,16,away,7,30923,20814,10109,20707,10216,0,0,0,219.3,true,141.01,
2025-04-14,2025,16,campus,7,26652,17713,8939,19065,7587,0,0,0,68.6,true,388.51,
2025-04-14,2025,16,near,7,42018,29666,12352,30689,11329,0,0,0,132.9,true,316.16,
2025-04-21,2025,17,away,7,30061,20478,9583,20140,9921,0,0,0,217.0,true,138.53,
2025-04-21,2025,17,campus,7,25686,17257,8429,18552,7134,0,0,0,69.4,true,370.12,
2025-04-21,2025,17,near,7,39756,28390,11366,28975,10781,0,0,0,135.6,true,293.19,
2025-04-28,2025,18,away,7,34025,23323,10702,23370,10655,0,0,0,219.9,true,154.73,
2025-04-28,2025,18,campus,7,28540,19667,8873,21174,7366,0,0,0,70.0,true,407.71,
2025-04-28,2025,18,near,7,45836,32932,12904,34509,11327,0,0,0,137.4,true,333.6,
2025-05-05,2025,19,away,7,26490,18539,7951,17874,8616,0,0,0,216.3,true,122.47,
2025-05-05,2025,19,campus,7,20712,14902,5810,14918,5794,0,0,0,70.0,true,295.89,
2025-05-05,2025,19,near,7,35074,26194,8880,25561,9513,0,0,0,137.3,true,255.46,
2025-05-12,2025,20,away,7,35623,23809,11814,25160,10463,0,0,0,224.4,true,158.75,
2025-05-12,2025,20,campus,7,27733,18607,9126,21107,6626,0,0,0,70.0,true,396.19,
2025-05-12,2025,20,near,7,46723,32510,14213,36101,10622,0,0,0,138.0,true,338.57,
2025-05-19,2025,21,away,7,24275,17070,7205,16496,7779,0,0,0,216.4,true,112.18,
2025-05-19,2025,21,campus,7,18378,13002,5376,13345,5033,0,0,0,70.1,true,262.17,
2025-05-19,2025,21,near,7,31815,23317,8498,23359,8456,0,0,0,137.4,true,231.55,
2025-05-26,2025,22,away,7,34489,23096,11393,24626,9863,0,0,0,226.4,true,152.34,
2025-05-26,2025,22,campus,7,24907,16662,8245,19232,5675,0,0,0,71.0,true,350.8,
2025-05-26,2025,22,near,7,43605,30197,13408,33950,9655,0,0,0,138.6,true,314.61,
2025-06-02,2025,23,away,7,37120,25186,11934,25489,11631,0,0,0,225.7,true,164.47,
2025-06-02,2025,23,campus,7,27600,18308,9292,20852,6748,0,0,0,72.0,true,383.33,
2025-06-02,2025,23,near,7,46900,32891,14009,35838,11062,0,0,0,139.1,true,337.17,
2025-06-09,2025,24,away,7,36366,24700,11666,24679,11687,0,0,0,223.0,true,163.08,
2025-06-09,2025,24,campus,7,26429,17871,8558,19329,7100,0,0,0,72.6,true,364.04,
2025-06-09,2025,24,near,7,46300,33078,13222,34389,11911,0,0,0,139.9,true,330.95,
2025-06-16,2025,25,away,7,37254,24753,12501,24557,12697,0,0,0,227.4,true,163.83,
2025-06-16,2025,25,campus,7,26301,17352,8949,19101,7200,0,0,0,73.6,true,357.35,
2025-06-16,2025,25,near,7,46085,31732,14353,33774,12311,0,0,0,140.0,true,329.18,
2025-06-23,2025,26,away,7,37103,25079,12024,24346,12757,0,0,0,225.6,true,164.46,
2025-06-23,2025,26,campus,7,27586,18291,9295,20171,7415,0,0,0,74.0,true,372.78,
2025-06-23,2025,26,near,7,47746,33218,14528,35094,12652,0,0,0,140.6,true,339.59,
2025-06-30,2025,27,away,7,35619,22731,12888,23902,11717,0,0,0,223.7,true,159.23,
2025-06-30,2025,27,campus,7,27600,17048,10552,20579,7021,0,0,0,74.0,true,372.97,
2025-06-30,2025,27,near,7,46302,29841,16461,34762,11540,0,0,0,140.9,true,328.62,
2025-07-07,2025,28,away,7,37778,24815,12963,26021,11757,0,0,0,225.6,true,167.46,
2025-07-07,2025,28,campus,7,28877,19004,9873,22142,6735,0,0,0,74.7,true,386.57,
2025-07-07,2025,28,near,7,49032,33096,15936,37802,11230,0,0,0,141.0,true,347.74,
2025-07-14,2025,29,away,7,40902,27162,13740,28921,11981,0,0,0,227.4,true,179.87,
2025-07-14,2025,29,campus,7,31072,20212,10860,24447,6625,0,0,0,75.0,true,414.29,
2025-07-14,2025,29,near,7,53244,35662,17582,42074,11170,0,0,0,141.0,true,377.62,
2025-07-21,2025,30,away,7,40435,27505,12930,28722,11713,0,0,0,228.1,true,177.27,
2025-07-21,2025,30,campus,7,30982,20299,10683,24343,6639,0,0,0,75.0,true,413.09,
2025-07-21,2025,30,near,7,52298,35749,16549,41377,10921,0,0,0,141.9,true,368.56,
2025-07-28,2025,31,away,7,38513,25774,12739,26649,11864,0,0,0,235.1,true,163.82,
2025-07-28,2025,31,campus,7,28356,18496,9860,21604,6752,0,0,0,74.9,true,378.58,
2025-07-28,2025,31,near,7,49216,33298,15918,37979,11237,0,0,0,141.6,true,347.57,
2025-08-04,2025,32,away,7,42752,28231,14521,29017,13735,0,0,0,238.9,true,178.95,
2025-08-04,2025,32,campus,7,31712,20396,11316,23890,7822,0,0,0,75.0,true,422.83,
2025-08-04,2025,32,near,7,53237,35815,17422,40408,12829,0,0,0,141.0,true,377.57,
2025-08-11,2025,33,away,7,40074,26639,13435,27304,12770,0,0,0,239.1,true,167.6,
2025-08-11,2025,33,campus,7,28320,18829,9491,21188,7132,0,0,0,75.0,true,377.6,
2025-08-11,2025,33,near,7,49610,33835,15775,37631,11979,0,0,0,141.4,true,350.85,
2025-08-18,2025,34,away,7,37550,24976,12574,25462,12088,0,0,0,240.1,true,156.39,
2025-08-18,2025,34,campus,7,26802,17554,9248,20111,6691,0,0,0,75.9,true,353.12,
2025-08-18,2025,34,near,7,47046,32063,14983,35623,11423,0,0,0,141.0,true,333.66,
2025-08-25,2025,35,away,7,38755,25766,12989,26897,11858,0,0,0,239.9,true,161.55,
2025-08-25,2025,35,campus,7,30029,19410,10619,23332,6697,0,0,0,76.0,true,395.12,
2025-08-25,2025,35,near,7,50153,33780,16373,39116,11037,0,0,0,142.6,true,351.7,
2025-09-01,2025,36,away,7,37609,25356,12253,26433,11176,0,0,0,238.0,true,158.02,
2025-09-01,2025,36,campus,7,32277,21568,10709,25261,7016,0,0,0,76.1,true,424.14,
2025-09-01,2025,36,near,7,51972,36081,15891,40895,11077,0,0,0,143.7,true,361.67,
2025-09-08,2025,37,away,7,42907,29083,13824,30302,12605,0,0,0,240.1,true,178.7,
2025-09-08,2025,37,campus,7,37558,25225,12333,29271,8287,0,0,0,77.0,true,487.77,
2025-09-08,2025,37,near,7,60217,42165,18052,47408,12809,0,0,0,144.9,true,415.58,
2025-09-15,2025,38,away,7,43790,30013,13777,30727,13063,0,0,0,246.6,true,177.58,
2025-09-15,2025,38,campus,7,37286,25658,11628,28870,8416,0,0,0,76.9,true,484.86,
2025-09-15,2025,38,near,7,59550,42316,17234,46724,12826,0,0,0,145.0,true,410.69,
2025-09-22,2025,39,away,7,38303,25966,12337,26483,11820,0,0,0,244.7,true,156.53,
2025-09-22,2025,39,campus,7,33362,22684,10678,25971,7391,0,0,0,77.9,true,428.27,
2025-09-22,2025,39,near,7,53033,37273,15760,41261,11772,0,0,0,145.6,true,364.24,
2025-09-29,2025,40,away,7,42297,29215,13082,29441,12856,0,0,0,247.4,true,170.97,
2025-09-29,2025,40,campus,7,36954,25327,11627,28244,8710,0,0,0,78.6,true,470.15,
2025-09-29,2025,40,near,7,58765,41952,16813,45174,13591,0,0,0,146.0,true,402.5,
2025-10-06,2025,41,away,7,35331,25173,10158,23895,11436,0,0,0,245.0,true,144.21,
2025-10-06,2025,41,campus,7,31355,22004,9351,23413,7942,0,0,0,79.9,true,392.43,
2025-10-06,2025,41,near,7,48673,35170,13503,37130,11543,0,0,0,145.9,true,333.61,
2025-10-13,2025,42,away,7,31572,21474,10098,21244,10328,0,0,0,233.7,true,135.1,
2025-10-13,2025,42,campus,7,27228,18159,9069,20259,6969,0,0,0,79.3,true,343.35,
2025-10-13,2025,42,near,7,43031,29727,13304,32277,10754,0,0,0,145.1,true,296.56,
2025-10-20,2025,43,away,7,33500,23996,9504,22144,11356,0,0,0,246.0,true,136.18,
2025-10-20,2025,43,campus,7,29828,21073,8755,21899,7929,0,0,0,80.9,true,368.7,
2025-10-20,2025,43,near,7,46487,34012,12475,34585,11902,0,0,0,145.7,true,319.06,
2025-10-27,2025,44,away,7,30330,22387,7943,19776,10554,0,0,0,244.6,true,124.0,
2025-10-27,2025,44,campus,7,26818,19387,7431,19210,7608,0,0,0,81.7,true,328.25,
2025-10-27,2025,44,near,7,43418,32389,11029,31490,11928,0,0,0,146.0,true,297.38,
2025-11-03,2025,45,away,7,30105,22128,7977,20112,9993,0,0,0,240.0,true,125.44,
2025-11-03,2025,45,campus,7,27083,20020,7063,19648,7435,0,0,0,81.6,true,331.9,
2025-11-03,2025,45,near,7,41796,31704,10092,30927,10869,0,0,0,144.6,true,289.05,
2025-11-10,2025,46,away,7,24221,18593,5628,15453,8768,0,0,0,227.6,true,106.42,
2025-11-10,2025,46,campus,7,21202,16240,4962,14725,6477,0,0,0,80.6,true,263.05,
2025-11-10,2025,46,near,7,33458,26401,7057,23673,9785,0,0,0,143.6,true,232.99,
2025-11-17,2025,47,away,7,23254,18638,4616,14732,8522,0,0,0,226.9,true,102.49,
2025-11-17,2025,47,campus,7,20692,16394,4298,14373,6319,0,0,0,78.0,true,265.28,
2025-11-17,2025,47,near,7,33765,27492,6273,24045,9720,0,0,0,141.1,true,239.3,
2025-11-24,2025,48,away,7,16148,12516,3632,10043,6105,0,0,0,214.0,true,75.46,
2025-11-24,2025,48,campus,7,12583,9690,2893,8574,4009,0,0,0,76.7,true,164.05,
2025-11-24,2025,48,near,7,21750,17325,4425,15064,6686,0,0,0,139.1,true,156.36,
2025-12-01,2025,49,away,7,17612,14479,3133,10830,6782,0,0,0,213.3,true,82.57,
2025-12-01,2025,49,campus,7,15245,12468,2777,9833,5412,0,0,0,76.1,true,200.33,
2025-12-01,2025,49,near,7,24966,20739,4227,16616,8350,0,0,0,138.3,true,180.52,
2025-12-08,2025,50,away,7,15812,13076,2736,9300,6512,0,0,0,206.4,true,76.61,
2025-12-08,2025,50,campus,7,14311,11347,2964,8992,5319,0,0,0,74.6,true,191.84,
2025-12-08,2025,50,near,7,23077,19454,3623,14970,8107,0,0,0,137.9,true,167.35,
2025-12-15,2025,51,away,7,14966,12040,2926,8644,6322,0,0,0,204.0,true,73.36,
2025-12-15,2025,51,campus,7,11195,8981,2214,7004,4191,0,0,0,74.1,true,151.08,
2025-12-15,2025,51,near,7,20310,16892,3418,12928,7382,0,0,0,138.3,true,146.85,
2025-12-22,2025,52,away,7,6117,4949,1168,3203,2914,0,0,0,178.7,true,34.23,
2025-12-22,2025,52,campus,7,3988,3322,666,2227,1761,0,0,0,69.4,true,57.46,
2025-12-22,2025,52,near,7,7421,6206,1215,4245,3176,0,0,0,130.7,true,56.78,
2025-12-29,2026,1,away,7,6497,5219,1278,3433,3064,0,0,0,180.1,true,36.07,
2025-12-29,2026,1,campus,7,3986,3310,676,2267,1719,0,0,0,71.6,true,55.67,
2025-12-29,2026,1,near,7,7560,6293,1267,4297,3263,0,0,0,132.7,true,56.97,
2026-01-05,2026,2,away,7,13455,11020,2435,7916,5539,0,0,0,208.3,true,64.59,
2026-01-05,2026,2,campus,7,10214,8477,1737,6700,3514,0,0,0,73.9,true,138.21,
2026-01-05,2026,2,near,7,18441,15606,2835,12267,6174,0,0,0,138.4,true,133.24,
2026-01-12,2026,3,away,7,15506,12858,2648,9483,6023,0,0,0,208.9,true,74.23,
2026-01-12,2026,3,campus,7,11773,9823,1950,7954,3819,0,0,0,74.3,true,158.45,
2026-01-12,2026,3,near,7,21097,18076,3021,14391,6706,0,0,0,137.3,true,153.66,
2026-01-19,2026,4,away,7,10153,8775,1378,6126,4027,0,0,0,188.7,true,53.8,
2026-01-19,2026,4,campus,7,8426,7308,1118,5566,2860,0,0,0,72.1,true,116.87,
2026-01-19,2026,4,near,7,14697,12808,1889,9663,5034,0,0,0,132.3,true,111.09,
2026-01-26,2026,5,away,7,5076,4383,693,2957,2119,0,0,0,152.4,true,33.31,
2026-01-26,2026,5,campus,7,4328,3729,599,2734,1594,0,0,0,63.9,true,67.73,
2026-01-26,2026,5,near,7,7247,6298,949,4703,2544,0,0,0,121.4,true,59.7,
2026-02-02,2026,6,away,7,8986,7838,1148,5149,3837,0,0,0,180.9,true,49.67,
2026-02-02,2026,6,campus,7,8218,7158,1060,5157,3061,0,0,0,72.6,true,113.2,
2026-02-02,2026,6,near,7,13722,12187,1535,8817,4905,0,0,0,133.6,true,102.71,
2026-02-09,2026,7,away,7,11206,9503,1703,6550,4656,0,0,0,192.4,true,58.24,
2026-02-09,2026,7,campus,7,9831,8253,1578,6327,3504,0,0,0,74.1,true,132.67,
2026-02-09,2026,7,near,7,16570,14274,2296,10756,5814,0,0,0,137.6,true,120.42,
2026-02-16,2026,8,away,7,11467,9640,1827,6770,4697,0,0,0,194.9,true,58.84,
2026-02-16,2026,8,campus,7,9920,8332,1588,6372,3548,0,0,0,74.4,true,133.33,
2026-02-16,2026,8,near,7,16425,14041,2384,10844,5581,0,0,0,137.4,true,119.54,
2026-02-23,2026,9,away,6,8779,7078,1701,5293,3486,0,0,0,186.2,true,47.15,
2026-02-23,2026,9,campus,6,7689,6282,1407,5072,2617,0,0,0,72.5,true,106.06,
2026-02-23,2026,9,near,7,12366,10243,2123,8424,3942,0,0,0,116.1,true,106.51,
2026-03-02,2026,10,away,7,13154,10633,2521,8134,5020,0,0,0,200.9,true,65.48,
2026-03-02,2026,10,campus,7,10688,8738,1950,7318,3370,0,0,0,74.1,true,144.24,
2026-03-02,2026,10,near,7,18463,15477,2986,12739,5724,0,0,0,137.7,true,134.08,
2026-03-09,2026,11,away,7,21690,15857,5833,14101,7589,0,0,0,217.3,true,99.82,
2026-03-09,2026,11,campus,7,16788,12605,4183,12021,4767,0,0,0,74.7,true,224.74,
2026-03-09,2026,11,near,7,28687,22294,6393,20504,8183,0,0,0,138.6,true,206.98,
2026-03-16,2026,12,away,7,16229,12606,3623,9817,6412,0,0,0,211.3,true,76.81,
2026-03-16,2026,12,campus,7,12969,9856,3113,8575,4394,0,0,0,74.4,true,174.31,
2026-03-16,2026,12,near,7,21184,16730,4454,14188,6996,0,0,0,137.4,true,154.18,
2026-03-23,2026,13,away,7,19707,14940,4767,12413,7294,0,0,0,215.3,true,91.53,
2026-03-23,2026,13,campus,7,15654,11906,3748,10799,4855,0,0,0,75.3,true,207.89,
2026-03-23,2026,13,near,7,25503,19895,5608,17594,7909,0,0,0,140.1,true,182.03,
2026-03-30,2026,14,away,7,20622,15462,5160,13059,7563,0,0,0,220.9,true,93.35,
2026-03-30,2026,14,campus,7,17995,13125,4870,12550,5445,0,0,0,77.3,true,232.79,
2026-03-30,2026,14,near,7,28107,21554,6553,19712,8395,0,0,0,142.4,true,197.38,
2026-04-06,2026,15,away,7,24843,17884,6959,16348,8495,0,0,0,231.3,true,107.41,
2026-04-06,2026,15,campus,7,21160,15233,5927,14912,6248,0,0,0,78.9,true,268.19,
2026-04-06,2026,15,near,7,33774,25256,8518,24090,9684,0,0,0,143.7,true,235.03,
2026-04-13,2026,16,away,7,27862,19889,7973,18542,9320,0,0,0,237.4,true,117.36,
2026-04-13,2026,16,campus,7,24220,16834,7386,17331,6889,0,0,0,80.3,true,301.62,
2026-04-13,2026,16,near,7,36602,26911,9691,26796,9806,0,0,0,143.6,true,254.89,
2026-04-20,2026,17,away,7,28064,18942,9122,18881,9183,0,0,0,241.9,true,116.01,
2026-04-20,2026,17,campus,7,24550,16347,8203,17691,6859,0,0,0,81.3,true,301.97,
2026-04-20,2026,17,near,7,36803,25868,10935,26977,9826,0,0,0,145.4,true,253.12,
2026-04-27,2026,18,away,7,28881,20678,8203,18420,10461,0,0,0,243.4,true,118.66,
2026-04-27,2026,18,campus,7,24103,16995,7108,17011,7092,0,0,0,82.3,true,292.87,
2026-04-27,2026,18,near,7,37952,27853,10099,27165,10787,0,0,0,147.9,true,256.61,
2026-05-04,2026,19,away,7,31896,21929,9967,21061,10835,0,0,0,243.7,true,130.88,
2026-05-04,2026,19,campus,7,24360,16717,7643,17905,6455,0,0,0,82.4,true,295.63,
2026-05-04,2026,19,near,7,39971,28824,11147,29563,10408,0,0,0,148.0,true,270.07,
2026-05-11,2026,20,away,7,32467,21822,10645,21547,10920,0,0,0,247.6,true,131.13,
2026-05-11,2026,20,campus,7,23530,15976,7554,17015,6515,0,0,0,82.7,true,284.52,
2026-05-11,2026,20,near,7,40352,28233,12119,29427,10925,0,0,0,147.9,true,272.83,
2026-05-18,2026,21,away,7,31192,21540,9652,20438,10754,0,0,0,246.3,true,126.64,
2026-05-18,2026,21,campus,7,22827,15830,6997,16564,6263,0,0,0,82.6,true,276.36,
2026-05-18,2026,21,near,7,39052,27683,11369,28522,10530,0,0,0,148.7,true,262.62,
2026-05-25,2026,22,away,7,31592,21259,10333,20930,10662,0,0,0,248.1,true,127.34,
2026-05-25,2026,22,campus,7,23296,15634,7662,16903,6393,0,0,0,83.3,true,279.66,
2026-05-25,2026,22,near,7,39741,27696,12045,29171,10570,0,0,0,148.7,true,267.26,
2026-06-01,2026,23,away,7,38823,25759,13064,26509,12314,0,0,0,256.6,true,151.3,
2026-06-01,2026,23,campus,7,27613,18471,9142,20880,6733,0,0,0,83.7,true,329.9,
2026-06-01,2026,23,near,7,47780,32779,15001,36038,11742,0,0,0,148.4,true,321.97,
2026-06-08,2026,24,away,7,40607,26840,13767,27899,12708,0,0,0,258.4,true,157.15,
2026-06-08,2026,24,campus,7,29548,19545,10003,22610,6938,0,0,0,83.9,true,352.18,
2026-06-08,2026,24,near,7,49739,34229,15510,38122,11617,0,0,0,148.7,true,334.49,
2026-06-15,2026,25,away,7,38791,25343,13448,27145,11646,0,0,0,257.7,true,150.53,
2026-06-15,2026,25,campus,7,29877,18974,10903,22778,7099,0,0,0,84.0,true,355.68,
2026-06-15,2026,25,near,7,47936,32167,15769,36699,11237,0,0,0,148.7,true,322.37,
2026-06-22,2026,26,away,7,37751,24202,13549,26605,11146,0,0,0,254.9,true,148.1,
2026-06-22,2026,26,campus,7,28479,17740,10739,21878,6601,0,0,0,83.9,true,339.44,
2026-06-22,2026,26,near,7,46258,29994,16264,35761,10497,0,0,0,148.9,true,310.66,
2026-06-29,2026,27,away,7,32901,21348,11553,22343,10558,0,0,0,253.4,true,129.84,
2026-06-29,2026,27,campus,7,24592,15947,8645,18730,5862,0,0,0,83.9,true,293.11,
2026-06-29,2026,27,near,7,41395,27497,13898,31677,9718,0,0,0,148.7,true,278.38,
2026-07-06,2026,28,away,7,38063,24356,13707,26738,11325,0,0,0,251.9,true,151.1,
2026-07-06,2026,28,campus,7,27707,17534,10173,21868,5839,0,0,0,83.6,true,331.42,
2026-07-06,2026,28,near,7,45445,29829,15616,35818,9627,0,0,0,148.3,true,306.44,
2026-07-13,2026,29,away,7,39719,26320,13399,28131,11588,0,0,0,257.3,true,154.37,
2026-07-13,2026,29,campus,7,29382,19490,9892,23313,6069,0,0,0,83.3,true,352.73,
2026-07-13,2026,29,near,7,49156,33823,15333,38796,10360,0,0,0,149.4,true,329.02,
2026-07-20,2026,30,away,7,42511,27085,15426,29351,13160,0,0,0,256.3,true,165.86,
2026-07-20,2026,30,campus,7,32670,20240,12430,25019,7651,0,0,0,83.3,true,392.2,
2026-07-20,2026,30,near,7,54874,35334,19540,41693,13181,0,0,0,149.7,true,366.56,
2026-07-27,2026,31,away,7,39377,25879,13498,25154,14223,0,0,0,255.4,true,154.18,
2026-07-27,2026,31,campus,7,30595,19419,11176,22237,8358,0,0,0,83.7,true,365.53,
2026-07-27,2026,31,near,7,51027,33848,17179,36909,14118,0,0,0,150.9,true,338.15,
2026-08-03,2026,32,away,7,40008,26409,13599,23763,16245,0,0,0,256.4,true,156.04,
2026-08-03,2026,32,campus,7,30473,19430,11043,20768,9705,0,0,0,84.0,true,362.77,
2026-08-03,2026,32,near,7,49754,33131,16623,33886,15868,0,0,0,151.4,true,328.63,
2026-08-10,2026,33,away,7,44542,28919,15623,25322,19220,0,0,0,262.7,true,169.55,
2026-08-10,2026,33,campus,7,34231,21582,12649,22642,11589,0,0,0,83.9,true,408.0,
2026-08-10,2026,33,near,7,55654,36513,19141,37374,18280,0,0,0,152.0,true,366.14,
2026-08-17,2026,34,away,7,39659,26702,12957,22147,17512,0,0,0,261.7,true,151.54,
2026-08-17,2026,34,campus,7,29930,19774,10156,19413,10517,0,0,0,83.9,true,356.73,
2026-08-17,2026,34,near,7,49646,33938,15708,32277,17369,0,0,0,152.4,true,325.76,
2026-08-24,2026,35,away,7,44371,29314,15057,24611,19760,0,0,0,265.0,true,167.44,
2026-08-24,2026,35,campus,7,33028,21708,11320,21572,11456,0,0,0,84.0,true,393.19,
2026-08-24,2026,35,near,7,55891,37571,18320,36462,19429,0,0,0,152.9,true,365.54,
2026-08-31,2026,36,away,1,6025,4250,1775,3481,2544,0,0,0,262.0,false,23.0,
2026-08-31,2026,36,campus,1,5365,3667,1698,3459,1906,0,0,0,84.0,false,63.87,
2026-08-31,2026,36,near,1,8109,5838,2271,5340,2769,0,0,0,152.0,false,53.35,
