week_start,iso_year,iso_week,municipality,days_with_data,trips,member_trips,casual_trips,classic_trips,electric_trips,no_station_trips,avg_daily_active_stations,complete_week,trips_per_active_station,in_study_area
2014-12-29,2015,1,Cambridge,4,594,423,171,594,0,0,30.0,false,19.8,true
2015-01-05,2015,2,Cambridge,7,1716,1174,542,1716,0,0,29.9,true,57.39,true
2015-01-12,2015,3,Cambridge,7,2089,1482,607,2089,0,0,31.0,true,67.39,true
2015-01-19,2015,4,Cambridge,7,2527,1765,762,2527,0,0,29.9,true,84.52,true
2015-01-26,2015,5,Cambridge,6,1057,755,302,1057,0,0,28.3,true,37.35,true
2015-02-02,2015,6,Cambridge,7,861,657,204,861,0,0,23.9,true,36.03,true
2015-02-09,2015,7,Cambridge,5,597,450,147,597,0,0,25.4,true,23.5,true
2015-02-16,2015,8,Cambridge,7,910,706,204,910,0,0,24.3,true,37.45,true
2015-02-23,2015,9,Cambridge,7,1513,1145,368,1513,0,0,27.6,true,54.82,true
2015-03-02,2015,10,Cambridge,7,2038,1501,537,2038,0,0,30.9,true,65.95,true
2015-03-09,2015,11,Cambridge,7,2885,2148,737,2885,0,0,30.0,true,96.17,true
2015-03-16,2015,12,Cambridge,7,2269,1607,662,2269,0,0,31.1,true,72.96,true
2015-03-23,2015,13,Cambridge,7,2791,2025,766,2791,0,0,31.0,true,90.03,true
2015-03-30,2015,14,Cambridge,7,4281,3228,1053,4281,0,0,31.6,true,135.47,true
2015-04-06,2015,15,Cambridge,7,4421,3428,993,4421,0,0,32.0,true,138.16,true
2015-04-13,2015,16,Boston,4,5164,3631,1533,5164,0,0,58.5,true,88.27,true
2015-04-13,2015,16,Brookline,3,84,71,13,84,0,0,2.0,true,42.0,true
2015-04-13,2015,16,Cambridge,7,6442,5019,1423,6442,0,0,32.4,true,198.83,true
2015-04-13,2015,16,Somerville,3,428,297,131,428,0,0,10.0,true,42.8,true
2015-04-20,2015,17,Boston,7,12253,7069,5184,12253,0,0,82.0,true,149.43,true
2015-04-20,2015,17,Brookline,7,258,185,73,258,0,0,2.9,true,88.97,true
2015-04-20,2015,17,Cambridge,7,6944,5227,1717,6944,0,0,33.0,true,210.42,true
2015-04-20,2015,17,Somerville,7,801,528,273,801,0,0,9.9,true,80.91,true
2015-04-27,2015,18,Boston,7,17916,10503,7413,17916,0,0,88.0,true,203.59,true
2015-04-27,2015,18,Brookline,7,463,315,148,463,0,0,3.9,true,118.72,true
2015-04-27,2015,18,Cambridge,7,8817,6637,2180,8817,0,0,33.0,true,267.18,true
2015-04-27,2015,18,Somerville,7,1101,703,398,1101,0,0,10.0,true,110.1,true
2015-05-04,2015,19,Boston,7,22896,13872,9024,22896,0,0,88.6,true,258.42,true
2015-05-04,2015,19,Brookline,7,559,386,173,559,0,0,4.0,true,139.75,true
2015-05-04,2015,19,Cambridge,7,10180,7702,2478,10180,0,0,33.0,true,308.48,true
2015-05-04,2015,19,Somerville,7,1208,809,399,1208,0,0,10.0,true,120.8,true
2015-05-11,2015,20,Boston,7,23642,14671,8971,23642,0,0,88.7,true,266.54,true
2015-05-11,2015,20,Brookline,7,612,403,209,612,0,0,4.0,true,153.0,true
2015-05-11,2015,20,Cambridge,7,10224,7720,2504,10224,0,0,33.0,true,309.82,true
2015-05-11,2015,20,Somerville,7,1286,861,425,1286,0,0,9.9,true,129.9,true
2015-05-18,2015,21,Boston,7,22013,13815,8198,22013,0,0,88.7,true,248.17,true
2015-05-18,2015,21,Brookline,7,515,369,146,515,0,0,4.0,true,128.75,true
2015-05-18,2015,21,Cambridge,7,8876,6689,2187,8876,0,0,33.0,true,268.97,true
2015-05-18,2015,21,Somerville,7,1079,729,350,1079,0,0,10.0,true,107.9,true
2015-05-25,2015,22,Boston,7,22851,14575,8276,22851,0,0,88.0,true,259.67,true
2015-05-25,2015,22,Brookline,7,549,394,155,549,0,0,4.0,true,137.25,true
2015-05-25,2015,22,Cambridge,7,9139,6934,2205,9139,0,0,33.0,true,276.94,true
2015-05-25,2015,22,Somerville,7,1177,804,373,1177,0,0,9.7,true,121.34,true
2015-06-01,2015,23,Boston,7,19027,11695,7332,19027,0,0,88.6,true,214.75,true
2015-06-01,2015,23,Brookline,7,509,351,158,509,0,0,4.0,true,127.25,true
2015-06-01,2015,23,Cambridge,7,7771,5883,1888,7771,0,0,32.7,true,237.65,true
2015-06-01,2015,23,Somerville,7,1062,724,338,1062,0,0,9.9,true,107.27,true
2015-06-08,2015,24,Boston,7,26175,16363,9812,26175,0,0,89.4,true,292.79,true
2015-06-08,2015,24,Brookline,7,676,469,207,676,0,0,4.0,true,169.0,true
2015-06-08,2015,24,Cambridge,7,10016,7685,2331,10016,0,0,33.0,true,303.52,true
2015-06-08,2015,24,Somerville,7,1436,988,448,1436,0,0,11.4,true,125.96,true
2015-06-15,2015,25,Boston,7,21383,13185,8198,21383,0,0,89.0,true,240.26,true
2015-06-15,2015,25,Brookline,7,529,366,163,529,0,0,4.0,true,132.25,true
2015-06-15,2015,25,Cambridge,7,8161,6137,2024,8161,0,0,33.0,true,247.3,true
2015-06-15,2015,25,Somerville,7,1232,834,398,1232,0,0,11.9,true,103.53,true
2015-06-22,2015,26,Boston,7,23415,14377,9038,23415,0,0,88.1,true,265.78,true
2015-06-22,2015,26,Brookline,7,548,381,167,548,0,0,4.0,true,137.0,true
2015-06-22,2015,26,Cambridge,7,9669,7395,2274,9669,0,0,32.6,true,296.6,true
2015-06-22,2015,26,Somerville,7,1405,947,458,1405,0,0,12.0,true,117.08,true
2015-06-29,2015,27,Boston,7,23610,16478,7132,23610,0,0,89.7,true,263.21,true
2015-06-29,2015,27,Brookline,7,615,454,161,615,0,0,4.0,true,153.75,true
2015-06-29,2015,27,Cambridge,7,10394,8441,1953,10394,0,0,33.0,true,314.97,true
2015-06-29,2015,27,Somerville,7,1528,1133,395,1528,0,0,12.0,true,127.33,true
2015-07-06,2015,28,Boston,7,26230,16865,9365,26230,0,0,90.0,true,291.44,true
2015-07-06,2015,28,Brookline,7,736,547,189,736,0,0,4.0,true,184.0,true
2015-07-06,2015,28,Cambridge,7,10980,8522,2458,10980,0,0,33.0,true,332.73,true
2015-07-06,2015,28,Somerville,7,1772,1244,528,1772,0,0,12.0,true,147.67,true
2015-07-13,2015,29,Boston,7,26093,16943,9150,26093,0,0,89.4,true,291.87,true
2015-07-13,2015,29,Brookline,7,724,536,188,724,0,0,4.0,true,181.0,true
2015-07-13,2015,29,Cambridge,7,11219,8750,2469,11219,0,0,33.0,true,339.97,true
2015-07-13,2015,29,Somerville,7,1595,1099,496,1595,0,0,12.0,true,132.92,true
2015-07-20,2015,30,Boston,7,27148,17820,9328,27148,0,0,90.0,true,301.64,true
2015-07-20,2015,30,Brookline,7,752,550,202,752,0,0,4.0,true,188.0,true
2015-07-20,2015,30,Cambridge,7,11277,8952,2325,11277,0,0,33.0,true,341.73,true
2015-07-20,2015,30,Somerville,7,1561,1085,476,1561,0,0,12.0,true,130.08,true
2015-07-27,2015,31,Boston,7,26413,17241,9172,26413,0,0,89.9,true,293.8,true
2015-07-27,2015,31,Brookline,7,669,500,169,669,0,0,4.0,true,167.25,true
2015-07-27,2015,31,Cambridge,7,10991,8707,2284,10991,0,0,33.0,true,333.06,true
2015-07-27,2015,31,Somerville,7,1550,1050,500,1550,0,0,12.0,true,129.17,true
2015-08-03,2015,32,Boston,7,26890,17658,9232,26890,0,0,90.0,true,298.78,true
2015-08-03,2015,32,Brookline,7,723,544,179,723,0,0,4.0,true,180.75,true
2015-08-03,2015,32,Cambridge,7,11529,9107,2422,11529,0,0,33.0,true,349.36,true
2015-08-03,2015,32,Somerville,7,1548,1122,426,1548,0,0,12.0,true,129.0,true
2015-08-10,2015,33,Boston,7,23604,15137,8467,23604,0,0,89.6,true,263.44,true
2015-08-10,2015,33,Brookline,7,561,398,163,561,0,0,4.0,true,140.25,true
2015-08-10,2015,33,Cambridge,7,10207,7870,2337,10207,0,0,33.0,true,309.3,true
2015-08-10,2015,33,Somerville,7,1605,1123,482,1605,0,0,12.0,true,133.75,true
2015-08-17,2015,34,Boston,7,22020,14162,7858,22020,0,0,89.6,true,245.76,true
2015-08-17,2015,34,Brookline,7,518,399,119,518,0,0,4.0,true,129.5,true
2015-08-17,2015,34,Cambridge,7,9490,7354,2136,9490,0,0,33.0,true,287.58,true
2015-08-17,2015,34,Somerville,7,1352,893,459,1352,0,0,12.0,true,112.67,true
2015-08-24,2015,35,Boston,7,22961,14347,8614,22961,0,0,89.3,true,257.12,true
2015-08-24,2015,35,Brookline,7,643,483,160,643,0,0,4.0,true,160.75,true
2015-08-24,2015,35,Cambridge,7,10176,7796,2380,10176,0,0,33.0,true,308.36,true
2015-08-24,2015,35,Somerville,7,1480,1005,475,1480,0,0,12.0,true,123.33,true
2015-08-31,2015,36,Boston,7,23605,15071,8534,23605,0,0,88.7,true,266.12,true
2015-08-31,2015,36,Brookline,7,611,456,155,611,0,0,4.0,true,152.75,true
2015-08-31,2015,36,Cambridge,7,10885,8491,2394,10885,0,0,33.0,true,329.85,true
2015-08-31,2015,36,Somerville,7,1645,1146,499,1645,0,0,12.0,true,137.08,true
2015-09-07,2015,37,Boston,7,19560,12440,7120,19560,0,0,88.4,true,221.27,true
2015-09-07,2015,37,Brookline,7,565,422,143,565,0,0,4.0,true,141.25,true
2015-09-07,2015,37,Cambridge,7,9432,7333,2099,9432,0,0,33.0,true,285.82,true
2015-09-07,2015,37,Somerville,7,1541,1064,477,1541,0,0,12.0,true,128.42,true
2015-09-14,2015,38,Boston,7,23932,14554,9378,23932,0,0,88.9,true,269.2,true
2015-09-14,2015,38,Brookline,7,601,432,169,601,0,0,4.0,true,150.25,true
2015-09-14,2015,38,Cambridge,7,11463,8854,2609,11463,0,0,32.9,true,348.42,true
2015-09-14,2015,38,Somerville,7,1767,1200,567,1767,0,0,12.0,true,147.25,true
2015-09-21,2015,39,Boston,7,23283,13805,9478,23283,0,0,89.7,true,259.57,true
2015-09-21,2015,39,Brookline,7,534,413,121,534,0,0,4.0,true,133.5,true
2015-09-21,2015,39,Cambridge,7,11372,8870,2502,11372,0,0,33.0,true,344.61,true
2015-09-21,2015,39,Somerville,7,1731,1118,613,1731,0,0,12.0,true,144.25,true
2015-09-28,2015,40,Boston,7,15842,9134,6708,15842,0,0,89.6,true,176.81,true
2015-09-28,2015,40,Brookline,7,397,297,100,397,0,0,4.0,true,99.25,true
2015-09-28,2015,40,Cambridge,7,8158,6242,1916,8158,0,0,32.9,true,247.96,true
2015-09-28,2015,40,Somerville,7,1255,792,463,1255,0,0,12.0,true,104.58,true
2015-10-05,2015,41,Boston,7,20428,12324,8104,20428,0,0,96.1,true,212.57,true
2015-10-05,2015,41,Brookline,7,470,346,124,470,0,0,4.0,true,117.5,true
2015-10-05,2015,41,Cambridge,7,9517,7272,2245,9517,0,0,33.0,true,288.39,true
2015-10-05,2015,41,Somerville,7,1379,915,464,1379,0,0,12.0,true,114.92,true
2015-10-12,2015,42,Boston,7,19427,11776,7651,19427,0,0,98.1,true,198.03,true
2015-10-12,2015,42,Brookline,7,443,317,126,443,0,0,4.0,true,110.75,true
2015-10-12,2015,42,Cambridge,7,9675,7497,2178,9675,0,0,33.0,true,293.18,true
2015-10-12,2015,42,Somerville,7,1321,899,422,1321,0,0,12.0,true,110.08,true
2015-10-19,2015,43,Boston,7,17672,10084,7588,17672,0,0,98.7,true,179.05,true
2015-10-19,2015,43,Brookline,7,377,264,113,377,0,0,4.0,true,94.25,true
2015-10-19,2015,43,Cambridge,7,8503,6397,2106,8503,0,0,32.7,true,260.03,true
2015-10-19,2015,43,Somerville,7,1244,818,426,1244,0,0,12.0,true,103.67,true
2015-10-26,2015,44,Boston,7,16619,9788,6831,16619,0,0,98.0,true,169.58,true
2015-10-26,2015,44,Brookline,7,401,296,105,401,0,0,4.0,true,100.25,true
2015-10-26,2015,44,Cambridge,7,7880,5922,1958,7880,0,0,32.7,true,240.98,true
2015-10-26,2015,44,Somerville,7,1198,787,411,1198,0,0,11.4,true,105.09,true
2015-11-02,2015,45,Boston,7,19307,11170,8137,19307,0,0,98.7,true,195.61,true
2015-11-02,2015,45,Brookline,7,430,302,128,430,0,0,4.0,true,107.5,true
2015-11-02,2015,45,Cambridge,7,9253,6920,2333,9253,0,0,36.1,true,256.32,true
2015-11-02,2015,45,Somerville,7,1388,910,478,1388,0,0,12.0,true,115.67,true
2015-11-09,2015,46,Boston,7,13123,7423,5700,13123,0,0,97.4,true,134.73,true
2015-11-09,2015,46,Brookline,7,310,216,94,310,0,0,4.0,true,77.5,true
2015-11-09,2015,46,Cambridge,7,7236,5425,1811,7236,0,0,37.9,true,190.92,true
2015-11-09,2015,46,Somerville,7,1088,722,366,1088,0,0,11.9,true,91.43,true
2015-11-16,2015,47,Boston,7,11646,6200,5446,11646,0,0,78.6,true,148.17,true
2015-11-16,2015,47,Brookline,7,329,226,103,329,0,0,4.0,true,82.25,true
2015-11-16,2015,47,Cambridge,7,7314,5455,1859,7314,0,0,37.4,true,195.56,true
2015-11-16,2015,47,Somerville,7,1103,711,392,1103,0,0,12.0,true,91.92,true
2015-11-23,2015,48,Boston,7,6110,3715,2395,6110,0,0,65.9,true,92.72,true
2015-11-23,2015,48,Brookline,2,57,41,16,57,0,0,3.5,true,16.29,true
2015-11-23,2015,48,Cambridge,7,4846,3762,1084,4846,0,0,37.4,true,129.57,true
2015-11-23,2015,48,Somerville,7,285,179,106,285,0,0,3.6,true,79.17,true
2015-11-30,2015,49,Boston,7,7963,4466,3497,7963,0,0,69.1,true,115.24,true
2015-11-30,2015,49,Cambridge,7,5940,4438,1502,5940,0,0,36.9,true,160.98,true
2015-11-30,2015,49,Somerville,7,265,154,111,265,0,0,2.0,true,132.5,true
2015-12-07,2015,50,Boston,7,8837,4915,3922,8837,0,0,66.6,true,132.69,true
2015-12-07,2015,50,Cambridge,7,6743,5059,1684,6743,0,0,36.9,true,182.74,true
2015-12-07,2015,50,Somerville,7,292,157,135,292,0,0,2.0,true,146.0,true
2015-12-14,2015,51,Boston,7,6263,3361,2902,6263,0,0,63.1,true,99.26,true
2015-12-14,2015,51,Cambridge,7,5052,3699,1353,5052,0,0,36.7,true,137.66,true
2015-12-14,2015,51,Somerville,7,257,127,130,257,0,0,2.0,true,128.5,true
2015-12-21,2015,52,Boston,7,4008,2523,1485,4008,0,0,60.0,true,66.8,true
2015-12-21,2015,52,Cambridge,7,2917,2201,716,2917,0,0,35.1,true,83.11,true
2015-12-21,2015,52,Somerville,7,151,66,85,151,0,0,2.0,true,75.5,true
2015-12-28,2015,53,Boston,5,1342,738,604,1342,0,0,45.6,true,29.43,true
2015-12-28,2015,53,Cambridge,7,1631,1226,405,1631,0,0,33.1,true,49.27,true
2015-12-28,2015,53,Somerville,4,51,17,34,51,0,0,2.0,true,25.5,true
2016-01-04,2016,1,Boston,3,4,3,1,4,0,0,1.0,true,4.0,true
2016-01-04,2016,1,Cambridge,7,2569,1945,624,2569,0,0,34.0,true,75.56,true
2016-01-11,2016,2,Cambridge,7,2916,2231,685,2916,0,0,35.7,true,81.68,true
2016-01-18,2016,3,Cambridge,7,2096,1611,485,2096,0,0,35.9,true,58.38,true
2016-01-25,2016,4,Cambridge,7,3733,2899,834,3733,0,0,36.9,true,101.17,true
2016-02-01,2016,5,Cambridge,7,3736,2915,821,3736,0,0,35.6,true,104.94,true
2016-02-08,2016,6,Cambridge,7,2159,1705,454,2159,0,0,34.0,true,63.5,true
2016-02-15,2016,7,Cambridge,7,3617,2837,780,3617,0,0,36.4,true,99.37,true
2016-02-22,2016,8,Cambridge,7,4268,3384,884,4268,0,0,36.6,true,116.61,true
2016-02-29,2016,9,Boston,7,565,386,179,565,0,0,16.9,true,33.43,true
2016-02-29,2016,9,Cambridge,7,4377,3480,897,4377,0,0,36.4,true,120.25,true
2016-03-07,2016,10,Boston,7,4197,2788,1409,4197,0,0,42.0,true,99.93,true
2016-03-07,2016,10,Cambridge,7,5751,4492,1259,5751,0,0,36.7,true,156.7,true
2016-03-14,2016,11,Boston,7,4242,2437,1805,4242,0,0,56.1,true,75.61,true
2016-03-14,2016,11,Cambridge,7,4310,3291,1019,4310,0,0,36.1,true,119.39,true
2016-03-21,2016,12,Boston,7,5209,3000,2209,5209,0,0,63.7,true,81.77,true
2016-03-21,2016,12,Cambridge,7,4734,3502,1232,4734,0,0,38.6,true,122.64,true
2016-03-21,2016,12,Somerville,4,147,92,55,147,0,0,6.5,true,22.62,true
2016-03-28,2016,13,Boston,7,6498,3541,2957,6498,0,0,63.9,true,101.69,true
2016-03-28,2016,13,Cambridge,7,5847,4395,1452,5847,0,0,38.4,true,152.27,true
2016-03-28,2016,13,Somerville,7,572,345,227,572,0,0,8.4,true,68.1,true
2016-04-04,2016,14,Boston,7,4590,2690,1900,4590,0,0,62.6,true,73.32,true
2016-04-04,2016,14,Cambridge,7,5171,3948,1223,5171,0,0,38.4,true,134.66,true
2016-04-04,2016,14,Somerville,7,517,322,195,517,0,0,8.1,true,63.83,true
2016-04-11,2016,15,Boston,7,11484,7036,4448,11484,0,0,81.4,true,141.08,true
2016-04-11,2016,15,Cambridge,7,8435,6558,1877,8435,0,0,39.0,true,216.28,true
2016-04-11,2016,15,Somerville,7,885,585,300,885,0,0,9.0,true,98.33,true
2016-04-18,2016,16,Boston,7,15138,9525,5613,15138,0,0,92.4,true,163.83,true
2016-04-18,2016,16,Cambridge,7,9577,7447,2130,9577,0,0,39.0,true,245.56,true
2016-04-18,2016,16,Somerville,7,1014,666,348,1014,0,0,9.0,true,112.67,true
2016-04-25,2016,17,Boston,7,14792,8653,6139,14792,0,0,97.7,true,151.4,true
2016-04-25,2016,17,Brookline,4,99,68,31,99,0,0,4.0,true,24.75,true
2016-04-25,2016,17,Cambridge,7,8933,6786,2147,8933,0,0,39.0,true,229.05,true
2016-04-25,2016,17,Somerville,7,928,594,334,928,0,0,9.7,true,95.67,true
2016-05-02,2016,18,Boston,7,9803,8380,1423,9803,0,0,96.1,true,102.01,true
2016-05-02,2016,18,Brookline,7,218,190,28,218,0,0,3.9,true,55.9,true
2016-05-02,2016,18,Cambridge,7,6754,6123,631,6754,0,0,38.4,true,175.89,true
2016-05-02,2016,18,Somerville,7,736,675,61,736,0,0,9.9,true,74.34,true
2016-05-09,2016,19,Boston,7,20686,15528,5158,20686,0,0,102.3,true,202.21,true
2016-05-09,2016,19,Brookline,7,467,387,80,467,0,0,4.0,true,116.75,true
2016-05-09,2016,19,Cambridge,7,10197,8251,1946,10197,0,0,38.9,true,262.13,true
2016-05-09,2016,19,Somerville,7,1241,1009,232,1241,0,0,10.9,true,113.85,true
2016-05-16,2016,20,Boston,7,21011,15933,5078,21011,0,0,102.9,true,204.19,true
2016-05-16,2016,20,Brookline,7,514,408,106,514,0,0,4.0,true,128.5,true
2016-05-16,2016,20,Cambridge,7,10656,8610,2046,10656,0,0,39.0,true,273.23,true
2016-05-16,2016,20,Somerville,7,1381,1148,233,1381,0,0,11.0,true,125.55,true
2016-05-23,2016,21,Boston,7,22425,16142,6283,22425,0,0,103.3,true,217.09,true
2016-05-23,2016,21,Brookline,7,476,396,80,476,0,0,4.0,true,119.0,true
2016-05-23,2016,21,Cambridge,7,10588,8296,2292,10588,0,0,39.0,true,271.49,true
2016-05-23,2016,21,Somerville,7,1300,1071,229,1300,0,0,10.9,true,119.27,true
2016-05-30,2016,22,Boston,7,20998,15605,5393,20998,0,0,101.4,true,207.08,true
2016-05-30,2016,22,Brookline,7,476,385,91,476,0,0,4.0,true,119.0,true
2016-05-30,2016,22,Cambridge,7,9618,7702,1916,9618,0,0,38.6,true,249.17,true
2016-05-30,2016,22,Somerville,7,1142,988,154,1142,0,0,10.7,true,106.73,true
2016-06-06,2016,23,Boston,7,22806,17916,4890,22806,0,0,102.6,true,222.28,true
2016-06-06,2016,23,Brookline,7,583,481,102,583,0,0,4.0,true,145.75,true
2016-06-06,2016,23,Cambridge,7,10981,9075,1906,10981,0,0,38.7,true,283.75,true
2016-06-06,2016,23,Somerville,7,1427,1229,198,1427,0,0,11.0,true,129.73,true
2016-06-13,2016,24,Boston,7,25761,18986,6775,25761,0,0,102.6,true,251.08,true
2016-06-13,2016,24,Brookline,7,593,489,104,593,0,0,4.0,true,148.25,true
2016-06-13,2016,24,Cambridge,7,12334,9775,2559,12334,0,0,39.0,true,316.26,true
2016-06-13,2016,24,Somerville,7,1467,1238,229,1467,0,0,11.6,true,126.47,true
2016-06-20,2016,25,Boston,7,26773,20230,6543,26773,0,0,103.1,true,259.68,true
2016-06-20,2016,25,Brookline,7,620,506,114,620,0,0,4.0,true,155.0,true
2016-06-20,2016,25,Cambridge,7,13085,10701,2384,13085,0,0,39.0,true,335.51,true
2016-06-20,2016,25,Somerville,7,1576,1311,265,1576,0,0,12.0,true,131.33,true
2016-06-27,2016,26,Boston,7,24208,17520,6688,24208,0,0,103.3,true,234.35,true
2016-06-27,2016,26,Brookline,7,502,412,90,502,0,0,4.0,true,125.5,true
2016-06-27,2016,26,Cambridge,7,11927,9438,2489,11927,0,0,39.6,true,301.19,true
2016-06-27,2016,26,Somerville,7,1481,1210,271,1481,0,0,12.0,true,123.42,true
2016-07-04,2016,27,Boston,7,21744,15724,6020,21744,0,0,101.9,true,213.39,true
2016-07-04,2016,27,Brookline,7,518,431,87,518,0,0,4.0,true,129.5,true
2016-07-04,2016,27,Cambridge,7,11396,9049,2347,11396,0,0,40.0,true,284.9,true
2016-07-04,2016,27,Somerville,7,1411,1203,208,1411,0,0,12.0,true,117.58,true
2016-07-11,2016,28,Boston,7,25250,19530,5720,25250,0,0,102.3,true,246.82,true
2016-07-11,2016,28,Brookline,7,560,471,89,560,0,0,4.0,true,140.0,true
2016-07-11,2016,28,Cambridge,7,12594,10251,2343,12594,0,0,39.7,true,317.23,true
2016-07-11,2016,28,Somerville,7,1447,1284,163,1447,0,0,12.0,true,120.58,true
2016-07-18,2016,29,Boston,7,25057,19387,5670,25057,0,0,104.6,true,239.55,true
2016-07-18,2016,29,Brookline,7,606,525,81,606,0,0,4.0,true,151.5,true
2016-07-18,2016,29,Cambridge,7,12477,10316,2161,12477,0,0,39.7,true,314.28,true
2016-07-18,2016,29,Somerville,7,1458,1267,191,1458,0,0,12.0,true,121.5,true
2016-07-25,2016,30,Boston,7,23623,18475,5148,23623,0,0,105.0,true,224.98,true
2016-07-25,2016,30,Brookline,7,533,451,82,533,0,0,4.0,true,133.25,true
2016-07-25,2016,30,Cambridge,7,11891,9857,2034,11891,0,0,39.9,true,298.02,true
2016-07-25,2016,30,Somerville,7,1513,1301,212,1513,0,0,12.0,true,126.08,true
2016-08-01,2016,31,Boston,7,25581,19323,6258,25581,0,0,106.6,true,239.97,true
2016-08-01,2016,31,Brookline,7,615,508,107,615,0,0,4.0,true,153.75,true
2016-08-01,2016,31,Cambridge,7,12442,10009,2433,12442,0,0,40.0,true,311.05,true
2016-08-01,2016,31,Somerville,7,1548,1369,179,1548,0,0,12.0,true,129.0,true
2016-08-08,2016,32,Boston,7,23753,18014,5739,23753,0,0,107.6,true,220.75,true
2016-08-08,2016,32,Brookline,7,551,456,95,551,0,0,4.0,true,137.75,true
2016-08-08,2016,32,Cambridge,7,11513,9195,2318,11513,0,0,40.0,true,287.82,true
2016-08-08,2016,32,Somerville,7,1425,1257,168,1425,0,0,12.0,true,118.75,true
2016-08-15,2016,33,Boston,7,25463,19104,6359,25463,0,0,108.6,true,234.47,true
2016-08-15,2016,33,Brookline,7,559,483,76,559,0,0,4.0,true,139.75,true
2016-08-15,2016,33,Cambridge,7,11586,9337,2249,11586,0,0,39.6,true,292.58,true
2016-08-15,2016,33,Somerville,7,1380,1217,163,1380,0,0,12.0,true,115.0,true
2016-08-22,2016,34,Boston,7,25054,18938,6116,25054,0,0,109.6,true,228.59,true
2016-08-22,2016,34,Brookline,7,591,466,125,591,0,0,4.0,true,147.75,true
2016-08-22,2016,34,Cambridge,7,11759,9462,2297,11759,0,0,39.7,true,296.2,true
2016-08-22,2016,34,Somerville,7,1389,1192,197,1389,0,0,12.0,true,115.75,true
2016-08-29,2016,35,Boston,7,24701,18226,6475,24701,0,0,109.4,true,225.79,true
2016-08-29,2016,35,Brookline,7,647,533,114,647,0,0,4.0,true,161.75,true
2016-08-29,2016,35,Cambridge,7,13216,10442,2774,13216,0,0,40.6,true,325.52,true
2016-08-29,2016,35,Somerville,7,1479,1239,240,1479,0,0,12.0,true,123.25,true
2016-09-05,2016,36,Boston,7,21964,16404,5560,21964,0,0,110.1,true,199.49,true
2016-09-05,2016,36,Brookline,7,616,497,119,616,0,0,4.0,true,154.0,true
2016-09-05,2016,36,Cambridge,7,12430,10375,2055,12430,0,0,40.9,true,303.91,true
2016-09-05,2016,36,Somerville,7,1447,1161,286,1447,0,0,12.0,true,120.58,true
2016-09-12,2016,37,Boston,7,26207,20893,5314,26207,0,0,111.9,true,234.2,true
2016-09-12,2016,37,Brookline,7,609,523,86,609,0,0,4.0,true,152.25,true
2016-09-12,2016,37,Cambridge,7,14122,12004,2118,14122,0,0,41.0,true,344.44,true
2016-09-12,2016,37,Somerville,7,1700,1459,241,1700,0,0,12.0,true,141.67,true
2016-09-19,2016,38,Boston,7,23346,19031,4315,23346,0,0,110.9,true,210.51,true
2016-09-19,2016,38,Brookline,7,604,535,69,604,0,0,4.0,true,151.0,true
2016-09-19,2016,38,Cambridge,7,13103,11400,1703,13103,0,0,41.0,true,319.59,true
2016-09-19,2016,38,Somerville,7,1536,1354,182,1536,0,0,12.0,true,128.0,true
2016-09-26,2016,39,Boston,7,18195,15936,2259,18195,0,0,109.7,true,165.86,true
2016-09-26,2016,39,Brookline,7,422,406,16,422,0,0,4.0,true,105.5,true
2016-09-26,2016,39,Cambridge,7,10935,9970,965,10935,0,0,40.6,true,269.33,true
2016-09-26,2016,39,Somerville,7,1269,1164,105,1269,0,0,12.0,true,105.75,true
2016-10-03,2016,40,Boston,7,20776,17442,3334,20776,0,0,114.1,true,182.09,true
2016-10-03,2016,40,Brookline,7,491,430,61,491,0,0,4.0,true,122.75,true
2016-10-03,2016,40,Cambridge,7,11798,10205,1593,11798,0,0,40.4,true,292.03,true
2016-10-03,2016,40,Somerville,7,1299,1115,184,1299,0,0,12.0,true,108.25,true
2016-10-10,2016,41,Boston,7,20673,16663,4010,20673,0,0,117.0,true,176.69,true
2016-10-10,2016,41,Brookline,7,521,439,82,521,0,0,4.0,true,130.25,true
2016-10-10,2016,41,Cambridge,7,11652,9912,1740,11652,0,0,41.9,true,278.09,true
2016-10-10,2016,41,Somerville,7,1288,1122,166,1288,0,0,12.0,true,107.33,true
2016-10-17,2016,42,Boston,7,20387,17317,3070,20387,0,0,116.1,true,175.6,true
2016-10-17,2016,42,Brookline,7,463,415,48,463,0,0,4.0,true,115.75,true
2016-10-17,2016,42,Cambridge,7,11965,10381,1584,11965,0,0,41.9,true,285.56,true
2016-10-17,2016,42,Somerville,7,1310,1194,116,1310,0,0,12.0,true,109.17,true
2016-10-24,2016,43,Boston,7,15765,13856,1909,15765,0,0,113.6,true,138.78,true
2016-10-24,2016,43,Brookline,7,380,355,25,380,0,0,4.0,true,95.0,true
2016-10-24,2016,43,Cambridge,7,9320,8555,765,9320,0,0,42.3,true,220.33,true
2016-10-24,2016,43,Somerville,7,1046,983,63,1046,0,0,11.9,true,87.9,true
2016-10-31,2016,44,Boston,7,17767,15180,2587,17767,0,0,113.7,true,156.26,true
2016-10-31,2016,44,Brookline,7,429,372,57,429,0,0,4.0,true,107.25,true
2016-10-31,2016,44,Cambridge,7,10439,9465,974,10439,0,0,42.9,true,243.33,true
2016-10-31,2016,44,Somerville,7,1188,1097,91,1188,0,0,11.9,true,99.83,true
2016-11-07,2016,45,Boston,7,15847,13845,2002,15847,0,0,112.3,true,141.11,true
2016-11-07,2016,45,Brookline,7,420,386,34,420,0,0,4.0,true,105.0,true
2016-11-07,2016,45,Cambridge,7,9804,8900,904,9804,0,0,42.7,true,229.6,true
2016-11-07,2016,45,Somerville,7,1159,1040,119,1159,0,0,11.9,true,97.39,true
2016-11-14,2016,46,Boston,7,15231,13280,1951,15231,0,0,113.3,true,134.43,true
2016-11-14,2016,46,Brookline,7,353,332,21,353,0,0,4.0,true,88.25,true
2016-11-14,2016,46,Cambridge,7,9423,8578,845,9423,0,0,42.7,true,220.68,true
2016-11-14,2016,46,Somerville,7,979,903,76,979,0,0,11.9,true,82.27,true
2016-11-21,2016,47,Boston,7,7571,6597,974,7571,0,0,99.0,true,76.47,true
2016-11-21,2016,47,Brookline,7,168,157,11,168,0,0,3.7,true,45.41,true
2016-11-21,2016,47,Cambridge,7,5497,4943,554,5497,0,0,41.6,true,132.14,true
2016-11-21,2016,47,Somerville,7,536,492,44,536,0,0,11.4,true,47.02,true
2016-11-28,2016,48,Boston,7,8736,8049,687,8736,0,0,91.3,true,95.68,true
2016-11-28,2016,48,Brookline,7,348,330,18,348,0,0,4.6,true,75.65,true
2016-11-28,2016,48,Cambridge,7,7268,6919,349,7268,0,0,42.7,true,170.21,true
2016-11-28,2016,48,Somerville,7,838,786,52,838,0,0,12.0,true,69.83,true
2016-12-05,2016,49,Boston,7,6792,6406,386,6792,0,0,80.6,true,84.27,true
2016-12-05,2016,49,Brookline,7,109,108,1,109,0,0,1.4,true,77.86,true
2016-12-05,2016,49,Cambridge,7,6046,5872,174,6046,0,0,42.3,true,142.93,true
2016-12-05,2016,49,Somerville,7,436,425,11,436,0,0,7.3,true,59.73,true
2016-12-12,2016,50,Boston,7,4669,4461,208,4669,0,0,73.9,true,63.18,true
2016-12-12,2016,50,Brookline,7,69,69,0,69,0,0,1.0,true,69.0,true
2016-12-12,2016,50,Cambridge,7,4358,4258,100,4358,0,0,40.0,true,108.95,true
2016-12-12,2016,50,Somerville,7,244,241,3,244,0,0,5.6,true,43.57,true
2016-12-19,2016,51,Boston,7,4086,3864,222,4086,0,0,73.9,true,55.29,true
2016-12-19,2016,51,Brookline,6,52,50,2,52,0,0,1.0,true,52.0,true
2016-12-19,2016,51,Cambridge,7,3407,3235,172,3407,0,0,41.3,true,82.49,true
2016-12-19,2016,51,Somerville,7,233,217,16,233,0,0,5.4,true,43.15,true
2016-12-26,2016,52,Boston,7,2889,2353,536,2889,0,0,73.1,true,39.52,true
2016-12-26,2016,52,Brookline,6,27,25,2,27,0,0,1.0,true,27.0,true
2016-12-26,2016,52,Cambridge,7,2165,1914,251,2165,0,0,40.1,true,53.99,true
2016-12-26,2016,52,Somerville,7,180,159,21,180,0,0,5.6,true,32.14,true
2017-01-02,2017,1,Boston,6,2574,2363,211,2574,0,0,59.2,true,43.48,true
2017-01-02,2017,1,Cambridge,7,2656,2541,115,2656,0,0,39.1,true,67.93,true
2017-01-02,2017,1,Somerville,5,137,128,9,137,0,0,5.8,true,23.62,true
2017-01-09,2017,2,Cambridge,7,3812,3655,157,3812,0,0,41.1,true,92.75,true
2017-01-16,2017,3,Cambridge,7,4169,3863,306,4169,0,0,42.1,true,99.03,true
2017-01-23,2017,4,Cambridge,7,4320,4182,138,4320,0,0,41.9,true,103.1,true
2017-01-30,2017,5,Cambridge,7,4391,4273,118,4391,0,0,41.6,true,105.55,true
2017-02-06,2017,6,Cambridge,7,2463,2411,52,2463,0,0,36.3,true,67.85,true
2017-02-13,2017,7,Cambridge,7,3548,3328,220,3548,0,0,38.6,true,91.92,true
2017-02-20,2017,8,Cambridge,7,6142,5516,626,6142,0,0,41.9,true,146.59,true
2017-02-27,2017,9,Boston,7,494,432,62,494,0,0,10.6,true,46.6,true
2017-02-27,2017,9,Cambridge,7,5414,5229,185,5414,0,0,41.7,true,129.83,true
2017-03-06,2017,10,Boston,7,1583,1410,173,1583,0,0,29.0,true,54.59,true
2017-03-06,2017,10,Cambridge,7,4673,4485,188,4673,0,0,41.0,true,113.98,true
2017-03-13,2017,11,Boston,7,1403,1247,156,1403,0,0,33.6,true,41.76,true
2017-03-13,2017,11,Cambridge,7,3074,2957,117,3074,0,0,37.6,true,81.76,true
2017-03-20,2017,12,Boston,7,3915,3516,399,3915,0,0,56.3,true,69.54,true
2017-03-20,2017,12,Cambridge,7,5494,5163,331,5494,0,0,42.1,true,130.5,true
2017-03-27,2017,13,Boston,7,4486,4030,456,4486,0,0,69.7,true,64.36,true
2017-03-27,2017,13,Cambridge,7,4424,4161,263,4424,0,0,40.7,true,108.7,true
2017-04-03,2017,14,Boston,7,8036,6149,1887,8036,0,0,90.3,true,88.99,true
2017-04-03,2017,14,Cambridge,7,6926,5930,996,6926,0,0,42.1,true,164.51,true
2017-04-03,2017,14,Somerville,4,257,181,76,257,0,0,6.2,true,41.45,true
2017-04-10,2017,15,Boston,7,19245,13257,5988,19245,0,0,106.0,true,181.56,true
2017-04-10,2017,15,Cambridge,7,11831,9397,2434,11831,0,0,42.9,true,275.78,true
2017-04-10,2017,15,Somerville,7,1096,839,257,1096,0,0,10.7,true,102.43,true
2017-04-17,2017,16,Boston,7,14159,10634,3525,14159,0,0,102.7,true,137.87,true
2017-04-17,2017,16,Cambridge,7,8793,7610,1183,8793,0,0,42.6,true,206.41,true
2017-04-17,2017,16,Somerville,7,878,752,126,878,0,0,10.6,true,82.83,true
2017-04-24,2017,17,Boston,7,15886,11933,3953,15886,0,0,108.9,true,145.88,true
2017-04-24,2017,17,Cambridge,7,9922,8411,1511,9922,0,0,43.0,true,230.74,true
2017-04-24,2017,17,Somerville,7,1043,865,178,1043,0,0,10.7,true,97.48,true
2017-05-01,2017,18,Boston,7,15975,13452,2523,15975,0,0,109.6,true,145.76,true
2017-05-01,2017,18,Cambridge,7,9715,8663,1052,9715,0,0,43.0,true,225.93,true
2017-05-01,2017,18,Somerville,7,1036,897,139,1036,0,0,11.0,true,94.18,true
2017-05-08,2017,19,Boston,7,15780,13633,2147,15780,0,0,107.1,true,147.34,true
2017-05-08,2017,19,Brookline,3,29,23,6,29,0,0,2.3,true,12.61,true
2017-05-08,2017,19,Cambridge,7,9540,8736,804,9540,0,0,42.3,true,225.53,true
2017-05-08,2017,19,Somerville,7,930,854,76,930,0,0,10.7,true,86.92,true
2017-05-15,2017,20,Boston,7,21906,16747,5159,21906,0,0,114.4,true,191.49,true
2017-05-15,2017,20,Brookline,7,376,302,74,376,0,0,4.0,true,94.0,true
2017-05-15,2017,20,Cambridge,7,11836,9733,2103,11836,0,0,44.0,true,269.0,true
2017-05-15,2017,20,Somerville,7,1095,936,159,1095,0,0,11.0,true,99.55,true
2017-05-22,2017,21,Boston,7,17253,12714,4539,17253,0,0,113.4,true,152.14,true
2017-05-22,2017,21,Brookline,7,380,297,83,380,0,0,4.0,true,95.0,true
2017-05-22,2017,21,Cambridge,7,9400,7587,1813,9400,0,0,44.0,true,213.64,true
2017-05-22,2017,21,Somerville,7,964,771,193,964,0,0,11.1,true,86.85,true
2017-05-29,2017,22,Boston,7,18945,15195,3750,18945,0,0,113.7,true,166.62,true
2017-05-29,2017,22,Brookline,7,437,373,64,437,0,0,4.0,true,109.25,true
2017-05-29,2017,22,Cambridge,7,9957,8346,1611,9957,0,0,44.0,true,226.3,true
2017-05-29,2017,22,Somerville,7,1123,963,160,1123,0,0,12.0,true,93.58,true
2017-06-05,2017,23,Boston,7,19738,15121,4617,19738,0,0,115.7,true,170.6,true
2017-06-05,2017,23,Brookline,7,439,369,70,439,0,0,4.0,true,109.75,true
2017-06-05,2017,23,Cambridge,7,10923,8934,1989,10923,0,0,44.7,true,244.36,true
2017-06-05,2017,23,Somerville,7,1223,990,233,1223,0,0,11.9,true,102.77,true
2017-06-12,2017,24,Boston,7,23906,18855,5051,23906,0,0,117.9,true,202.77,true
2017-06-12,2017,24,Brookline,7,505,441,64,505,0,0,4.0,true,126.25,true
2017-06-12,2017,24,Cambridge,7,12076,10335,1741,12076,0,0,45.0,true,268.36,true
2017-06-12,2017,24,Somerville,7,1326,1151,175,1326,0,0,12.0,true,110.5,true
2017-06-19,2017,25,Boston,7,26073,19983,6090,26073,0,0,118.3,true,220.4,true
2017-06-19,2017,25,Brookline,7,529,449,80,529,0,0,4.0,true,132.25,true
2017-06-19,2017,25,Cambridge,7,13411,11045,2366,13411,0,0,45.0,true,298.02,true
2017-06-19,2017,25,Somerville,7,1506,1297,209,1506,0,0,12.0,true,125.5,true
2017-06-26,2017,26,Boston,7,24771,19178,5593,24771,0,0,118.3,true,209.39,true
2017-06-26,2017,26,Brookline,7,546,464,82,546,0,0,4.0,true,136.5,true
2017-06-26,2017,26,Cambridge,7,13634,11158,2476,13634,0,0,45.7,true,298.34,true
2017-06-26,2017,26,Somerville,7,1499,1305,194,1499,0,0,12.0,true,124.92,true
2017-07-03,2017,27,Boston,7,23584,15951,7633,23584,0,0,119.1,true,198.02,true
2017-07-03,2017,27,Brookline,7,509,403,106,509,0,0,4.0,true,127.25,true
2017-07-03,2017,27,Cambridge,7,12737,9770,2967,12737,0,0,45.9,true,277.49,true
2017-07-03,2017,27,Somerville,7,1477,1210,267,1477,0,0,12.0,true,123.08,true
2017-07-10,2017,28,Boston,7,24386,18977,5409,24386,0,0,120.1,true,203.05,true
2017-07-10,2017,28,Brookline,7,564,493,71,564,0,0,4.0,true,141.0,true
2017-07-10,2017,28,Cambridge,7,12845,10653,2192,12845,0,0,46.0,true,279.24,true
2017-07-10,2017,28,Somerville,7,1479,1266,213,1479,0,0,12.0,true,123.25,true
2017-07-17,2017,29,Boston,7,26891,20911,5980,26891,0,0,120.3,true,223.53,true
2017-07-17,2017,29,Brookline,7,546,471,75,546,0,0,4.0,true,136.5,true
2017-07-17,2017,29,Cambridge,7,14211,11678,2533,14211,0,0,46.0,true,308.93,true
2017-07-17,2017,29,Somerville,7,1600,1373,227,1600,0,0,12.0,true,133.33,true
2017-07-24,2017,30,Boston,7,23949,18910,5039,23949,0,0,121.0,true,197.93,true
2017-07-24,2017,30,Brookline,7,673,577,96,673,0,0,4.7,true,143.19,true
2017-07-24,2017,30,Cambridge,7,12711,10683,2028,12711,0,0,46.0,true,276.33,true
2017-07-24,2017,30,Somerville,7,1382,1253,129,1382,0,0,12.0,true,115.17,true
2017-07-31,2017,31,Boston,7,27112,21448,5664,27112,0,0,121.0,true,224.07,true
2017-07-31,2017,31,Brookline,7,910,795,115,910,0,0,5.0,true,182.0,true
2017-07-31,2017,31,Cambridge,7,13539,11484,2055,13539,0,0,45.9,true,294.97,true
2017-07-31,2017,31,Somerville,7,1452,1281,171,1452,0,0,12.0,true,121.0,true
2017-08-07,2017,32,Boston,7,27946,22216,5730,27946,0,0,123.3,true,226.65,true
2017-08-07,2017,32,Brookline,7,826,730,96,826,0,0,5.0,true,165.2,true
2017-08-07,2017,32,Cambridge,7,14314,11788,2526,14314,0,0,46.6,true,307.17,true
2017-08-07,2017,32,Somerville,7,1587,1390,197,1587,0,0,11.9,true,133.36,true
2017-08-14,2017,33,Boston,7,26694,21238,5456,26694,0,0,122.7,true,217.56,true
2017-08-14,2017,33,Brookline,7,767,691,76,767,0,0,5.0,true,153.4,true
2017-08-14,2017,33,Cambridge,7,13827,11336,2491,13827,0,0,47.0,true,294.19,true
2017-08-14,2017,33,Somerville,7,1549,1355,194,1549,0,0,12.0,true,129.08,true
2017-08-21,2017,34,Boston,7,25954,20610,5344,25954,0,0,123.6,true,209.98,true
2017-08-21,2017,34,Brookline,7,689,614,75,689,0,0,5.0,true,137.8,true
2017-08-21,2017,34,Cambridge,7,13455,11242,2213,13455,0,0,46.9,true,286.89,true
2017-08-21,2017,34,Somerville,7,1580,1355,225,1580,0,0,12.0,true,131.67,true
2017-08-28,2017,35,Boston,7,22264,18612,3652,22264,0,0,120.4,true,184.92,true
2017-08-28,2017,35,Brookline,7,715,626,89,715,0,0,5.4,true,132.41,true
2017-08-28,2017,35,Cambridge,7,12477,11017,1460,12477,0,0,46.6,true,267.75,true
2017-08-28,2017,35,Somerville,7,1290,1148,142,1290,0,0,11.4,true,113.16,true
2017-09-04,2017,36,Boston,7,23266,18743,4523,23266,0,0,120.6,true,192.92,true
2017-09-04,2017,36,Brookline,7,1074,966,108,1074,0,0,6.0,true,179.0,true
2017-09-04,2017,36,Cambridge,7,13969,12076,1893,13969,0,0,47.0,true,297.21,true
2017-09-04,2017,36,Somerville,7,1463,1288,175,1463,0,0,12.0,true,121.92,true
2017-09-11,2017,37,Boston,7,24717,21071,3646,24717,0,0,121.9,true,202.76,true
2017-09-11,2017,37,Brookline,7,945,852,93,945,0,0,6.0,true,157.5,true
2017-09-11,2017,37,Cambridge,7,15194,13573,1621,15194,0,0,47.0,true,323.28,true
2017-09-11,2017,37,Somerville,7,1587,1453,134,1587,0,0,12.0,true,132.25,true
2017-09-18,2017,38,Boston,7,20208,17408,2800,20208,0,0,118.4,true,170.68,true
2017-09-18,2017,38,Brookline,7,827,749,78,827,0,0,6.0,true,137.83,true
2017-09-18,2017,38,Cambridge,7,12831,11693,1138,12831,0,0,47.4,true,270.7,true
2017-09-18,2017,38,Somerville,7,1414,1292,122,1414,0,0,12.0,true,117.83,true
2017-09-25,2017,39,Boston,7,24585,21053,3532,24585,0,0,118.9,true,206.77,true
2017-09-25,2017,39,Brookline,7,910,811,99,910,0,0,6.0,true,151.67,true
2017-09-25,2017,39,Cambridge,7,14107,12760,1347,14107,0,0,47.6,true,296.37,true
2017-09-25,2017,39,Somerville,7,1471,1356,115,1471,0,0,11.9,true,123.61,true
2017-10-02,2017,40,Boston,7,23446,19886,3560,23446,0,0,120.7,true,194.25,true
2017-10-02,2017,40,Brookline,7,990,877,113,990,0,0,5.7,true,173.68,true
2017-10-02,2017,40,Cambridge,7,14209,12698,1511,14209,0,0,48.0,true,296.02,true
2017-10-02,2017,40,Somerville,7,1474,1327,147,1474,0,0,12.0,true,122.83,true
2017-10-09,2017,41,Boston,7,20436,17504,2932,20436,0,0,117.9,true,173.33,true
2017-10-09,2017,41,Brookline,7,840,765,75,840,0,0,6.0,true,140.0,true
2017-10-09,2017,41,Cambridge,7,13156,11923,1233,13156,0,0,48.0,true,274.08,true
2017-10-09,2017,41,Somerville,7,1314,1194,120,1314,0,0,12.0,true,109.5,true
2017-10-16,2017,42,Boston,7,23746,19508,4238,23746,0,0,118.4,true,200.56,true
2017-10-16,2017,42,Brookline,7,939,844,95,939,0,0,6.0,true,156.5,true
2017-10-16,2017,42,Cambridge,7,15754,13674,2080,15754,0,0,47.9,true,328.89,true
2017-10-16,2017,42,Somerville,7,1500,1332,168,1500,0,0,12.0,true,125.0,true
2017-10-23,2017,43,Boston,7,17693,15401,2292,17693,0,0,117.7,true,150.32,true
2017-10-23,2017,43,Brookline,7,657,610,47,657,0,0,6.0,true,109.5,true
2017-10-23,2017,43,Cambridge,7,11588,10762,826,11588,0,0,48.4,true,239.42,true
2017-10-23,2017,43,Somerville,7,1085,1005,80,1085,0,0,11.9,true,91.18,true
2017-10-30,2017,44,Boston,7,20200,17801,2399,20200,0,0,119.7,true,168.76,true
2017-10-30,2017,44,Brookline,7,808,745,63,808,0,0,6.0,true,134.67,true
2017-10-30,2017,44,Cambridge,7,13186,12076,1110,13186,0,0,48.9,true,269.65,true
2017-10-30,2017,44,Somerville,7,1414,1304,110,1414,0,0,12.0,true,117.83,true
2017-11-06,2017,45,Boston,7,14410,13289,1121,14410,0,0,116.0,true,124.22,true
2017-11-06,2017,45,Brookline,7,559,536,23,559,0,0,6.0,true,93.17,true
2017-11-06,2017,45,Cambridge,7,9815,9406,409,9815,0,0,48.0,true,204.48,true
2017-11-06,2017,45,Somerville,7,1027,993,34,1027,0,0,12.0,true,85.58,true
2017-11-13,2017,46,Boston,7,12275,11673,602,12275,0,0,114.3,true,107.39,true
2017-11-13,2017,46,Brookline,7,484,458,26,484,0,0,6.0,true,80.67,true
2017-11-13,2017,46,Cambridge,7,8957,8597,360,8957,0,0,48.1,true,186.22,true
2017-11-13,2017,46,Somerville,7,903,877,26,903,0,0,11.9,true,75.88,true
2017-11-20,2017,47,Boston,7,8736,7511,1225,8736,0,0,105.9,true,82.49,true
2017-11-20,2017,47,Brookline,7,356,320,36,356,0,0,5.9,true,60.34,true
2017-11-20,2017,47,Cambridge,7,6623,6064,559,6623,0,0,47.6,true,139.14,true
2017-11-20,2017,47,Somerville,7,725,639,86,725,0,0,11.7,true,61.97,true
2017-11-27,2017,48,Boston,7,12043,11290,753,12043,0,0,104.6,true,115.13,true
2017-11-27,2017,48,Brookline,7,570,557,13,570,0,0,6.0,true,95.0,true
2017-11-27,2017,48,Cambridge,7,9207,8814,393,9207,0,0,48.3,true,190.62,true
2017-11-27,2017,48,Somerville,7,1019,986,33,1019,0,0,12.0,true,84.92,true
2017-12-04,2017,49,Boston,7,9978,9530,448,9978,0,0,93.7,true,106.49,true
2017-12-04,2017,49,Brookline,7,423,400,23,423,0,0,5.3,true,79.81,true
2017-12-04,2017,49,Cambridge,7,7849,7643,206,7849,0,0,47.7,true,164.55,true
2017-12-04,2017,49,Somerville,7,644,628,16,644,0,0,7.7,true,83.64,true
2017-12-11,2017,50,Boston,7,7122,6999,123,7122,0,0,88.4,true,80.57,true
2017-12-11,2017,50,Brookline,7,276,271,5,276,0,0,5.0,true,55.2,true
2017-12-11,2017,50,Cambridge,7,6271,6185,86,6271,0,0,47.7,true,131.47,true
2017-12-11,2017,50,Somerville,7,414,399,15,414,0,0,6.0,true,69.0,true
2017-12-18,2017,51,Boston,7,6582,6355,227,6582,0,0,84.3,true,78.08,true
2017-12-18,2017,51,Brookline,7,209,197,12,209,0,0,3.7,true,56.49,true
2017-12-18,2017,51,Cambridge,7,4852,4751,101,4852,0,0,45.0,true,107.82,true
2017-12-18,2017,51,Somerville,7,343,335,8,343,0,0,5.4,true,63.52,true
2017-12-25,2017,52,Boston,7,1088,1051,37,1088,0,0,54.7,true,19.89,true
2017-12-25,2017,52,Brookline,6,37,37,0,37,0,0,3.0,true,12.33,true
2017-12-25,2017,52,Cambridge,7,968,952,16,968,0,0,36.3,true,26.67,true
2017-12-25,2017,52,Somerville,7,63,62,1,63,0,0,4.4,true,14.32,true
2018-01-01,2018,1,Boston,7,1333,1309,24,1333,0,0,45.4,true,29.36,true
2018-01-01,2018,1,Brookline,7,43,41,2,43,0,0,2.3,true,18.7,true
2018-01-01,2018,1,Cambridge,7,1173,1157,16,1173,0,0,30.6,true,38.33,true
2018-01-01,2018,1,Somerville,6,87,84,3,87,0,0,4.2,true,20.71,true
2018-01-08,2018,2,Boston,7,4374,4207,167,4374,0,0,81.6,true,53.6,true
2018-01-08,2018,2,Brookline,7,171,168,3,171,0,0,4.6,true,37.17,true
2018-01-08,2018,2,Cambridge,7,4298,4219,79,4298,0,0,46.9,true,91.64,true
2018-01-08,2018,2,Somerville,7,318,316,2,318,0,0,6.0,true,53.0,true
2018-01-15,2018,3,Boston,7,5089,4777,312,5089,0,0,83.1,true,61.24,true
2018-01-15,2018,3,Brookline,7,204,196,8,204,0,0,4.7,true,43.4,true
2018-01-15,2018,3,Cambridge,7,4779,4673,106,4779,0,0,46.6,true,102.55,true
2018-01-15,2018,3,Somerville,7,313,304,9,313,0,0,5.9,true,53.05,true
2018-01-22,2018,4,Boston,7,6316,5941,375,6316,0,0,87.7,true,72.02,true
2018-01-22,2018,4,Brookline,7,310,296,14,310,0,0,5.0,true,62.0,true
2018-01-22,2018,4,Cambridge,7,5904,5726,178,5904,0,0,47.9,true,123.26,true
2018-01-22,2018,4,Somerville,7,401,381,20,401,0,0,6.0,true,66.83,true
2018-01-29,2018,5,Boston,7,5551,5369,182,5551,0,0,82.7,true,67.12,true
2018-01-29,2018,5,Brookline,7,225,225,0,225,0,0,4.3,true,52.33,true
2018-01-29,2018,5,Cambridge,7,5352,5274,78,5352,0,0,46.7,true,114.6,true
2018-01-29,2018,5,Somerville,7,334,326,8,334,0,0,5.7,true,58.6,true
2018-02-05,2018,6,Boston,7,5929,5693,236,5929,0,0,84.7,true,70.0,true
2018-02-05,2018,6,Brookline,7,265,265,0,265,0,0,4.7,true,56.38,true
2018-02-05,2018,6,Cambridge,7,5836,5733,103,5836,0,0,47.0,true,124.17,true
2018-02-05,2018,6,Somerville,7,349,344,5,349,0,0,5.7,true,61.23,true
2018-02-12,2018,7,Boston,7,8090,7606,484,8090,0,0,87.3,true,92.67,true
2018-02-12,2018,7,Brookline,7,346,331,15,346,0,0,4.9,true,70.61,true
2018-02-12,2018,7,Cambridge,7,7487,7180,307,7487,0,0,47.3,true,158.29,true
2018-02-12,2018,7,Somerville,7,440,421,19,440,0,0,5.7,true,77.19,true
2018-02-19,2018,8,Boston,7,8982,7948,1034,8982,0,0,89.9,true,99.91,true
2018-02-19,2018,8,Brookline,7,376,345,31,376,0,0,4.7,true,80.0,true
2018-02-19,2018,8,Cambridge,7,7774,7306,468,7774,0,0,47.9,true,162.3,true
2018-02-19,2018,8,Somerville,7,477,428,49,477,0,0,6.0,true,79.5,true
2018-02-26,2018,9,Boston,7,8988,8380,608,8988,0,0,86.3,true,104.15,true
2018-02-26,2018,9,Brookline,7,347,338,9,347,0,0,4.6,true,75.43,true
2018-02-26,2018,9,Cambridge,7,8013,7722,291,8013,0,0,47.4,true,169.05,true
2018-02-26,2018,9,Somerville,7,483,468,15,483,0,0,5.9,true,81.86,true
2018-03-05,2018,10,Boston,7,5925,5641,284,5925,0,0,85.0,true,69.71,true
2018-03-05,2018,10,Brookline,7,235,225,10,235,0,0,5.0,true,47.0,true
2018-03-05,2018,10,Cambridge,7,6300,6123,177,6300,0,0,47.3,true,133.19,true
2018-03-05,2018,10,Somerville,7,388,375,13,388,0,0,6.0,true,64.67,true
2018-03-12,2018,11,Boston,6,4890,4595,295,4890,0,0,84.2,true,58.08,true
2018-03-12,2018,11,Brookline,6,214,202,12,214,0,0,4.8,true,44.58,true
2018-03-12,2018,11,Cambridge,6,4661,4543,118,4661,0,0,46.2,true,100.89,true
2018-03-12,2018,11,Somerville,6,285,278,7,285,0,0,5.7,true,50.0,true
2018-03-19,2018,12,Boston,7,7080,6531,549,7080,0,0,89.0,true,79.55,true
2018-03-19,2018,12,Brookline,7,304,279,25,304,0,0,4.9,true,62.04,true
2018-03-19,2018,12,Cambridge,7,6607,6410,197,6607,0,0,48.1,true,137.36,true
2018-03-19,2018,12,Somerville,7,406,398,8,406,0,0,5.9,true,68.81,true
2018-03-26,2018,13,Boston,7,11390,9380,2010,11390,0,0,91.9,true,123.94,true
2018-03-26,2018,13,Brookline,7,429,392,37,429,0,0,5.0,true,85.8,true
2018-03-26,2018,13,Cambridge,7,8474,7471,1003,8474,0,0,48.9,true,173.29,true
2018-03-26,2018,13,Somerville,7,527,473,54,527,0,0,6.0,true,87.83,true
2018-04-02,2018,14,Boston,7,9134,8417,717,9134,0,0,101.7,true,89.81,true
2018-04-02,2018,14,Brookline,7,372,353,19,372,0,0,5.0,true,74.4,true
2018-04-02,2018,14,Cambridge,7,7696,7308,388,7696,0,0,48.3,true,159.34,true
2018-04-02,2018,14,Somerville,7,511,484,27,511,0,0,7.7,true,66.36,true
2018-04-09,2018,15,Boston,7,13138,11451,1687,13138,0,0,111.4,true,117.94,true
2018-04-09,2018,15,Brookline,7,498,454,44,498,0,0,5.0,true,99.6,true
2018-04-09,2018,15,Cambridge,7,9751,9205,546,9751,0,0,48.0,true,203.15,true
2018-04-09,2018,15,Somerville,7,776,714,62,776,0,0,10.7,true,72.52,true
2018-04-16,2018,16,Boston,7,12339,10171,2168,12339,0,0,110.4,true,111.77,true
2018-04-16,2018,16,Brookline,7,443,378,65,443,0,0,4.7,true,94.26,true
2018-04-16,2018,16,Cambridge,7,9187,8213,974,9187,0,0,47.7,true,192.6,true
2018-04-16,2018,16,Somerville,7,767,663,104,767,0,0,10.1,true,75.94,true
2018-04-23,2018,17,Boston,7,15759,12993,2766,15759,0,0,118.1,true,133.44,true
2018-04-23,2018,17,Brookline,7,520,460,60,520,0,0,5.0,true,104.0,true
2018-04-23,2018,17,Cambridge,7,10826,9715,1111,10826,0,0,48.6,true,222.76,true
2018-04-23,2018,17,Somerville,7,980,849,131,980,0,0,11.0,true,89.09,true
2018-04-30,2018,18,Boston,7,21484,16742,4742,21484,0,0,123.1,true,174.52,true
2018-04-30,2018,18,Brookline,7,547,455,92,547,0,0,4.1,true,133.41,true
2018-04-30,2018,18,Cambridge,7,13270,11228,2042,13270,0,0,49.0,true,270.82,true
2018-04-30,2018,18,Somerville,7,1227,1053,174,1227,0,0,11.0,true,111.55,true
2018-05-07,2018,19,Boston,7,22294,18165,4129,22294,0,0,122.3,true,182.29,true
2018-05-07,2018,19,Brookline,7,599,516,83,599,0,0,4.0,true,149.75,true
2018-05-07,2018,19,Cambridge,7,13674,11936,1738,13674,0,0,48.9,true,279.63,true
2018-05-07,2018,19,Somerville,7,1368,1210,158,1368,0,0,11.0,true,124.36,true
2018-05-14,2018,20,Boston,7,22856,18162,4694,22856,0,0,123.3,true,185.37,true
2018-05-14,2018,20,Brookline,7,594,496,98,594,0,0,4.0,true,148.5,true
2018-05-14,2018,20,Cambridge,7,13627,11540,2087,13627,0,0,49.0,true,278.1,true
2018-05-14,2018,20,Somerville,7,1331,1070,261,1331,0,0,10.9,true,122.11,true
2018-05-21,2018,21,Boston,7,26461,19959,6502,26461,0,0,124.7,true,212.2,true
2018-05-21,2018,21,Brookline,7,664,518,146,664,0,0,4.0,true,166.0,true
2018-05-21,2018,21,Cambridge,7,14823,12091,2732,14823,0,0,49.0,true,302.51,true
2018-05-21,2018,21,Somerville,7,1496,1252,244,1496,0,0,11.0,true,136.0,true
2018-05-28,2018,22,Boston,7,26291,19870,6421,26291,0,0,125.0,true,210.33,true
2018-05-28,2018,22,Brookline,7,697,564,133,697,0,0,4.0,true,174.25,true
2018-05-28,2018,22,Cambridge,7,13829,11529,2300,13829,0,0,49.0,true,282.22,true
2018-05-28,2018,22,Somerville,7,1578,1331,247,1578,0,0,11.0,true,143.45,true
2018-06-04,2018,23,Boston,7,26843,20094,6749,26843,0,0,124.6,true,215.43,true
2018-06-04,2018,23,Brookline,7,737,591,146,737,0,0,4.0,true,184.25,true
2018-06-04,2018,23,Cambridge,7,14780,12264,2516,14780,0,0,49.0,true,301.63,true
2018-06-04,2018,23,Somerville,7,1566,1286,280,1566,0,0,11.0,true,142.36,true
2018-06-11,2018,24,Boston,7,30960,23543,7417,30960,0,0,126.0,true,245.71,true
2018-06-11,2018,24,Brookline,7,880,697,183,880,0,0,4.0,true,220.0,true
2018-06-11,2018,24,Cambridge,7,16558,13799,2759,16558,0,0,49.0,true,337.92,true
2018-06-11,2018,24,Somerville,7,1850,1542,308,1850,0,0,11.0,true,168.18,true
2018-06-18,2018,25,Boston,7,31097,23837,7260,31097,0,0,125.6,true,247.59,true
2018-06-18,2018,25,Brookline,7,824,668,156,824,0,0,4.0,true,206.0,true
2018-06-18,2018,25,Cambridge,7,16789,14270,2519,16789,0,0,49.0,true,342.63,true
2018-06-18,2018,25,Somerville,7,1791,1517,274,1791,0,0,11.0,true,162.82,true
2018-06-25,2018,26,Boston,7,29662,22356,7306,29662,0,0,126.3,true,234.85,true
2018-06-25,2018,26,Brookline,7,753,619,134,753,0,0,4.0,true,188.25,true
2018-06-25,2018,26,Cambridge,7,16919,14225,2694,16919,0,0,49.0,true,345.29,true
2018-06-25,2018,26,Somerville,7,1645,1428,217,1645,0,0,10.7,true,153.74,true
2018-07-02,2018,27,Boston,7,29212,19267,9945,29212,0,0,127.0,true,230.02,true
2018-07-02,2018,27,Brookline,7,716,576,140,716,0,0,4.0,true,179.0,true
2018-07-02,2018,27,Cambridge,7,16781,12979,3802,16781,0,0,49.0,true,342.47,true
2018-07-02,2018,27,Somerville,7,1656,1316,340,1656,0,0,11.0,true,150.55,true
2018-07-09,2018,28,Boston,7,35432,25808,9624,35432,0,0,127.4,true,278.12,true
2018-07-09,2018,28,Brookline,7,847,690,157,847,0,0,4.0,true,211.75,true
2018-07-09,2018,28,Cambridge,7,21002,17029,3973,21002,0,0,49.0,true,428.61,true
2018-07-09,2018,28,Somerville,7,2020,1680,340,2020,0,0,11.0,true,183.64,true
2018-07-16,2018,29,Boston,7,32518,24012,8506,32518,0,0,127.0,true,256.05,true
2018-07-16,2018,29,Brookline,7,793,647,146,793,0,0,4.0,true,198.25,true
2018-07-16,2018,29,Cambridge,7,18594,15289,3305,18594,0,0,49.0,true,379.47,true
2018-07-16,2018,29,Somerville,7,1818,1494,324,1818,0,0,11.0,true,165.27,true
2018-07-23,2018,30,Boston,7,34130,24593,9537,34130,0,0,127.4,true,267.9,true
2018-07-23,2018,30,Brookline,7,998,744,254,998,0,0,6.7,true,148.96,true
2018-07-23,2018,30,Cambridge,7,19800,16101,3699,19800,0,0,49.0,true,404.08,true
2018-07-23,2018,30,Somerville,7,1832,1518,314,1832,0,0,11.3,true,162.12,true
2018-07-30,2018,31,Boston,7,35448,24785,10663,35448,0,0,127.7,true,277.59,true
2018-07-30,2018,31,Brookline,7,1245,895,350,1245,0,0,8.0,true,155.62,true
2018-07-30,2018,31,Cambridge,7,19088,14957,4131,19088,0,0,49.0,true,389.55,true
2018-07-30,2018,31,Somerville,7,2099,1581,518,2099,0,0,17.0,true,123.47,true
2018-08-06,2018,32,Boston,7,28922,21296,7626,28922,0,0,126.9,true,227.91,true
2018-08-06,2018,32,Brookline,7,996,727,269,996,0,0,7.9,true,126.08,true
2018-08-06,2018,32,Cambridge,7,16557,13462,3095,16557,0,0,50.4,true,328.51,true
2018-08-06,2018,32,Somerville,7,1809,1462,347,1809,0,0,18.4,true,98.32,true
2018-08-13,2018,33,Boston,7,30050,21129,8921,30050,0,0,127.0,true,236.61,true
2018-08-13,2018,33,Brookline,7,1055,795,260,1055,0,0,8.9,true,118.54,true
2018-08-13,2018,33,Cambridge,7,17615,13955,3660,17615,0,0,52.7,true,334.25,true
2018-08-13,2018,33,Somerville,7,2182,1695,487,2182,0,0,19.9,true,109.65,true
2018-08-20,2018,34,Boston,7,32971,22320,10651,32971,0,0,129.9,true,253.82,true
2018-08-20,2018,34,Brookline,7,1155,819,336,1155,0,0,8.7,true,132.76,true
2018-08-20,2018,34,Cambridge,7,19639,15381,4258,19639,0,0,53.0,true,370.55,true
2018-08-20,2018,34,Somerville,7,2330,1750,580,2330,0,0,20.0,true,116.5,true
2018-08-27,2018,35,Boston,7,32364,21796,10568,32364,0,0,136.6,true,236.93,true
2018-08-27,2018,35,Brookline,7,1257,871,386,1257,0,0,8.9,true,141.24,true
2018-08-27,2018,35,Cambridge,7,20245,16236,4009,20245,0,0,53.0,true,381.98,true
2018-08-27,2018,35,Somerville,7,2411,1866,545,2411,0,0,20.0,true,120.55,true
2018-09-03,2018,36,Boston,7,31928,22415,9513,31928,0,0,143.3,true,222.81,true
2018-09-03,2018,36,Brookline,7,1305,939,366,1305,0,0,9.0,true,145.0,true
2018-09-03,2018,36,Cambridge,7,21312,17836,3476,21312,0,0,53.0,true,402.11,true
2018-09-03,2018,36,Somerville,7,2586,1971,615,2586,0,0,20.0,true,129.3,true
2018-09-10,2018,37,Boston,7,32018,23447,8571,32018,0,0,142.7,true,224.37,true
2018-09-10,2018,37,Brookline,7,1290,1022,268,1290,0,0,9.0,true,143.33,true
2018-09-10,2018,37,Cambridge,7,21144,17988,3156,21144,0,0,53.0,true,398.94,true
2018-09-10,2018,37,Somerville,7,2554,2015,539,2554,0,0,20.0,true,127.7,true
2018-09-17,2018,38,Boston,7,32913,25252,7661,32913,0,0,150.3,true,218.98,true
2018-09-17,2018,38,Brookline,7,1283,1065,218,1283,0,0,8.9,true,144.16,true
2018-09-17,2018,38,Cambridge,7,20354,17474,2880,20354,0,0,53.0,true,384.04,true
2018-09-17,2018,38,Somerville,7,2480,2043,437,2480,0,0,20.0,true,124.0,true
2018-09-24,2018,39,Boston,7,29436,22231,7205,29436,0,0,155.0,true,189.91,true
2018-09-24,2018,39,Brookline,7,1193,944,249,1193,0,0,8.7,true,137.13,true
2018-09-24,2018,39,Cambridge,7,17423,14864,2559,17423,0,0,52.9,true,329.36,true
2018-09-24,2018,39,Somerville,7,2234,1840,394,2234,0,0,20.0,true,111.7,true
2018-10-01,2018,40,Boston,7,28620,21761,6859,28620,0,0,159.6,true,179.32,true
2018-10-01,2018,40,Brookline,7,1131,924,207,1131,0,0,8.9,true,127.08,true
2018-10-01,2018,40,Cambridge,7,17309,14754,2555,17309,0,0,53.0,true,326.58,true
2018-10-01,2018,40,Somerville,7,2229,1786,443,2229,0,0,20.0,true,111.45,true
2018-10-08,2018,41,Boston,7,26805,20802,6003,26805,0,0,158.0,true,169.65,true
2018-10-08,2018,41,Brookline,7,1044,837,207,1044,0,0,8.7,true,120.0,true
2018-10-08,2018,41,Cambridge,7,16625,14531,2094,16625,0,0,53.0,true,313.68,true
2018-10-08,2018,41,Somerville,7,2040,1668,372,2040,0,0,20.4,true,100.0,true
2018-10-15,2018,42,Boston,7,27098,21678,5420,27098,0,0,157.4,true,172.16,true
2018-10-15,2018,42,Brookline,7,1031,869,162,1031,0,0,9.0,true,114.56,true
2018-10-15,2018,42,Cambridge,7,17553,15198,2355,17553,0,0,54.1,true,324.45,true
2018-10-15,2018,42,Somerville,7,2101,1800,301,2101,0,0,20.9,true,100.53,true
2018-10-22,2018,43,Boston,7,20554,17639,2915,20554,0,0,146.6,true,140.2,true
2018-10-22,2018,43,Brookline,7,777,672,105,777,0,0,8.7,true,89.31,true
2018-10-22,2018,43,Cambridge,7,13596,12472,1124,13596,0,0,54.1,true,251.31,true
2018-10-22,2018,43,Somerville,7,1740,1517,223,1740,0,0,21.1,true,82.46,true
2018-10-29,2018,44,Boston,7,22921,18937,3984,22921,0,0,154.1,true,148.74,true
2018-10-29,2018,44,Brookline,7,839,719,120,839,0,0,8.6,true,97.56,true
2018-10-29,2018,44,Cambridge,7,15176,13711,1465,15176,0,0,55.4,true,273.94,true
2018-10-29,2018,44,Hingham,5,10,8,2,10,0,0,1.0,true,10.0,false
2018-10-29,2018,44,Quincy,5,6,6,0,6,0,0,1.0,true,6.0,false
2018-10-29,2018,44,Somerville,7,1880,1584,296,1880,0,0,21.0,true,89.52,true
2018-11-05,2018,45,Boston,7,20214,17322,2892,20214,0,0,154.4,true,130.92,true
2018-11-05,2018,45,Brookline,7,645,567,78,645,0,0,7.9,true,81.65,true
2018-11-05,2018,45,Cambridge,7,13381,12273,1108,13381,0,0,55.9,true,239.37,true
2018-11-05,2018,45,Hingham,5,20,19,1,20,0,0,1.0,true,20.0,false
2018-11-05,2018,45,Quincy,1,1,1,0,1,0,0,1.0,true,1.0,false
2018-11-05,2018,45,Somerville,7,1725,1513,212,1725,0,0,20.7,true,83.33,true
2018-11-12,2018,46,Boston,7,14603,12600,2003,14603,0,0,142.7,true,102.33,true
2018-11-12,2018,46,Brookline,7,543,477,66,543,0,0,8.1,true,67.04,true
2018-11-12,2018,46,Cambridge,7,10767,9963,804,10767,0,0,55.9,true,192.61,true
2018-11-12,2018,46,Hingham,2,3,3,0,3,0,0,1.0,true,3.0,false
2018-11-12,2018,46,Quincy,1,1,0,1,1,0,0,1.0,true,1.0,false
2018-11-12,2018,46,Somerville,7,1345,1212,133,1345,0,0,20.6,true,65.29,true
2018-11-19,2018,47,Boston,7,7017,6130,887,7017,0,0,119.0,true,58.97,true
2018-11-19,2018,47,Brookline,7,302,280,22,302,0,0,7.1,true,42.54,true
2018-11-19,2018,47,Cambridge,7,6310,5902,408,6310,0,0,52.0,true,121.35,true
2018-11-19,2018,47,Hingham,1,2,2,0,2,0,0,1.0,true,2.0,false
2018-11-19,2018,47,Somerville,7,691,624,67,691,0,0,18.9,true,36.56,true
2018-11-26,2018,48,Boston,7,13688,12348,1340,13688,0,0,125.6,true,108.98,true
2018-11-26,2018,48,Brookline,7,587,538,49,587,0,0,8.4,true,69.88,true
2018-11-26,2018,48,Cambridge,7,11223,10600,623,11223,0,0,56.1,true,200.05,true
2018-11-26,2018,48,Hingham,1,3,2,1,3,0,0,1.0,true,3.0,false
2018-11-26,2018,48,Quincy,1,1,1,0,1,0,0,1.0,true,1.0,false
2018-11-26,2018,48,Somerville,7,1412,1257,155,1412,0,0,20.3,true,69.56,true
2018-12-03,2018,49,Boston,7,13165,11963,1202,13165,0,0,123.0,true,107.03,true
2018-12-03,2018,49,Brookline,7,497,459,38,497,0,0,6.7,true,74.18,true
2018-12-03,2018,49,Cambridge,7,10966,10417,549,10966,0,0,55.7,true,196.88,true
2018-12-03,2018,49,Hingham,1,1,1,0,1,0,0,1.0,true,1.0,false
2018-12-03,2018,49,Quincy,3,10,10,0,10,0,0,1.0,true,10.0,false
2018-12-03,2018,49,Somerville,7,1163,1063,100,1163,0,0,16.9,true,68.82,true
2018-12-10,2018,50,Boston,7,12463,11271,1192,12463,0,0,122.9,true,101.41,true
2018-12-10,2018,50,Brookline,7,456,410,46,456,0,0,6.0,true,76.0,true
2018-12-10,2018,50,Cambridge,7,10508,9956,552,10508,0,0,55.9,true,187.98,true
2018-12-10,2018,50,Quincy,2,2,2,0,2,0,0,1.0,true,2.0,false
2018-12-10,2018,50,Somerville,7,1052,965,87,1052,0,0,14.6,true,72.05,true
2018-12-17,2018,51,Boston,7,8916,8056,860,8916,0,0,118.9,true,74.99,true
2018-12-17,2018,51,Brookline,7,334,304,30,334,0,0,6.0,true,55.67,true
2018-12-17,2018,51,Cambridge,7,7415,6968,447,7415,0,0,55.4,true,133.84,true
2018-12-17,2018,51,Somerville,7,802,734,68,802,0,0,14.4,true,55.69,true
2018-12-24,2018,52,Boston,7,4072,3231,841,4072,0,0,106.7,true,38.16,true
2018-12-24,2018,52,Brookline,7,149,138,11,149,0,0,5.3,true,28.11,true
2018-12-24,2018,52,Cambridge,7,3282,2845,437,3282,0,0,52.4,true,62.63,true
2018-12-24,2018,52,Somerville,7,387,314,73,387,0,0,12.4,true,31.21,true
2018-12-31,2019,1,Boston,7,7767,6779,988,7767,0,0,115.6,true,67.19,true
2018-12-31,2019,1,Brookline,7,252,222,30,252,0,0,5.6,true,45.0,true
2018-12-31,2019,1,Cambridge,7,5648,5174,474,5648,0,0,54.3,true,104.01,true
2018-12-31,2019,1,Somerville,7,604,520,84,604,0,0,13.7,true,44.09,true
2019-01-07,2019,2,Boston,7,9043,8478,565,9043,0,0,116.3,true,77.76,true
2019-01-07,2019,2,Brookline,7,287,261,26,287,0,0,5.3,true,54.15,true
2019-01-07,2019,2,Cambridge,7,7510,7196,314,7510,0,0,54.7,true,137.29,true
2019-01-07,2019,2,Quincy,1,1,1,0,1,0,0,1.0,true,1.0,false
2019-01-07,2019,2,Somerville,7,757,709,48,757,0,0,13.7,true,55.26,true
2019-01-14,2019,3,Boston,6,9244,8612,632,9244,0,0,121.0,true,76.4,true
2019-01-14,2019,3,Brookline,6,300,290,10,300,0,0,5.5,true,54.55,true
2019-01-14,2019,3,Cambridge,6,7373,7095,278,7373,0,0,56.2,true,131.19,true
2019-01-14,2019,3,Somerville,6,746,687,59,746,0,0,14.3,true,52.17,true
2019-01-21,2019,4,Boston,7,5555,4889,666,5555,0,0,100.7,true,55.16,true
2019-01-21,2019,4,Brookline,7,196,180,16,196,0,0,5.1,true,38.43,true
2019-01-21,2019,4,Cambridge,7,4784,4528,256,4784,0,0,50.6,true,94.55,true
2019-01-21,2019,4,Somerville,7,534,485,49,534,0,0,12.1,true,44.13,true
2019-01-28,2019,5,Boston,7,8352,7610,742,8352,0,0,116.9,true,71.45,true
2019-01-28,2019,5,Brookline,7,267,249,18,267,0,0,5.7,true,46.84,true
2019-01-28,2019,5,Cambridge,7,7260,6942,318,7260,0,0,55.7,true,130.34,true
2019-01-28,2019,5,Somerville,7,701,650,51,701,0,0,13.6,true,51.54,true
2019-02-04,2019,6,Boston,7,13371,11491,1880,13371,0,0,123.3,true,108.44,true
2019-02-04,2019,6,Brookline,7,488,422,66,488,0,0,5.9,true,82.71,true
2019-02-04,2019,6,Cambridge,7,11169,10462,707,11169,0,0,57.0,true,195.95,true
2019-02-04,2019,6,Somerville,7,1060,947,113,1060,0,0,14.7,true,72.11,true
2019-02-11,2019,7,Boston,7,10015,8985,1030,10015,0,0,119.3,true,83.95,true
2019-02-11,2019,7,Brookline,7,316,271,45,316,0,0,5.6,true,56.43,true
2019-02-11,2019,7,Cambridge,7,8854,8381,473,8854,0,0,56.7,true,156.16,true
2019-02-11,2019,7,Somerville,7,848,762,86,848,0,0,13.9,true,61.01,true
2019-02-18,2019,8,Boston,7,8085,7257,828,8085,0,0,117.1,true,69.04,true
2019-02-18,2019,8,Brookline,7,290,266,24,290,0,0,5.1,true,56.86,true
2019-02-18,2019,8,Cambridge,7,7886,7491,395,7886,0,0,55.1,true,143.12,true
2019-02-18,2019,8,Somerville,7,778,714,64,778,0,0,14.1,true,55.18,true
2019-02-25,2019,9,Boston,7,8217,7749,468,8217,0,0,114.9,true,71.51,true
2019-02-25,2019,9,Brookline,7,282,266,16,282,0,0,5.7,true,49.47,true
2019-02-25,2019,9,Cambridge,7,7891,7622,269,7891,0,0,55.9,true,141.16,true
2019-02-25,2019,9,Somerville,7,750,690,60,750,0,0,14.0,true,53.57,true
2019-03-04,2019,10,Boston,7,6659,6160,499,6659,0,0,108.0,true,61.66,true
2019-03-04,2019,10,Brookline,7,267,250,17,267,0,0,5.4,true,49.44,true
2019-03-04,2019,10,Cambridge,7,7358,7059,299,7358,0,0,55.4,true,132.82,true
2019-03-04,2019,10,Somerville,7,710,629,81,710,0,0,13.6,true,52.21,true
2019-03-11,2019,11,Boston,7,13112,10834,2278,13112,0,0,124.1,true,105.66,true
2019-03-11,2019,11,Brookline,7,404,350,54,404,0,0,5.9,true,68.47,true
2019-03-11,2019,11,Cambridge,7,10930,10003,927,10930,0,0,57.6,true,189.76,true
2019-03-11,2019,11,Somerville,7,1157,1017,140,1157,0,0,15.0,true,77.13,true
2019-03-18,2019,12,Boston,7,13142,10692,2450,13142,0,0,123.4,true,106.5,true
2019-03-18,2019,12,Brookline,7,462,380,82,462,0,0,6.0,true,77.0,true
2019-03-18,2019,12,Cambridge,7,10074,9105,969,10074,0,0,57.3,true,175.81,true
2019-03-18,2019,12,Somerville,7,1071,912,159,1071,0,0,15.0,true,71.4,true
2019-03-25,2019,13,Boston,7,16918,13110,3808,16918,0,0,127.4,true,132.79,true
2019-03-25,2019,13,Brookline,7,756,599,157,756,0,0,8.6,true,87.91,true
2019-03-25,2019,13,Cambridge,7,11741,9992,1749,11741,0,0,57.7,true,203.48,true
2019-03-25,2019,13,Somerville,7,1556,1260,296,1556,0,0,18.0,true,86.44,true
2019-04-01,2019,14,Boston,7,19734,14598,5136,19734,0,0,138.3,true,142.69,true
2019-04-01,2019,14,Brookline,7,1029,759,270,1029,0,0,9.0,true,114.33,true
2019-04-01,2019,14,Cambridge,7,14527,12292,2235,14527,0,0,58.0,true,250.47,true
2019-04-01,2019,14,Somerville,7,1916,1505,411,1916,0,0,20.9,true,91.67,true
2019-04-08,2019,15,Boston,7,21089,15048,6041,21089,0,0,147.4,true,143.07,true
2019-04-08,2019,15,Brookline,7,861,699,162,861,0,0,8.6,true,100.12,true
2019-04-08,2019,15,Cambridge,7,14008,11762,2246,14008,0,0,57.1,true,245.32,true
2019-04-08,2019,15,Somerville,7,1783,1412,371,1783,0,0,21.0,true,84.9,true
2019-04-15,2019,16,Boston,7,22811,16236,6575,22811,0,0,155.7,true,146.51,true
2019-04-15,2019,16,Brookline,7,854,650,204,854,0,0,7.9,true,108.1,true
2019-04-15,2019,16,Cambridge,7,14862,12593,2269,14862,0,0,57.9,true,256.68,true
2019-04-15,2019,16,Hingham,2,2,1,1,2,0,0,1.0,true,2.0,false
2019-04-15,2019,16,Somerville,7,1823,1515,308,1823,0,0,21.0,true,86.81,true
2019-04-22,2019,17,Boston,7,21029,16606,4423,21029,0,0,161.3,true,130.37,true
2019-04-22,2019,17,Brookline,7,888,732,156,888,0,0,8.9,true,99.78,true
2019-04-22,2019,17,Cambridge,7,14196,12461,1735,14196,0,0,57.7,true,246.03,true
2019-04-22,2019,17,Hingham,3,12,8,4,12,0,0,1.0,true,12.0,false
2019-04-22,2019,17,Quincy,1,1,0,1,1,0,0,1.0,true,1.0,false
2019-04-22,2019,17,Somerville,7,1914,1579,335,1914,0,0,21.0,true,91.14,true
2019-04-29,2019,18,Boston,7,23176,18506,4670,23176,0,0,163.0,true,142.18,true
2019-04-29,2019,18,Brookline,7,960,780,180,960,0,0,8.9,true,107.87,true
2019-04-29,2019,18,Cambridge,7,15636,13727,1909,15636,0,0,58.0,true,269.59,true
2019-04-29,2019,18,Hingham,2,4,4,0,4,0,0,1.0,true,4.0,false
2019-04-29,2019,18,Quincy,2,4,3,1,4,0,0,1.0,true,4.0,false
2019-04-29,2019,18,Somerville,7,2080,1727,353,2080,0,0,21.0,true,99.05,true
2019-05-06,2019,19,Boston,7,28417,21590,6827,28417,0,0,162.9,true,174.44,true
2019-05-06,2019,19,Brookline,7,1145,897,248,1145,0,0,9.0,true,127.22,true
2019-05-06,2019,19,Cambridge,7,17364,14994,2370,17364,0,0,57.9,true,299.9,true
2019-05-06,2019,19,Hingham,5,21,21,0,21,0,0,1.0,true,21.0,false
2019-05-06,2019,19,Quincy,1,3,1,2,3,0,0,1.0,true,3.0,false
2019-05-06,2019,19,Somerville,7,2765,2140,625,2765,0,0,21.0,true,131.67,true
2019-05-13,2019,20,Boston,7,27492,19873,7619,27492,0,0,164.9,true,166.72,true
2019-05-13,2019,20,Brookline,7,1133,864,269,1133,0,0,9.0,true,125.89,true
2019-05-13,2019,20,Cambridge,7,16344,13747,2597,16344,0,0,58.0,true,281.79,true
2019-05-13,2019,20,Hingham,4,7,6,1,7,0,0,1.0,true,7.0,false
2019-05-13,2019,20,Quincy,1,2,1,1,2,0,0,1.0,true,2.0,false
2019-05-13,2019,20,Somerville,7,2370,1811,559,2370,0,0,21.0,true,112.86,true
2019-05-20,2019,21,Boston,7,34995,23821,11174,34995,0,0,168.0,true,208.3,true
2019-05-20,2019,21,Brookline,7,1435,1053,382,1435,0,0,9.0,true,159.44,true
2019-05-20,2019,21,Cambridge,7,19233,15152,4081,19233,0,0,58.6,true,328.21,true
2019-05-20,2019,21,Hingham,6,57,47,10,57,0,0,1.0,true,57.0,false
2019-05-20,2019,21,Quincy,5,9,8,1,9,0,0,1.0,true,9.0,false
2019-05-20,2019,21,Somerville,7,2848,2105,743,2848,0,0,21.0,true,135.62,true
2019-05-27,2019,22,Boston,7,31399,21344,10055,31399,0,0,168.9,true,185.9,true
2019-05-27,2019,22,Brookline,7,1265,934,331,1265,0,0,8.9,true,142.13,true
2019-05-27,2019,22,Cambridge,7,17188,13541,3647,17188,0,0,58.9,true,291.82,true
2019-05-27,2019,22,Hingham,3,16,14,2,16,0,0,1.0,true,16.0,false
2019-05-27,2019,22,Quincy,2,5,4,1,5,0,0,1.0,true,5.0,false
2019-05-27,2019,22,Somerville,7,2801,2088,713,2801,0,0,21.0,true,133.38,true
2019-06-03,2019,23,Boston,7,42158,29224,12934,42158,0,0,170.1,true,247.84,true
2019-06-03,2019,23,Brookline,7,1576,1136,440,1576,0,0,9.0,true,175.11,true
2019-06-03,2019,23,Cambridge,7,21983,17533,4450,21983,0,0,58.9,true,373.23,true
2019-06-03,2019,23,Hingham,6,71,67,4,71,0,0,1.0,true,71.0,false
2019-06-03,2019,23,Quincy,5,21,21,0,21,0,0,1.0,true,21.0,false
2019-06-03,2019,23,Somerville,7,3593,2760,833,3593,0,0,21.0,true,171.1,true
2019-06-10,2019,24,Boston,7,35390,25114,10276,35390,0,0,167.7,true,211.03,true
2019-06-10,2019,24,Brookline,7,1313,1030,283,1313,0,0,9.0,true,145.89,true
2019-06-10,2019,24,Cambridge,7,18062,14718,3344,18062,0,0,59.0,true,306.14,true
2019-06-10,2019,24,Everett,3,12,5,7,12,0,0,1.7,true,7.06,false
2019-06-10,2019,24,Hingham,4,31,31,0,31,0,0,1.0,true,31.0,false
2019-06-10,2019,24,Quincy,5,19,16,3,19,0,0,1.0,true,19.0,false
2019-06-10,2019,24,Somerville,7,3127,2428,699,3127,0,0,21.0,true,148.9,true
2019-06-17,2019,25,Boston,7,39035,26916,12119,39035,0,0,167.9,true,232.49,true
2019-06-17,2019,25,Brookline,7,1559,1168,391,1559,0,0,9.0,true,173.22,true
2019-06-17,2019,25,Cambridge,7,20709,16355,4354,20709,0,0,59.0,true,351.0,true
2019-06-17,2019,25,Everett,7,175,78,97,175,0,0,4.3,true,40.7,false
2019-06-17,2019,25,Hingham,5,17,17,0,17,0,0,1.0,true,17.0,false
2019-06-17,2019,25,Quincy,6,15,12,3,15,0,0,1.0,true,15.0,false
2019-06-17,2019,25,Somerville,7,3538,2666,872,3538,0,0,21.0,true,168.48,true
2019-06-24,2019,26,Boston,7,39709,28469,11240,39709,0,0,169.3,true,234.55,true
2019-06-24,2019,26,Brookline,7,1534,1176,358,1534,0,0,9.0,true,170.44,true
2019-06-24,2019,26,Cambridge,7,21455,17628,3827,21455,0,0,59.0,true,363.64,true
2019-06-24,2019,26,Everett,7,445,196,249,445,0,0,10.3,true,43.2,false
2019-06-24,2019,26,Hingham,5,21,21,0,21,0,0,1.0,true,21.0,false
2019-06-24,2019,26,Quincy,5,11,11,0,11,0,0,1.0,true,11.0,false
2019-06-24,2019,26,Somerville,7,3752,2922,830,3752,0,0,21.0,true,178.67,true
2019-07-01,2019,27,Boston,7,39739,24083,15656,39739,0,0,173.3,true,229.31,true
2019-07-01,2019,27,Brookline,7,1602,1145,457,1602,0,0,8.7,true,184.14,true
2019-07-01,2019,27,Cambridge,7,21214,15458,5756,21214,0,0,59.9,true,354.16,true
2019-07-01,2019,27,Everett,7,396,160,236,396,0,0,10.3,true,38.45,false
2019-07-01,2019,27,Hingham,3,8,8,0,8,0,0,1.0,true,8.0,false
2019-07-01,2019,27,Quincy,5,14,13,1,14,0,0,1.0,true,14.0,false
2019-07-01,2019,27,Somerville,7,3409,2531,878,3409,0,0,21.0,true,162.33,true
2019-07-08,2019,28,Boston,7,43407,31095,12312,43407,0,0,175.1,true,247.9,true
2019-07-08,2019,28,Brookline,7,1823,1447,376,1823,0,0,10.7,true,170.37,true
2019-07-08,2019,28,Cambridge,7,23619,19077,4542,23619,0,0,60.0,true,393.65,true
2019-07-08,2019,28,Everett,7,406,179,227,406,0,0,9.7,true,41.86,false
2019-07-08,2019,28,Hingham,5,12,12,0,12,0,0,1.0,true,12.0,false
2019-07-08,2019,28,Quincy,6,14,14,0,14,0,0,1.0,true,14.0,false
2019-07-08,2019,28,Somerville,7,4064,3217,847,4064,0,0,21.0,true,193.52,true
2019-07-15,2019,29,Boston,7,40325,29983,10342,40325,0,0,177.3,true,227.44,true
2019-07-15,2019,29,Brookline,7,1651,1312,339,1651,0,0,11.9,true,138.74,true
2019-07-15,2019,29,Cambridge,7,22150,18474,3676,22150,0,0,60.0,true,369.17,true
2019-07-15,2019,29,Everett,7,374,186,188,374,0,0,9.6,true,38.96,false
2019-07-15,2019,29,Hingham,5,11,11,0,11,0,0,1.0,true,11.0,false
2019-07-15,2019,29,Quincy,6,16,14,2,16,0,0,1.0,true,16.0,false
2019-07-15,2019,29,Somerville,7,3746,3139,607,3746,0,0,22.6,true,165.75,true
2019-07-22,2019,30,Boston,7,44377,30991,13386,44377,0,0,180.1,true,246.4,true
2019-07-22,2019,30,Brookline,7,1921,1463,458,1921,0,0,12.0,true,160.08,true
2019-07-22,2019,30,Cambridge,7,24399,19633,4766,24399,0,0,60.0,true,406.65,true
2019-07-22,2019,30,Everett,7,308,159,149,308,0,0,10.1,true,30.5,false
2019-07-22,2019,30,Hingham,4,8,7,1,8,0,0,1.0,true,8.0,false
2019-07-22,2019,30,Quincy,4,14,14,0,14,0,0,1.0,true,14.0,false
2019-07-22,2019,30,Somerville,7,4134,3251,883,4134,0,0,26.7,true,154.83,true
2019-07-29,2019,31,Boston,7,46994,33312,13682,46994,0,0,180.9,true,259.78,true
2019-07-29,2019,31,Brookline,7,1940,1530,410,1940,0,0,12.0,true,161.67,true
2019-07-29,2019,31,Cambridge,7,24575,20040,4535,24575,0,0,60.0,true,409.58,true
2019-07-29,2019,31,Everett,7,331,155,176,331,0,0,9.4,true,35.21,false
2019-07-29,2019,31,Hingham,4,13,13,0,13,0,0,1.0,true,13.0,false
2019-07-29,2019,31,Quincy,3,8,6,2,8,0,0,1.0,true,8.0,false
2019-07-29,2019,31,Somerville,7,4279,3398,881,4279,0,0,28.0,true,152.82,true
2019-08-05,2019,32,Boston,7,49612,34256,15356,49612,0,0,183.7,true,270.07,true
2019-08-05,2019,32,Brookline,7,2097,1561,536,2097,0,0,12.0,true,174.75,true
2019-08-05,2019,32,Cambridge,7,24687,19526,5161,24687,0,0,60.0,true,411.45,true
2019-08-05,2019,32,Everett,7,333,146,187,333,0,0,9.1,true,36.59,false
2019-08-05,2019,32,Hingham,5,12,11,1,12,0,0,1.0,true,12.0,false
2019-08-05,2019,32,Quincy,4,10,10,0,10,0,0,1.0,true,10.0,false
2019-08-05,2019,32,Somerville,7,4530,3478,1052,4530,0,0,28.0,true,161.79,true
2019-08-12,2019,33,Boston,7,45950,33142,12808,45950,0,0,187.0,true,245.72,true
2019-08-12,2019,33,Brookline,7,1996,1525,471,1996,0,0,12.0,true,166.33,true
2019-08-12,2019,33,Cambridge,7,23856,19352,4504,23856,0,0,61.6,true,387.27,true
2019-08-12,2019,33,Everett,7,331,158,173,331,0,0,10.6,true,31.23,false
2019-08-12,2019,33,Hingham,4,10,9,1,10,0,0,1.0,true,10.0,false
2019-08-12,2019,33,Quincy,4,13,13,0,13,0,0,1.0,true,13.0,false
2019-08-12,2019,33,Somerville,7,4469,3517,952,4469,0,0,28.0,true,159.61,true
2019-08-19,2019,34,Boston,7,43303,30971,12332,43303,0,0,189.7,true,228.27,true
2019-08-19,2019,34,Brookline,7,1761,1388,373,1761,0,0,11.9,true,147.98,true
2019-08-19,2019,34,Cambridge,7,21517,17581,3936,21517,0,0,61.7,true,348.74,true
2019-08-19,2019,34,Everett,7,281,134,147,281,0,0,9.7,true,28.97,false
2019-08-19,2019,34,Hingham,5,12,12,0,12,0,0,1.0,true,12.0,false
2019-08-19,2019,34,Quincy,3,7,7,0,7,0,0,1.0,true,7.0,false
2019-08-19,2019,34,Somerville,7,4074,3211,863,4074,0,0,28.0,true,145.5,true
2019-08-19,2019,34,unknown,1,2,2,0,2,0,0,1.0,true,2.0,false
2019-08-26,2019,35,Boston,7,43181,30504,12677,43181,0,0,193.4,true,223.27,true
2019-08-26,2019,35,Brookline,7,1848,1378,470,1848,0,0,12.0,true,154.0,true
2019-08-26,2019,35,Cambridge,7,23586,19024,4562,23586,0,0,62.0,true,380.42,true
2019-08-26,2019,35,Everett,7,345,147,198,345,0,0,9.9,true,34.85,false
2019-08-26,2019,35,Hingham,5,17,14,3,17,0,0,1.0,true,17.0,false
2019-08-26,2019,35,Quincy,2,2,1,1,2,0,0,1.0,true,2.0,false
2019-08-26,2019,35,Somerville,7,4227,3229,998,4227,0,0,28.0,true,150.96,true
2019-08-26,2019,35,unknown,1,1,1,0,1,0,0,1.0,true,1.0,false
2019-09-02,2019,36,Boston,7,46177,32888,13289,46177,0,0,195.6,true,236.08,true
2019-09-02,2019,36,Brookline,7,2134,1617,517,2134,0,0,12.0,true,177.83,true
2019-09-02,2019,36,Cambridge,7,25874,21413,4461,25874,0,0,61.7,true,419.35,true
2019-09-02,2019,36,Everett,7,259,119,140,259,0,0,9.9,true,26.16,false
2019-09-02,2019,36,Hingham,2,4,4,0,4,0,0,1.0,true,4.0,false
2019-09-02,2019,36,Somerville,7,4592,3509,1083,4592,0,0,28.0,true,164.0,true
2019-09-09,2019,37,Boston,7,48395,36808,11587,48395,0,0,198.3,true,244.05,true
2019-09-09,2019,37,Brookline,7,2126,1705,421,2126,0,0,12.0,true,177.17,true
2019-09-09,2019,37,Cambridge,7,27829,23774,4055,27829,0,0,62.6,true,444.55,true
2019-09-09,2019,37,Everett,7,247,99,148,247,0,0,9.9,true,24.95,false
2019-09-09,2019,37,Hingham,4,8,8,0,8,0,0,1.0,true,8.0,false
2019-09-09,2019,37,Quincy,1,1,1,0,1,0,0,1.0,true,1.0,false
2019-09-09,2019,37,Somerville,7,4606,3737,869,4606,0,0,28.0,true,164.5,true
2019-09-16,2019,38,Boston,7,52794,39015,13779,52794,0,0,200.1,true,263.84,true
2019-09-16,2019,38,Brookline,7,2303,1826,477,2303,0,0,12.0,true,191.92,true
2019-09-16,2019,38,Cambridge,7,30678,25789,4889,30678,0,0,62.9,true,487.73,true
2019-09-16,2019,38,Everett,7,265,123,142,265,0,0,10.0,true,26.5,false
2019-09-16,2019,38,Hingham,2,5,5,0,5,0,0,1.0,true,5.0,false
2019-09-16,2019,38,Quincy,1,2,2,0,2,0,0,1.0,true,2.0,false
2019-09-16,2019,38,Somerville,7,5058,4042,1016,5058,0,0,28.0,true,180.64,true
2019-09-23,2019,39,Boston,7,50825,38005,12820,50825,0,0,199.1,true,255.27,true
2019-09-23,2019,39,Brookline,7,2311,1881,430,2311,0,0,12.0,true,192.58,true
2019-09-23,2019,39,Cambridge,7,29474,25134,4340,29474,0,0,62.9,true,468.59,true
2019-09-23,2019,39,Everett,7,257,123,134,257,0,0,9.9,true,25.96,false
2019-09-23,2019,39,Hingham,3,7,7,0,7,0,0,1.0,true,7.0,false
2019-09-23,2019,39,Somerville,7,4834,3832,1002,4834,0,0,27.9,true,173.26,true
2019-09-30,2019,40,Boston,7,41890,33170,8720,41890,0,0,195.3,true,214.49,true
2019-09-30,2019,40,Brookline,7,1921,1572,349,1921,0,0,11.9,true,161.43,true
2019-09-30,2019,40,Cambridge,7,26089,22872,3217,26089,0,0,62.9,true,414.77,true
2019-09-30,2019,40,Everett,7,187,104,83,187,0,0,8.6,true,21.74,false
2019-09-30,2019,40,Hingham,2,3,3,0,3,0,0,1.0,true,3.0,false
2019-09-30,2019,40,Quincy,1,2,0,2,2,0,0,1.0,true,2.0,false
2019-09-30,2019,40,Somerville,7,4299,3595,704,4299,0,0,28.0,true,153.54,true
2019-10-07,2019,41,Boston,7,35332,27512,7820,35332,0,0,191.7,true,184.31,true
2019-10-07,2019,41,Brookline,7,1596,1299,297,1596,0,0,12.0,true,133.0,true
2019-10-07,2019,41,Cambridge,7,22833,19720,3113,22833,0,0,62.6,true,364.74,true
2019-10-07,2019,41,Everett,7,180,95,85,180,0,0,8.3,true,21.69,false
2019-10-07,2019,41,Hingham,2,4,4,0,4,0,0,1.0,true,4.0,false
2019-10-07,2019,41,Quincy,1,2,0,2,2,0,0,1.0,true,2.0,false
2019-10-07,2019,41,Somerville,7,3887,3184,703,3887,0,0,28.0,true,138.82,true
2019-10-14,2019,42,Boston,7,40242,30011,10231,40242,0,0,196.3,true,205.0,true
2019-10-14,2019,42,Brookline,7,1874,1504,370,1874,0,0,12.0,true,156.17,true
2019-10-14,2019,42,Cambridge,7,25594,21023,4571,25594,0,0,63.0,true,406.25,true
2019-10-14,2019,42,Everett,7,192,86,106,192,0,0,8.6,true,22.33,false
2019-10-14,2019,42,Hingham,2,2,2,0,2,0,0,1.0,true,2.0,false
2019-10-14,2019,42,Somerville,7,4105,3299,806,4105,0,0,28.0,true,146.61,true
2019-10-21,2019,43,Boston,7,38746,30299,8447,38746,0,0,196.3,true,197.38,true
2019-10-21,2019,43,Brookline,7,1784,1457,327,1784,0,0,11.7,true,152.48,true
2019-10-21,2019,43,Cambridge,7,23521,20581,2940,23521,0,0,62.6,true,375.73,true
2019-10-21,2019,43,Everett,7,191,85,106,191,0,0,8.4,true,22.74,false
2019-10-21,2019,43,Hingham,4,5,5,0,5,0,0,1.0,true,5.0,false
2019-10-21,2019,43,Quincy,2,3,1,2,3,0,0,1.0,true,3.0,false
2019-10-21,2019,43,Somerville,7,4093,3382,711,4093,0,0,27.7,true,147.76,true
2019-10-28,2019,44,Boston,7,35850,28235,7615,35850,0,0,196.3,true,182.63,true
2019-10-28,2019,44,Brookline,7,1764,1413,351,1764,0,0,11.9,true,148.24,true
2019-10-28,2019,44,Cambridge,7,23209,20233,2976,23209,0,0,62.9,true,368.98,true
2019-10-28,2019,44,Everett,7,151,83,68,151,0,0,8.9,true,16.97,false
2019-10-28,2019,44,Hingham,3,4,4,0,4,0,0,1.0,true,4.0,false
2019-10-28,2019,44,Quincy,2,2,2,0,2,0,0,1.0,true,2.0,false
2019-10-28,2019,44,Somerville,7,3933,3260,673,3933,0,0,28.0,true,140.46,true
2019-11-04,2019,45,Boston,7,29436,24676,4760,29436,0,0,185.7,true,158.51,true
2019-11-04,2019,45,Brookline,7,1490,1264,226,1490,0,0,12.0,true,124.17,true
2019-11-04,2019,45,Cambridge,7,19072,17105,1967,19072,0,0,62.9,true,303.21,true
2019-11-04,2019,45,Everett,7,116,70,46,116,0,0,7.6,true,15.26,false
2019-11-04,2019,45,Hingham,2,4,4,0,4,0,0,1.0,true,4.0,false
2019-11-04,2019,45,Quincy,2,2,0,2,2,0,0,1.0,true,2.0,false
2019-11-04,2019,45,Somerville,7,3421,2965,456,3421,0,0,28.0,true,122.18,true
2019-11-11,2019,46,Boston,7,23665,20211,3454,23665,0,0,168.7,true,140.28,true
2019-11-11,2019,46,Brookline,7,1187,1023,164,1187,0,0,11.9,true,99.75,true
2019-11-11,2019,46,Cambridge,7,16639,15251,1388,16639,0,0,62.7,true,265.37,true
2019-11-11,2019,46,Everett,7,87,52,35,87,0,0,6.4,true,13.59,false
2019-11-11,2019,46,Hingham,1,1,1,0,1,0,0,1.0,true,1.0,false
2019-11-11,2019,46,Somerville,7,2929,2546,383,2929,0,0,27.9,true,104.98,true
2019-11-18,2019,47,Boston,7,19325,16706,2619,19325,0,0,151.0,true,127.98,true
2019-11-18,2019,47,Brookline,7,1115,968,147,1115,0,0,11.9,true,93.7,true
2019-11-18,2019,47,Cambridge,7,15019,13686,1333,15019,0,0,61.6,true,243.81,true
2019-11-18,2019,47,Everett,7,58,42,16,58,0,0,5.0,true,11.6,false
2019-11-18,2019,47,Hingham,1,1,1,0,1,0,0,1.0,true,1.0,false
2019-11-18,2019,47,Quincy,1,1,1,0,1,0,0,1.0,true,1.0,false
2019-11-18,2019,47,Somerville,7,2662,2285,377,2662,0,0,27.4,true,97.15,true
2019-11-25,2019,48,Boston,7,14832,12353,2479,14832,0,0,144.1,true,102.93,true
2019-11-25,2019,48,Brookline,7,949,803,146,949,0,0,11.9,true,79.75,true
2019-11-25,2019,48,Cambridge,7,11879,10749,1130,11879,0,0,62.0,true,191.6,true
2019-11-25,2019,48,Everett,7,85,45,40,85,0,0,6.0,true,14.17,false
2019-11-25,2019,48,Hingham,2,2,2,0,2,0,0,1.0,true,2.0,false
2019-11-25,2019,48,Somerville,7,2011,1706,305,2011,0,0,27.4,true,73.39,true
2019-12-02,2019,49,Boston,7,12216,10747,1469,12216,0,0,139.9,true,87.32,true
2019-12-02,2019,49,Brookline,7,736,639,97,736,0,0,10.7,true,68.79,true
2019-12-02,2019,49,Cambridge,7,10245,9534,711,10245,0,0,61.1,true,167.68,true
2019-12-02,2019,49,Everett,7,27,19,8,27,0,0,2.7,true,10.0,false
2019-12-02,2019,49,Somerville,7,1510,1308,202,1510,0,0,26.6,true,56.77,true
2019-12-09,2019,50,Boston,7,14619,12798,1821,14619,0,0,145.0,true,100.82,true
2019-12-09,2019,50,Brookline,7,678,592,86,678,0,0,8.1,true,83.7,true
2019-12-09,2019,50,Cambridge,7,12354,11400,954,12354,0,0,62.9,true,196.41,true
2019-12-09,2019,50,Everett,7,44,33,11,44,0,0,3.9,true,11.28,false
2019-12-09,2019,50,Somerville,7,1719,1467,252,1719,0,0,23.3,true,73.78,true
2019-12-16,2019,51,Boston,7,10284,9277,1007,10284,0,0,138.9,true,74.04,true
2019-12-16,2019,51,Brookline,7,432,397,35,432,0,0,5.7,true,75.79,true
2019-12-16,2019,51,Cambridge,7,8194,7669,525,8194,0,0,60.6,true,135.21,true
2019-12-16,2019,51,Everett,7,34,18,16,34,0,0,3.4,true,10.0,false
2019-12-16,2019,51,Somerville,7,1202,1049,153,1202,0,0,21.7,true,55.39,true
2019-12-23,2019,52,Boston,7,7597,5630,1967,7597,0,0,136.0,true,55.86,true
2019-12-23,2019,52,Brookline,7,324,263,61,324,0,0,5.9,true,54.92,true
2019-12-23,2019,52,Cambridge,7,4845,4115,730,4845,0,0,60.0,true,80.75,true
2019-12-23,2019,52,Everett,7,56,41,15,56,0,0,4.0,true,14.0,false
2019-12-23,2019,52,Somerville,7,692,547,145,692,0,0,19.3,true,35.85,true
2019-12-30,2020,1,Boston,7,8388,7049,1339,8388,0,0,134.1,true,62.55,true
2019-12-30,2020,1,Brookline,7,332,283,49,332,0,0,5.9,true,56.27,true
2019-12-30,2020,1,Cambridge,7,5682,5099,583,5682,0,0,59.9,true,94.86,true
2019-12-30,2020,1,Everett,7,46,21,25,46,0,0,4.1,true,11.22,false
2019-12-30,2020,1,Somerville,7,1006,823,183,1006,0,0,20.6,true,48.83,true
2020-01-06,2020,2,Boston,7,18288,14823,3465,18288,0,0,149.9,true,122.0,true
2020-01-06,2020,2,Brookline,7,618,509,109,618,0,0,5.9,true,104.75,true
2020-01-06,2020,2,Cambridge,7,12597,11200,1397,12597,0,0,62.7,true,200.91,true
2020-01-06,2020,2,Everett,7,96,43,53,96,0,0,6.0,true,16.0,false
2020-01-06,2020,2,Somerville,7,2037,1690,347,2037,0,0,22.9,true,88.95,true
2020-01-13,2020,3,Boston,7,13970,12649,1321,13970,0,0,142.4,true,98.1,true
2020-01-13,2020,3,Brookline,7,491,447,44,491,0,0,5.9,true,83.22,true
2020-01-13,2020,3,Cambridge,7,10459,9857,602,10459,0,0,61.3,true,170.62,true
2020-01-13,2020,3,Everett,7,53,40,13,53,0,0,5.0,true,10.6,false
2020-01-13,2020,3,Somerville,7,1567,1421,146,1567,0,0,22.1,true,70.9,true
2020-01-20,2020,4,Boston,7,14441,12618,1823,14441,0,0,144.4,true,100.01,true
2020-01-20,2020,4,Brookline,7,591,529,62,591,0,0,5.9,true,100.17,true
2020-01-20,2020,4,Cambridge,7,10906,10079,827,10906,0,0,61.7,true,176.76,true
2020-01-20,2020,4,Everett,7,55,38,17,55,0,0,4.6,true,11.96,false
2020-01-20,2020,4,Somerville,7,1553,1362,191,1553,0,0,22.4,true,69.33,true
2020-01-27,2020,5,Boston,7,18208,16110,2098,18208,0,0,146.6,true,124.2,true
2020-01-27,2020,5,Brookline,7,753,682,71,753,0,0,5.9,true,127.63,true
2020-01-27,2020,5,Cambridge,7,13854,12986,868,13854,0,0,62.0,true,223.45,true
2020-01-27,2020,5,Everett,7,64,47,17,64,0,0,5.7,true,11.23,false
2020-01-27,2020,5,Quincy,1,2,0,2,2,0,0,1.0,true,2.0,false
2020-01-27,2020,5,Somerville,7,1965,1724,241,1965,0,0,22.9,true,85.81,true
2020-02-03,2020,6,Boston,7,15667,14158,1509,15667,0,0,143.6,true,109.1,true
2020-02-03,2020,6,Brookline,7,628,559,69,628,0,0,5.7,true,110.18,true
2020-02-03,2020,6,Cambridge,7,13061,12238,823,13061,0,0,61.0,true,214.11,true
2020-02-03,2020,6,Everett,7,55,42,13,55,0,0,4.7,true,11.7,false
2020-02-03,2020,6,Somerville,7,1771,1615,156,1771,0,0,22.7,true,78.02,true
2020-02-10,2020,7,Boston,7,14539,13168,1371,14539,0,0,140.7,true,103.33,true
2020-02-10,2020,7,Brookline,7,529,487,42,529,0,0,5.9,true,89.66,true
2020-02-10,2020,7,Cambridge,7,12317,11572,745,12317,0,0,61.1,true,201.59,true
2020-02-10,2020,7,Everett,7,41,25,16,41,0,0,4.0,true,10.25,false
2020-02-10,2020,7,Somerville,7,1705,1558,147,1705,0,0,22.4,true,76.12,true
2020-02-17,2020,8,Boston,7,16202,13470,2732,16202,0,0,146.4,true,110.67,true
2020-02-17,2020,8,Brookline,7,666,571,95,666,0,0,6.0,true,111.0,true
2020-02-17,2020,8,Cambridge,7,13006,11750,1256,13006,0,0,61.7,true,210.79,true
2020-02-17,2020,8,Everett,7,78,33,45,78,0,0,5.6,true,13.93,false
2020-02-17,2020,8,Somerville,7,2032,1747,285,2032,0,0,22.7,true,89.52,true
2020-02-24,2020,9,Boston,7,18744,16440,2304,18744,0,0,144.6,true,129.63,true
2020-02-24,2020,9,Brookline,7,720,639,81,720,0,0,6.0,true,120.0,true
2020-02-24,2020,9,Cambridge,7,14829,13721,1108,14829,0,0,62.1,true,238.79,true
2020-02-24,2020,9,Everett,7,70,44,26,70,0,0,6.0,true,11.67,false
2020-02-24,2020,9,Quincy,1,2,0,2,2,0,0,1.0,true,2.0,false
2020-02-24,2020,9,Somerville,7,2078,1813,265,2078,0,0,22.7,true,91.54,true
2020-03-02,2020,10,Boston,7,20496,17301,3195,20496,0,0,146.4,true,140.0,true
2020-03-02,2020,10,Brookline,7,745,655,90,745,0,0,5.7,true,130.7,true
2020-03-02,2020,10,Cambridge,7,16210,14806,1404,16210,0,0,62.0,true,261.45,true
2020-03-02,2020,10,Everett,7,84,50,34,84,0,0,6.1,true,13.77,false
2020-03-02,2020,10,Somerville,7,2224,1911,313,2224,0,0,22.6,true,98.41,true
2020-03-09,2020,11,Boston,7,21396,16792,4604,21396,0,0,153.0,true,139.84,true
2020-03-09,2020,11,Brookline,7,782,652,130,782,0,0,6.0,true,130.33,true
2020-03-09,2020,11,Cambridge,7,14601,12912,1689,14601,0,0,62.6,true,233.24,true
2020-03-09,2020,11,Everett,7,113,69,44,113,0,0,7.9,true,14.3,false
2020-03-09,2020,11,Somerville,7,2034,1666,368,2034,0,0,23.1,true,88.05,true
2020-03-16,2020,12,Boston,7,7932,5506,2426,7932,0,0,139.4,true,56.9,true
2020-03-16,2020,12,Brookline,7,412,307,105,412,0,0,7.0,true,58.86,true
2020-03-16,2020,12,Cambridge,7,4878,4022,856,4878,0,0,60.6,true,80.5,true
2020-03-16,2020,12,Everett,7,56,25,31,56,0,0,4.4,true,12.73,false
2020-03-16,2020,12,Somerville,7,798,558,240,798,0,0,22.3,true,35.78,true
2020-03-23,2020,13,Boston,7,5744,3795,1949,5744,0,0,131.3,true,43.75,true
2020-03-23,2020,13,Brookline,7,291,210,81,291,0,0,7.1,true,40.99,true
2020-03-23,2020,13,Cambridge,7,2835,2218,617,2835,0,0,56.6,true,50.09,true
2020-03-23,2020,13,Everett,6,74,33,41,74,0,0,5.3,true,13.96,false
2020-03-23,2020,13,Quincy,1,1,0,1,1,0,0,1.0,true,1.0,false
2020-03-23,2020,13,Somerville,7,660,435,225,660,0,0,19.9,true,33.17,true
2020-03-30,2020,14,Boston,7,4971,3463,1508,4971,0,0,138.1,true,36.0,true
2020-03-30,2020,14,Brookline,7,285,232,53,285,0,0,7.6,true,37.5,true
2020-03-30,2020,14,Cambridge,7,2510,2025,485,2510,0,0,55.4,true,45.31,true
2020-03-30,2020,14,Everett,7,56,23,33,56,0,0,3.1,true,18.06,false
2020-03-30,2020,14,Somerville,7,563,388,175,563,0,0,21.1,true,26.68,true
2020-04-06,2020,15,Boston,7,7647,4872,2775,7647,0,0,160.0,true,47.79,true
2020-04-06,2020,15,Brookline,7,375,278,97,375,0,0,7.6,true,49.34,true
2020-04-06,2020,15,Cambridge,7,3063,2385,678,3063,0,0,59.6,true,51.39,true
2020-04-06,2020,15,Everett,7,90,28,62,90,0,0,4.4,true,20.45,false
2020-04-06,2020,15,Quincy,1,1,0,1,1,0,0,1.0,true,1.0,false
2020-04-06,2020,15,Somerville,7,720,483,237,720,0,0,22.3,true,32.29,true
2020-04-13,2020,16,Boston,7,7230,4733,2497,7230,0,0,154.3,true,46.86,true
2020-04-13,2020,16,Brookline,7,330,234,96,330,0,0,7.1,true,46.48,true
2020-04-13,2020,16,Cambridge,7,2925,2241,684,2925,0,0,57.9,true,50.52,true
2020-04-13,2020,16,Everett,7,73,29,44,73,0,0,4.1,true,17.8,false
2020-04-13,2020,16,Quincy,1,1,0,1,1,0,0,1.0,true,1.0,false
2020-04-13,2020,16,Somerville,7,677,465,212,677,0,0,21.6,true,31.34,true
2020-04-20,2020,17,Boston,7,7445,4927,2518,7445,0,0,165.3,true,45.04,true
2020-04-20,2020,17,Brookline,7,389,294,95,389,0,0,9.6,true,40.52,true
2020-04-20,2020,17,Cambridge,7,3096,2386,710,3096,0,0,59.6,true,51.95,true
2020-04-20,2020,17,Everett,7,77,38,39,77,0,0,3.9,true,19.74,false
2020-04-20,2020,17,Somerville,7,694,455,239,694,0,0,22.1,true,31.4,true
2020-04-27,2020,18,Boston,7,12189,6795,5394,12189,0,0,175.9,true,69.3,true
2020-04-27,2020,18,Brookline,7,605,409,196,605,0,0,10.1,true,59.9,true
2020-04-27,2020,18,Cambridge,7,4267,3027,1240,4267,0,0,60.1,true,71.0,true
2020-04-27,2020,18,Everett,6,136,33,103,136,0,0,5.3,true,25.66,false
2020-04-27,2020,18,Somerville,7,1072,634,438,1072,0,0,24.6,true,43.58,true
2020-05-04,2020,19,Boston,7,10778,7198,3580,10778,0,0,189.7,true,56.82,true
2020-05-04,2020,19,Brookline,7,583,442,141,583,0,0,11.4,true,51.14,true
2020-05-04,2020,19,Cambridge,7,4148,3237,911,4148,0,0,62.0,true,66.9,true
2020-05-04,2020,19,Everett,7,97,36,61,97,0,0,5.0,true,19.4,false
2020-05-04,2020,19,Somerville,7,884,598,286,884,0,0,26.1,true,33.87,true
2020-05-11,2020,20,Boston,7,17083,9512,7571,17083,0,0,197.6,true,86.45,true
2020-05-11,2020,20,Brookline,7,919,633,286,919,0,0,11.4,true,80.61,true
2020-05-11,2020,20,Cambridge,7,6083,4378,1705,6083,0,0,61.9,true,98.27,true
2020-05-11,2020,20,Everett,7,211,49,162,211,0,0,6.9,true,30.58,false
2020-05-11,2020,20,Somerville,7,1355,842,513,1355,0,0,26.7,true,50.75,true
2020-05-18,2020,21,Boston,7,19657,11161,8496,19657,0,0,204.0,true,96.36,true
2020-05-18,2020,21,Brookline,7,1077,744,333,1077,0,0,11.7,true,92.05,true
2020-05-18,2020,21,Cambridge,7,7356,5174,2182,7356,0,0,62.6,true,117.51,true
2020-05-18,2020,21,Everett,7,239,81,158,239,0,0,7.3,true,32.74,false
2020-05-18,2020,21,Quincy,2,2,0,2,2,0,0,1.0,true,2.0,false
2020-05-18,2020,21,Somerville,7,1558,933,625,1558,0,0,27.7,true,56.25,true
2020-05-25,2020,22,Boston,7,26523,14194,12329,26523,0,0,208.3,true,127.33,true
2020-05-25,2020,22,Brookline,7,1409,907,502,1409,0,0,11.9,true,118.4,true
2020-05-25,2020,22,Cambridge,7,9519,6568,2951,9519,0,0,62.9,true,151.34,true
2020-05-25,2020,22,Everett,7,340,87,253,340,0,0,7.4,true,45.95,false
2020-05-25,2020,22,Somerville,7,1991,1171,820,1991,0,0,28.0,true,71.11,true
2020-06-01,2020,23,Boston,7,25099,14838,10261,25099,0,0,208.0,true,120.67,true
2020-06-01,2020,23,Brookline,7,1508,1081,427,1508,0,0,11.9,true,126.72,true
2020-06-01,2020,23,Cambridge,7,8933,6593,2340,8933,0,0,62.9,true,142.02,true
2020-06-01,2020,23,Everett,7,294,103,191,294,0,0,7.4,true,39.73,false
2020-06-01,2020,23,Quincy,1,1,0,1,1,0,0,1.0,true,1.0,false
2020-06-01,2020,23,Somerville,7,1950,1274,676,1950,0,0,27.9,true,69.89,true
2020-06-08,2020,24,Boston,7,30620,17766,12854,30620,0,0,208.4,true,146.93,true
2020-06-08,2020,24,Brookline,7,1776,1217,559,1776,0,0,12.0,true,148.0,true
2020-06-08,2020,24,Cambridge,7,10915,7992,2923,10915,0,0,63.0,true,173.25,true
2020-06-08,2020,24,Everett,7,340,120,220,340,0,0,9.4,true,36.17,false
2020-06-08,2020,24,Somerville,7,2443,1561,882,2443,0,0,28.0,true,87.25,true
2020-06-15,2020,25,Boston,7,32459,19486,12973,32459,0,0,211.0,true,153.83,true
2020-06-15,2020,25,Brookline,7,1859,1316,543,1859,0,0,12.0,true,154.92,true
2020-06-15,2020,25,Cambridge,7,12414,9294,3120,12414,0,0,63.0,true,197.05,true
2020-06-15,2020,25,Everett,7,332,112,220,332,0,0,9.9,true,33.54,false
2020-06-15,2020,25,Quincy,1,1,0,1,1,0,0,1.0,true,1.0,false
2020-06-15,2020,25,Somerville,7,2501,1650,851,2501,0,0,28.0,true,89.32,true
2020-06-22,2020,26,Boston,7,31413,19537,11876,31413,0,0,208.9,true,150.37,true
2020-06-22,2020,26,Brookline,7,1865,1290,575,1865,0,0,11.9,true,156.72,true
2020-06-22,2020,26,Cambridge,7,12155,9306,2849,12155,0,0,63.0,true,192.94,true
2020-06-22,2020,26,Everett,7,298,92,206,298,0,0,10.3,true,28.93,false
2020-06-22,2020,26,Somerville,7,2355,1569,786,2355,0,0,28.0,true,84.11,true
2020-06-29,2020,27,Boston,7,32738,19104,13634,32738,0,0,207.6,true,157.7,true
2020-06-29,2020,27,Brookline,7,2002,1390,612,2002,0,0,14.3,true,140.0,true
2020-06-29,2020,27,Cambridge,7,12827,9278,3549,12827,0,0,63.0,true,203.6,true
2020-06-29,2020,27,Everett,7,249,88,161,249,0,0,10.0,true,24.9,false
2020-06-29,2020,27,Somerville,7,2682,1676,1006,2682,0,0,28.0,true,95.79,true
2020-07-06,2020,28,Boston,7,37243,22970,14273,37243,0,0,208.4,true,178.71,true
2020-07-06,2020,28,Brookline,7,2203,1559,644,2203,0,0,16.0,true,137.69,true
2020-07-06,2020,28,Cambridge,7,14372,10710,3662,14372,0,0,63.0,true,228.13,true
2020-07-06,2020,28,Everett,7,291,115,176,291,0,0,10.3,true,28.25,false
2020-07-06,2020,28,Somerville,7,2892,1934,958,2892,0,0,28.0,true,103.29,true
2020-07-13,2020,29,Boston,7,37542,23478,14064,37542,0,0,210.0,true,178.77,true
2020-07-13,2020,29,Brookline,7,2202,1565,637,2202,0,0,16.0,true,137.62,true
2020-07-13,2020,29,Cambridge,7,14564,11110,3454,14564,0,0,62.9,true,231.54,true
2020-07-13,2020,29,Everett,7,323,107,216,323,0,0,10.4,true,31.06,false
2020-07-13,2020,29,Hingham,1,3,0,3,3,0,0,1.0,true,3.0,false
2020-07-13,2020,29,Somerville,7,2786,1875,911,2786,0,0,27.9,true,99.86,true
2020-07-20,2020,30,Boston,7,40174,25499,14675,40174,0,0,209.0,true,192.22,true
2020-07-20,2020,30,Brookline,7,2295,1690,605,2295,0,0,16.0,true,143.44,true
2020-07-20,2020,30,Cambridge,7,15265,11579,3686,15265,0,0,62.9,true,242.69,true
2020-07-20,2020,30,Everett,7,294,116,178,294,0,0,9.6,true,30.62,false
2020-07-20,2020,30,Somerville,7,3043,2132,911,3043,0,0,28.0,true,108.68,true
2020-07-27,2020,31,Boston,7,41558,26791,14767,41558,0,0,211.1,true,196.86,true
2020-07-27,2020,31,Brookline,7,2420,1725,695,2420,0,0,16.0,true,151.25,true
2020-07-27,2020,31,Cambridge,7,16291,12336,3955,16291,0,0,62.7,true,259.82,true
2020-07-27,2020,31,Everett,7,246,109,137,246,0,0,9.1,true,27.03,false
2020-07-27,2020,31,Somerville,7,3015,2054,961,3015,0,0,28.0,true,107.68,true
2020-07-27,2020,31,Watertown Town,3,21,9,12,21,0,0,1.0,true,21.0,false
2020-08-03,2020,32,Boston,7,43010,27679,15331,43010,0,0,209.9,true,204.91,true
2020-08-03,2020,32,Brookline,7,2556,1841,715,2556,0,0,16.0,true,159.75,true
2020-08-03,2020,32,Cambridge,7,16406,12343,4063,16406,0,0,63.6,true,257.96,true
2020-08-03,2020,32,Everett,7,279,118,161,279,0,0,10.3,true,27.09,false
2020-08-03,2020,32,Quincy,2,2,2,0,2,0,0,1.0,true,2.0,false
2020-08-03,2020,32,Somerville,7,3200,2143,1057,3200,0,0,28.0,true,114.29,true
2020-08-03,2020,32,Watertown Town,7,118,50,68,118,0,0,2.4,true,49.17,false
2020-08-10,2020,33,Boston,7,40849,27003,13846,40849,0,0,209.0,true,195.45,true
2020-08-10,2020,33,Brookline,7,2592,1906,686,2592,0,0,16.0,true,162.0,true
2020-08-10,2020,33,Cambridge,7,15648,12169,3479,15648,0,0,64.0,true,244.5,true
2020-08-10,2020,33,Everett,7,255,110,145,255,0,0,10.4,true,24.52,false
2020-08-10,2020,33,Quincy,2,2,2,0,2,0,0,1.0,true,2.0,false
2020-08-10,2020,33,Somerville,7,2984,2093,891,2984,0,0,28.0,true,106.57,true
2020-08-10,2020,33,Watertown Town,7,113,60,53,113,0,0,2.9,true,38.97,false
2020-08-17,2020,34,Boston,7,42393,27654,14739,42393,0,0,209.1,true,202.74,true
2020-08-17,2020,34,Brookline,7,2643,1918,725,2643,0,0,16.0,true,165.19,true
2020-08-17,2020,34,Cambridge,7,16811,12975,3836,16811,0,0,64.0,true,262.67,true
2020-08-17,2020,34,Everett,7,229,108,121,229,0,0,10.3,true,22.23,false
2020-08-17,2020,34,Quincy,2,3,1,2,3,0,0,1.0,true,3.0,false
2020-08-17,2020,34,Somerville,7,3169,2274,895,3169,0,0,28.0,true,113.18,true
2020-08-17,2020,34,Watertown Town,7,128,61,67,128,0,0,3.0,true,42.67,false
2020-08-24,2020,35,Boston,7,42089,27994,14095,42089,0,0,207.0,true,203.33,true
2020-08-24,2020,35,Brookline,7,2601,1895,706,2601,0,0,15.3,true,170.0,true
2020-08-24,2020,35,Cambridge,7,17310,13740,3570,17310,0,0,64.0,true,270.47,true
2020-08-24,2020,35,Everett,7,283,142,141,283,0,0,10.6,true,26.7,false
2020-08-24,2020,35,Quincy,2,2,2,0,2,0,0,1.0,true,2.0,false
2020-08-24,2020,35,Somerville,7,3108,2209,899,3108,0,0,27.9,true,111.4,true
2020-08-24,2020,35,Watertown Town,7,111,67,44,111,0,0,2.9,true,38.28,false
2020-08-31,2020,36,Boston,7,46906,28839,18067,46906,0,0,210.1,true,223.26,true
2020-08-31,2020,36,Brookline,7,2664,1892,772,2664,0,0,15.0,true,177.6,true
2020-08-31,2020,36,Cambridge,7,18983,14342,4641,18983,0,0,64.0,true,296.61,true
2020-08-31,2020,36,Everett,7,292,110,182,292,0,0,10.6,true,27.55,false
2020-08-31,2020,36,Quincy,1,2,0,2,2,0,0,1.0,true,2.0,false
2020-08-31,2020,36,Somerville,7,3100,2099,1001,3100,0,0,28.0,true,110.71,true
2020-08-31,2020,36,Watertown Town,7,119,60,59,119,0,0,3.0,true,39.67,false
2020-09-07,2020,37,Arlington,4,85,38,47,85,0,0,1.8,true,47.22,false
2020-09-07,2020,37,Boston,7,47612,29917,17695,47612,0,0,209.0,true,227.81,true
2020-09-07,2020,37,Brookline,7,2663,1873,790,2663,0,0,14.9,true,178.72,true
2020-09-07,2020,37,Cambridge,7,20496,16030,4466,20496,0,0,64.3,true,318.76,true
2020-09-07,2020,37,Everett,7,277,100,177,277,0,0,9.0,true,30.78,false
2020-09-07,2020,37,Somerville,7,3388,2299,1089,3388,0,0,28.0,true,121.0,true
2020-09-07,2020,37,Watertown Town,7,154,86,68,154,0,0,3.0,true,51.33,false
2020-09-14,2020,38,Arlington,7,144,89,55,144,0,0,3.1,true,46.45,false
2020-09-14,2020,38,Boston,7,44441,30381,14060,44441,0,0,207.9,true,213.76,true
2020-09-14,2020,38,Brookline,7,2597,1927,670,2597,0,0,14.7,true,176.67,true
2020-09-14,2020,38,Cambridge,7,19953,16197,3756,19953,0,0,64.9,true,307.44,true
2020-09-14,2020,38,Everett,7,228,92,136,228,0,0,8.6,true,26.51,false
2020-09-14,2020,38,Quincy,1,1,0,1,1,0,0,1.0,true,1.0,false
2020-09-14,2020,38,Somerville,7,3094,2186,908,3094,0,0,28.0,true,110.5,true
2020-09-14,2020,38,Watertown Town,7,137,80,57,137,0,0,3.0,true,45.67,false
2020-09-21,2020,39,Arlington,7,214,120,94,214,0,0,3.7,true,57.84,false
2020-09-21,2020,39,Boston,7,45958,30493,15465,45958,0,0,208.4,true,220.53,true
2020-09-21,2020,39,Brookline,7,2357,1718,639,2357,0,0,14.0,true,168.36,true
2020-09-21,2020,39,Cambridge,7,21138,17027,4111,21138,0,0,65.0,true,325.2,true
2020-09-21,2020,39,Everett,7,267,131,136,267,0,0,8.4,true,31.79,false
2020-09-21,2020,39,Quincy,1,1,0,1,1,0,0,1.0,true,1.0,false
2020-09-21,2020,39,Somerville,7,3209,2310,899,3209,0,0,28.0,true,114.61,true
2020-09-21,2020,39,Watertown Town,7,121,89,32,121,0,0,2.9,true,41.72,false
2020-09-28,2020,40,Arlington,7,202,119,83,202,0,0,3.9,true,51.79,false
2020-09-28,2020,40,Boston,7,42637,29303,13334,42637,0,0,209.0,true,204.0,true
2020-09-28,2020,40,Brookline,7,2349,1731,618,2349,0,0,14.0,true,167.79,true
2020-09-28,2020,40,Cambridge,7,20363,16777,3586,20363,0,0,65.0,true,313.28,true
2020-09-28,2020,40,Everett,7,236,123,113,236,0,0,9.0,true,26.22,false
2020-09-28,2020,40,Newton,4,24,9,15,24,0,0,2.5,true,9.6,false
2020-09-28,2020,40,Quincy,1,1,1,0,1,0,0,1.0,true,1.0,false
2020-09-28,2020,40,Somerville,7,3124,2235,889,3124,0,0,28.0,true,111.57,true
2020-09-28,2020,40,Watertown Town,7,106,66,40,106,0,0,2.7,true,39.26,false
2020-10-05,2020,41,Arlington,7,176,82,94,176,0,0,3.9,true,45.13,false
2020-10-05,2020,41,Boston,7,41923,27056,14867,41923,0,0,208.0,true,201.55,true
2020-10-05,2020,41,Brookline,7,2277,1646,631,2277,0,0,14.0,true,162.64,true
2020-10-05,2020,41,Cambridge,7,19720,15786,3934,19720,0,0,66.3,true,297.44,true
2020-10-05,2020,41,Everett,7,257,142,115,257,0,0,9.4,true,27.34,false
2020-10-05,2020,41,Newton,6,44,16,28,44,0,0,3.3,true,13.33,false
2020-10-05,2020,41,Quincy,1,1,0,1,1,0,0,1.0,true,1.0,false
2020-10-05,2020,41,Somerville,7,2974,2093,881,2974,0,0,28.0,true,106.21,true
2020-10-05,2020,41,Watertown Town,7,119,60,59,119,0,0,3.4,true,35.0,false
2020-10-12,2020,42,Arlington,7,167,93,74,167,0,0,4.1,true,40.73,false
2020-10-12,2020,42,Boston,7,30630,21282,9348,30630,0,0,200.0,true,153.15,true
2020-10-12,2020,42,Brookline,7,1691,1309,382,1691,0,0,13.1,true,129.08,true
2020-10-12,2020,42,Cambridge,7,15194,12541,2653,15194,0,0,67.1,true,226.44,true
2020-10-12,2020,42,Everett,7,175,110,65,175,0,0,8.6,true,20.35,false
2020-10-12,2020,42,Newton,6,51,26,25,51,0,0,4.3,true,11.86,false
2020-10-12,2020,42,Quincy,2,2,1,1,2,0,0,1.0,true,2.0,false
2020-10-12,2020,42,Somerville,7,2148,1635,513,2148,0,0,27.7,true,77.55,true
2020-10-12,2020,42,Watertown Town,7,100,54,46,100,0,0,3.3,true,30.3,false
2020-10-19,2020,43,Arlington,7,213,139,74,213,0,0,4.7,true,45.32,false
2020-10-19,2020,43,Boston,7,37114,26096,11018,37114,0,0,206.7,true,179.55,true
2020-10-19,2020,43,Brookline,7,1869,1466,403,1869,0,0,12.0,true,155.75,true
2020-10-19,2020,43,Cambridge,7,18472,15318,3154,18472,0,0,68.0,true,271.65,true
2020-10-19,2020,43,Everett,7,207,106,101,207,0,0,9.0,true,23.0,false
2020-10-19,2020,43,Newton,7,77,42,35,77,0,0,4.4,true,17.5,false
2020-10-19,2020,43,Somerville,7,2637,1962,675,2637,0,0,28.0,true,94.18,true
2020-10-19,2020,43,Watertown Town,7,123,69,54,123,0,0,3.7,true,33.24,false
2020-10-26,2020,44,Arlington,7,55,40,15,55,0,0,3.3,true,16.67,false
2020-10-26,2020,44,Boston,7,17906,14364,3542,17906,0,0,185.9,true,96.32,true
2020-10-26,2020,44,Brookline,7,997,808,189,997,0,0,11.7,true,85.21,true
2020-10-26,2020,44,Cambridge,7,10281,9058,1223,10281,0,0,66.7,true,154.14,true
2020-10-26,2020,44,Everett,7,85,62,23,85,0,0,6.4,true,13.28,false
2020-10-26,2020,44,Newton,6,24,15,9,24,0,0,2.7,true,8.89,false
2020-10-26,2020,44,Revere,1,1,0,1,1,0,0,1.0,true,1.0,false
2020-10-26,2020,44,Somerville,7,1374,1137,237,1374,0,0,27.1,true,50.7,true
2020-10-26,2020,44,Watertown Town,6,53,41,12,53,0,0,3.3,true,16.06,false
2020-11-02,2020,45,Arlington,7,233,118,115,233,0,0,4.7,true,49.57,false
2020-11-02,2020,45,Boston,7,31881,21524,10357,31881,0,0,198.9,true,160.29,true
2020-11-02,2020,45,Brookline,7,1699,1252,447,1699,0,0,12.0,true,141.58,true
2020-11-02,2020,45,Cambridge,7,16156,13015,3141,16156,0,0,67.7,true,238.64,true
2020-11-02,2020,45,Everett,7,144,63,81,144,0,0,7.4,true,19.46,false
2020-11-02,2020,45,Newton,6,74,31,43,74,0,0,5.7,true,12.98,false
2020-11-02,2020,45,Revere,2,4,0,4,4,0,0,1.0,true,4.0,false
2020-11-02,2020,45,Somerville,7,2429,1735,694,2429,0,0,28.9,true,84.05,true
2020-11-02,2020,45,Watertown Town,7,142,70,72,142,0,0,3.7,true,38.38,false
2020-11-09,2020,46,Arlington,7,130,80,50,130,0,0,4.7,true,27.66,false
2020-11-09,2020,46,Boston,7,25467,18575,6892,25467,0,0,186.6,true,136.48,true
2020-11-09,2020,46,Brookline,7,1417,1133,284,1417,0,0,11.9,true,119.08,true
2020-11-09,2020,46,Cambridge,7,13712,11656,2056,13712,0,0,67.7,true,202.54,true
2020-11-09,2020,46,Everett,7,97,41,56,97,0,0,7.1,true,13.66,false
2020-11-09,2020,46,Newton,7,47,26,21,47,0,0,3.4,true,13.82,false
2020-11-09,2020,46,Revere,2,3,1,2,3,0,0,1.0,true,3.0,false
2020-11-09,2020,46,Somerville,7,2221,1742,479,2221,0,0,28.6,true,77.66,true
2020-11-09,2020,46,Watertown Town,7,98,60,38,98,0,0,3.6,true,27.22,false
2020-11-16,2020,47,Arlington,7,132,90,42,132,0,0,4.7,true,28.09,false
2020-11-16,2020,47,Boston,7,20493,15433,5060,20493,0,0,169.6,true,120.83,true
2020-11-16,2020,47,Brookline,7,1336,1075,261,1336,0,0,13.0,true,102.77,true
2020-11-16,2020,47,Cambridge,7,11569,9966,1603,11569,0,0,67.3,true,171.9,true
2020-11-16,2020,47,Everett,7,77,45,32,77,0,0,6.3,true,12.22,false
2020-11-16,2020,47,Newton,6,29,21,8,29,0,0,3.0,true,9.67,false
2020-11-16,2020,47,Revere,4,10,5,5,10,0,0,1.5,true,6.67,false
2020-11-16,2020,47,Somerville,7,1813,1457,356,1813,0,0,28.7,true,63.17,true
2020-11-16,2020,47,Watertown Town,7,85,57,28,85,0,0,3.6,true,23.61,false
2020-11-23,2020,48,Arlington,6,42,28,14,42,0,0,1.3,true,32.31,false
2020-11-23,2020,48,Boston,7,13694,9931,3763,13694,0,0,157.0,true,87.22,true
2020-11-23,2020,48,Brookline,7,1018,827,191,1018,0,0,12.6,true,80.79,true
2020-11-23,2020,48,Cambridge,7,8264,7001,1263,8264,0,0,66.6,true,124.08,true
2020-11-23,2020,48,Everett,7,85,46,39,85,0,0,6.1,true,13.93,false
2020-11-23,2020,48,Newton,7,35,16,19,35,0,0,3.3,true,10.61,false
2020-11-23,2020,48,Quincy,1,1,0,1,1,0,0,1.0,true,1.0,false
2020-11-23,2020,48,Revere,2,2,1,1,2,0,0,1.0,true,2.0,false
2020-11-23,2020,48,Somerville,7,1275,974,301,1275,0,0,28.3,true,45.05,true
2020-11-23,2020,48,Watertown Town,6,72,53,19,72,0,0,3.7,true,19.46,false
2020-11-30,2020,49,Arlington,5,18,17,1,18,0,0,1.0,true,18.0,false
2020-11-30,2020,49,Boston,7,12526,10356,2170,12526,0,0,148.0,true,84.64,true
2020-11-30,2020,49,Brookline,7,809,710,99,809,0,0,7.4,true,109.32,true
2020-11-30,2020,49,Cambridge,7,7445,6693,752,7445,0,0,65.1,true,114.36,true
2020-11-30,2020,49,Everett,6,64,46,18,64,0,0,6.3,true,10.16,false
2020-11-30,2020,49,Newton,5,19,14,5,19,0,0,2.6,true,7.31,false
2020-11-30,2020,49,Quincy,1,1,0,1,1,0,0,1.0,true,1.0,false
2020-11-30,2020,49,Revere,2,3,1,2,3,0,0,1.5,true,2.0,false
2020-11-30,2020,49,Somerville,7,1131,975,156,1131,0,0,25.6,true,44.18,true
2020-11-30,2020,49,Watertown Town,7,52,39,13,52,0,0,2.9,true,17.93,false
2020-12-07,2020,50,Arlington,7,29,23,6,29,0,0,1.0,true,29.0,false
2020-12-07,2020,50,Boston,7,13321,10596,2725,13321,0,0,154.6,true,86.16,true
2020-12-07,2020,50,Brookline,7,829,733,96,829,0,0,8.4,true,98.69,true
2020-12-07,2020,50,Cambridge,7,8257,7385,872,8257,0,0,67.0,true,123.24,true
2020-12-07,2020,50,Everett,7,68,45,23,68,0,0,4.9,true,13.88,false
2020-12-07,2020,50,Newton,7,11,6,5,11,0,0,1.6,true,6.88,false
2020-12-07,2020,50,Quincy,2,4,0,4,4,0,0,1.0,true,4.0,false
2020-12-07,2020,50,Revere,2,3,0,3,3,0,0,1.0,true,3.0,false
2020-12-07,2020,50,Somerville,7,1128,941,187,1128,0,0,24.1,true,46.8,true
2020-12-07,2020,50,Watertown Town,7,70,50,20,70,0,0,3.4,true,20.59,false
2020-12-14,2020,51,Arlington,5,14,13,1,14,0,0,1.0,true,14.0,false
2020-12-14,2020,51,Boston,7,5763,5047,716,5763,0,0,118.6,true,48.59,true
2020-12-14,2020,51,Brookline,7,465,407,58,465,0,0,7.0,true,66.43,true
2020-12-14,2020,51,Cambridge,7,4369,4005,364,4369,0,0,60.9,true,71.74,true
2020-12-14,2020,51,Everett,5,20,13,7,20,0,0,2.8,true,7.14,false
2020-12-14,2020,51,Newton,3,6,4,2,6,0,0,2.0,true,3.0,false
2020-12-14,2020,51,Somerville,7,607,538,69,607,0,0,20.1,true,30.2,true
2020-12-14,2020,51,Watertown Town,6,23,18,5,23,0,0,2.5,true,9.2,false
2020-12-21,2020,52,Arlington,6,14,10,4,14,0,0,1.0,true,14.0,false
2020-12-21,2020,52,Boston,7,5524,4522,1002,5524,0,0,126.1,true,43.81,true
2020-12-21,2020,52,Brookline,7,415,367,48,415,0,0,7.1,true,58.45,true
2020-12-21,2020,52,Cambridge,7,4178,3732,446,4178,0,0,62.4,true,66.96,true
2020-12-21,2020,52,Everett,6,44,36,8,44,0,0,4.0,true,11.0,false
2020-12-21,2020,52,Newton,6,16,8,8,16,0,0,2.3,true,6.96,false
2020-12-21,2020,52,Quincy,3,3,0,3,3,0,0,1.0,true,3.0,false
2020-12-21,2020,52,Revere,1,2,2,0,2,0,0,1.0,true,2.0,false
2020-12-21,2020,52,Somerville,7,642,548,94,642,0,0,22.7,true,28.28,true
2020-12-21,2020,52,Watertown Town,6,33,24,9,33,0,0,3.2,true,10.31,false
2020-12-28,2020,53,Arlington,6,13,10,3,13,0,0,1.0,true,13.0,false
2020-12-28,2020,53,Boston,7,7223,5351,1872,7223,0,0,142.4,true,50.72,true
2020-12-28,2020,53,Brookline,7,515,429,86,515,0,0,7.6,true,67.76,true
2020-12-28,2020,53,Cambridge,7,4494,3838,656,4494,0,0,65.9,true,68.19,true
2020-12-28,2020,53,Everett,7,47,37,10,47,0,0,5.0,true,9.4,false
2020-12-28,2020,53,Newton,6,33,24,9,33,0,0,3.5,true,9.43,false
2020-12-28,2020,53,Somerville,7,719,585,134,719,0,0,22.6,true,31.81,true
2020-12-28,2020,53,Watertown Town,7,57,46,11,57,0,0,3.4,true,16.76,false
2021-01-04,2021,1,Arlington,7,22,15,7,22,0,0,1.0,true,22.0,false
2021-01-04,2021,1,Boston,7,8733,7291,1442,8733,0,0,146.4,true,59.65,true
2021-01-04,2021,1,Brookline,7,617,549,68,617,0,0,7.6,true,81.18,true
2021-01-04,2021,1,Cambridge,7,6048,5426,622,6048,0,0,66.3,true,91.22,true
2021-01-04,2021,1,Everett,7,51,32,19,51,0,0,4.4,true,11.59,false
2021-01-04,2021,1,Newton,5,13,10,3,13,0,0,2.2,true,5.91,false
2021-01-04,2021,1,Quincy,1,2,0,2,2,0,0,1.0,true,2.0,false
2021-01-04,2021,1,Revere,2,8,7,1,8,0,0,1.5,true,5.33,false
2021-01-04,2021,1,Somerville,7,842,693,149,842,0,0,24.3,true,34.65,true
2021-01-04,2021,1,Watertown Town,7,56,42,14,56,0,0,2.7,true,20.74,false
2021-01-11,2021,2,Arlington,7,26,22,4,26,0,0,1.0,true,26.0,false
2021-01-11,2021,2,Boston,7,9798,7999,1799,9798,0,0,148.0,true,66.2,true
2021-01-11,2021,2,Brookline,7,672,595,77,672,0,0,8.0,true,84.0,true
2021-01-11,2021,2,Cambridge,7,6915,6292,623,6915,0,0,66.7,true,103.67,true
2021-01-11,2021,2,Everett,7,71,47,24,71,0,0,5.7,true,12.46,false
2021-01-11,2021,2,Newton,7,29,21,8,29,0,0,2.7,true,10.74,false
2021-01-11,2021,2,Somerville,7,890,724,166,890,0,0,24.3,true,36.63,true
2021-01-11,2021,2,Watertown Town,7,69,59,10,69,0,0,3.3,true,20.91,false
2021-01-18,2021,3,Arlington,7,22,11,11,22,0,0,1.0,true,22.0,false
2021-01-18,2021,3,Boston,7,10222,8430,1792,10222,0,0,146.6,true,69.73,true
2021-01-18,2021,3,Brookline,7,706,595,111,706,0,0,8.0,true,88.25,true
2021-01-18,2021,3,Cambridge,7,7315,6607,708,7315,0,0,66.7,true,109.67,true
2021-01-18,2021,3,Everett,7,53,35,18,53,0,0,5.0,true,10.6,false
2021-01-18,2021,3,Newton,7,33,26,7,33,0,0,2.9,true,11.38,false
2021-01-18,2021,3,Revere,2,2,2,0,2,0,0,1.0,true,2.0,false
2021-01-18,2021,3,Somerville,7,831,673,158,831,0,0,23.7,true,35.06,true
2021-01-18,2021,3,Watertown Town,7,51,42,9,51,0,0,3.0,true,17.0,false
2021-01-25,2021,4,Arlington,6,15,11,4,15,0,0,1.0,true,15.0,false
2021-01-25,2021,4,Boston,7,6485,5748,737,6485,0,0,129.4,true,50.12,true
2021-01-25,2021,4,Brookline,7,449,395,54,449,0,0,7.7,true,58.31,true
2021-01-25,2021,4,Cambridge,7,4952,4619,333,4952,0,0,64.1,true,77.25,true
2021-01-25,2021,4,Everett,6,21,13,8,21,0,0,3.0,true,7.0,false
2021-01-25,2021,4,Newton,7,20,18,2,20,0,0,2.6,true,7.69,false
2021-01-25,2021,4,Somerville,7,588,511,77,588,0,0,21.9,true,26.85,true
2021-01-25,2021,4,Watertown Town,6,28,23,5,28,0,0,2.2,true,12.73,false
2021-02-01,2021,5,Arlington,3,6,4,2,6,0,0,1.0,true,6.0,false
2021-02-01,2021,5,Boston,7,7411,6378,1033,7411,0,0,133.6,true,55.47,true
2021-02-01,2021,5,Brookline,7,500,424,76,500,0,0,7.9,true,63.29,true
2021-02-01,2021,5,Cambridge,7,5204,4778,426,5204,0,0,62.6,true,83.13,true
2021-02-01,2021,5,Everett,7,42,29,13,42,0,0,3.7,true,11.35,false
2021-02-01,2021,5,Newton,6,12,11,1,12,0,0,1.8,true,6.67,false
2021-02-01,2021,5,Somerville,7,642,518,124,642,0,0,22.9,true,28.03,true
2021-02-01,2021,5,Watertown Town,7,43,35,8,43,0,0,2.6,true,16.54,false
2021-02-08,2021,6,Arlington,3,3,1,2,3,0,0,1.0,true,3.0,false
2021-02-08,2021,6,Boston,7,7289,6374,915,7289,0,0,133.7,true,54.52,true
2021-02-08,2021,6,Brookline,7,463,397,66,463,0,0,7.7,true,60.13,true
2021-02-08,2021,6,Cambridge,7,5466,5035,431,5466,0,0,65.3,true,83.71,true
2021-02-08,2021,6,Everett,7,42,29,13,42,0,0,4.1,true,10.24,false
2021-02-08,2021,6,Newton,2,2,1,1,2,0,0,1.0,true,2.0,false
2021-02-08,2021,6,Somerville,7,589,516,73,589,0,0,21.7,true,27.14,true
2021-02-08,2021,6,Watertown Town,7,33,24,9,33,0,0,2.4,true,13.75,false
2021-02-15,2021,7,Arlington,5,9,6,3,9,0,0,1.0,true,9.0,false
2021-02-15,2021,7,Boston,7,6337,5386,951,6337,0,0,132.9,true,47.68,true
2021-02-15,2021,7,Brookline,7,378,343,35,378,0,0,7.6,true,49.74,true
2021-02-15,2021,7,Cambridge,7,5113,4755,358,5113,0,0,64.0,true,79.89,true
2021-02-15,2021,7,Everett,7,40,29,11,40,0,0,3.3,true,12.12,false
2021-02-15,2021,7,Newton,2,2,1,1,2,0,0,1.0,true,2.0,false
2021-02-15,2021,7,Somerville,7,640,557,83,640,0,0,23.0,true,27.83,true
2021-02-15,2021,7,Watertown Town,7,31,29,2,31,0,0,2.9,true,10.69,false
2021-02-22,2021,8,Arlington,5,14,6,8,14,0,0,1.0,true,14.0,false
2021-02-22,2021,8,Boston,7,10526,8324,2202,10526,0,0,149.0,true,70.64,true
2021-02-22,2021,8,Brookline,7,673,566,107,673,0,0,8.0,true,84.12,true
2021-02-22,2021,8,Cambridge,7,7831,7035,796,7831,0,0,66.6,true,117.58,true
2021-02-22,2021,8,Everett,7,61,36,25,61,0,0,5.3,true,11.51,false
2021-02-22,2021,8,Newton,6,11,7,4,11,0,0,1.7,true,6.47,false
2021-02-22,2021,8,Revere,1,3,0,3,3,0,0,2.0,true,1.5,false
2021-02-22,2021,8,Somerville,7,929,745,184,929,0,0,23.6,true,39.36,true
2021-02-22,2021,8,Watertown Town,7,40,32,8,40,0,0,3.3,true,12.12,false
2021-03-01,2021,9,Arlington,5,21,17,4,21,0,0,1.0,true,21.0,false
2021-03-01,2021,9,Boston,7,9867,7938,1929,9867,0,0,145.0,true,68.05,true
2021-03-01,2021,9,Brookline,7,663,540,123,663,0,0,8.0,true,82.88,true
2021-03-01,2021,9,Cambridge,7,7980,7233,747,7980,0,0,65.7,true,121.46,true
2021-03-01,2021,9,Chelsea,5,17,12,5,17,0,0,2.0,true,8.5,false
2021-03-01,2021,9,Everett,7,61,40,21,61,0,0,4.6,true,13.26,false
2021-03-01,2021,9,Newton,3,4,3,1,4,0,0,1.3,true,3.08,false
2021-03-01,2021,9,Somerville,7,962,793,169,962,0,0,24.3,true,39.59,true
2021-03-01,2021,9,Watertown Town,7,44,29,15,44,0,0,2.9,true,15.17,false
2021-03-08,2021,10,Arlington,7,36,22,14,36,0,0,1.0,true,36.0,false
2021-03-08,2021,10,Boston,7,17239,11874,5365,17239,0,0,159.7,true,107.95,true
2021-03-08,2021,10,Brookline,7,891,680,211,891,0,0,8.0,true,111.38,true
2021-03-08,2021,10,Cambridge,7,11794,9992,1802,11794,0,0,67.6,true,174.47,true
2021-03-08,2021,10,Chelsea,7,28,8,20,28,0,0,2.0,true,14.0,false
2021-03-08,2021,10,Everett,7,121,62,59,121,0,0,7.0,true,17.29,false
2021-03-08,2021,10,Newton,7,30,10,20,30,0,0,3.1,true,9.68,false
2021-03-08,2021,10,Revere,4,11,2,9,11,0,0,1.2,true,9.17,false
2021-03-08,2021,10,Somerville,7,1470,1142,328,1470,0,0,24.4,true,60.25,true
2021-03-08,2021,10,Watertown Town,7,112,65,47,112,0,0,4.4,true,25.45,false
2021-03-15,2021,11,Arlington,6,38,14,24,38,0,0,1.0,true,38.0,false
2021-03-15,2021,11,Boston,7,16809,10656,6153,16809,0,0,155.4,true,108.17,true
2021-03-15,2021,11,Brookline,7,906,636,270,906,0,0,8.0,true,113.25,true
2021-03-15,2021,11,Cambridge,7,11105,9056,2049,11105,0,0,67.4,true,164.76,true
2021-03-15,2021,11,Chelsea,6,46,22,24,46,0,0,3.3,true,13.94,false
2021-03-15,2021,11,Everett,7,135,53,82,135,0,0,6.4,true,21.09,false
2021-03-15,2021,11,Newton,6,40,24,16,40,0,0,3.5,true,11.43,false
2021-03-15,2021,11,Revere,2,5,0,5,5,0,0,1.5,true,3.33,false
2021-03-15,2021,11,Somerville,7,1529,1066,463,1529,0,0,26.7,true,57.27,true
2021-03-15,2021,11,Watertown Town,7,106,56,50,106,0,0,4.1,true,25.85,false
2021-03-22,2021,12,Arlington,7,61,30,31,61,0,0,1.0,true,61.0,false
2021-03-22,2021,12,Boston,7,23270,14411,8859,23270,0,0,166.9,true,139.42,true
2021-03-22,2021,12,Brookline,7,1146,783,363,1146,0,0,8.0,true,143.25,true
2021-03-22,2021,12,Cambridge,7,13559,10827,2732,13559,0,0,67.1,true,202.07,true
2021-03-22,2021,12,Chelsea,7,30,12,18,30,0,0,3.0,true,10.0,false
2021-03-22,2021,12,Everett,7,192,79,113,192,0,0,9.0,true,21.33,false
2021-03-22,2021,12,Newton,7,38,17,21,38,0,0,3.3,true,11.52,false
2021-03-22,2021,12,Revere,2,3,0,3,3,0,0,1.0,true,3.0,false
2021-03-22,2021,12,Somerville,7,2129,1472,657,2129,0,0,28.4,true,74.96,true
2021-03-22,2021,12,Watertown Town,7,154,89,65,154,0,0,4.7,true,32.77,false
2021-03-29,2021,13,Arlington,7,56,26,30,56,0,0,1.0,true,56.0,false
2021-03-29,2021,13,Boston,7,20273,13036,7237,20273,0,0,166.4,true,121.83,true
2021-03-29,2021,13,Brookline,7,1188,759,429,1188,0,0,9.6,true,123.75,true
2021-03-29,2021,13,Cambridge,7,12612,10229,2383,12612,0,0,67.4,true,187.12,true
2021-03-29,2021,13,Chelsea,7,67,41,26,67,0,0,3.1,true,21.61,false
2021-03-29,2021,13,Everett,7,120,59,61,120,0,0,7.3,true,16.44,false
2021-03-29,2021,13,Newton,7,40,20,20,40,0,0,3.1,true,12.9,false
2021-03-29,2021,13,Revere,4,8,0,8,8,0,0,1.5,true,5.33,false
2021-03-29,2021,13,Somerville,7,1745,1313,432,1745,0,0,28.4,true,61.44,true
2021-03-29,2021,13,Watertown Town,7,135,82,53,135,0,0,4.9,true,27.55,false
2021-04-05,2021,14,Arlington,7,180,103,77,180,0,0,3.4,true,52.94,false
2021-04-05,2021,14,Boston,7,28654,17490,11164,28654,0,0,174.0,true,164.68,true
2021-04-05,2021,14,Brookline,7,1589,1100,489,1589,0,0,12.0,true,132.42,true
2021-04-05,2021,14,Cambridge,7,16175,12744,3431,16175,0,0,68.0,true,237.87,true
2021-04-05,2021,14,Chelsea,7,76,25,51,76,0,0,3.9,true,19.49,false
2021-04-05,2021,14,Everett,7,180,75,105,180,0,0,8.0,true,22.5,false
2021-04-05,2021,14,Newton,7,65,33,32,65,0,0,4.9,true,13.27,false
2021-04-05,2021,14,Revere,5,17,2,15,17,0,0,1.6,true,10.62,false
2021-04-05,2021,14,Somerville,7,2253,1566,687,2253,0,0,28.7,true,78.5,true
2021-04-05,2021,14,Watertown Town,7,175,122,53,175,0,0,5.4,true,32.41,false
2021-04-12,2021,15,Arlington,7,116,69,47,116,0,0,4.4,true,26.36,false
2021-04-12,2021,15,Boston,7,20152,14133,6019,20152,0,0,172.9,true,116.55,true
2021-04-12,2021,15,Brookline,7,1249,936,313,1249,0,0,11.6,true,107.67,true
2021-04-12,2021,15,Cambridge,7,12036,10023,2013,12036,0,0,66.4,true,181.27,true
2021-04-12,2021,15,Chelsea,7,42,17,25,42,0,0,3.6,true,11.67,false
2021-04-12,2021,15,Everett,7,119,56,63,119,0,0,7.4,true,16.08,false
2021-04-12,2021,15,Newton,6,28,15,13,28,0,0,3.0,true,9.33,false
2021-04-12,2021,15,Revere,6,12,0,12,12,0,0,1.5,true,8.0,false
2021-04-12,2021,15,Somerville,7,1745,1302,443,1745,0,0,28.0,true,62.32,true
2021-04-12,2021,15,Watertown Town,7,127,101,26,127,0,0,5.0,true,25.4,false
2021-04-19,2021,16,Arlington,7,216,112,104,216,0,0,5.1,true,42.35,false
2021-04-19,2021,16,Boston,7,32157,18677,13480,32157,0,0,195.0,true,164.91,true
2021-04-19,2021,16,Brookline,7,1650,1081,569,1650,0,0,12.0,true,137.5,true
2021-04-19,2021,16,Cambridge,7,16176,12438,3738,16176,0,0,67.9,true,238.23,true
2021-04-19,2021,16,Chelsea,7,64,25,39,64,0,0,4.6,true,13.91,false
2021-04-19,2021,16,Everett,7,168,69,99,168,0,0,8.6,true,19.53,false
2021-04-19,2021,16,Newton,7,49,20,29,49,0,0,3.0,true,16.33,false
2021-04-19,2021,16,Revere,4,15,2,13,15,0,0,1.5,true,10.0,false
2021-04-19,2021,16,Somerville,7,2343,1575,768,2343,0,0,28.4,true,82.5,true
2021-04-19,2021,16,Watertown Town,7,181,122,59,181,0,0,5.4,true,33.52,false
2021-04-26,2021,17,Arlington,7,190,95,95,190,0,0,5.6,true,33.93,false
2021-04-26,2021,17,Boston,7,29272,18301,10971,29272,0,0,198.3,true,147.61,true
2021-04-26,2021,17,Brookline,7,1594,1117,477,1594,0,0,11.9,true,133.95,true
2021-04-26,2021,17,Cambridge,7,16342,12974,3368,16342,0,0,67.9,true,240.68,true
2021-04-26,2021,17,Chelsea,7,52,22,30,52,0,0,3.7,true,14.05,false
2021-04-26,2021,17,Everett,7,198,79,119,198,0,0,8.4,true,23.57,false
2021-04-26,2021,17,Newton,7,59,30,29,59,0,0,4.3,true,13.72,false
2021-04-26,2021,17,Revere,4,4,2,2,4,0,0,1.0,true,4.0,false
2021-04-26,2021,17,Somerville,7,2351,1664,687,2351,0,0,28.7,true,81.92,true
2021-04-26,2021,17,Watertown Town,7,184,111,73,184,0,0,5.9,true,31.19,false
2021-05-03,2021,18,Arlington,7,170,102,68,170,0,0,4.9,true,34.69,false
2021-05-03,2021,18,Boston,7,29435,18568,10867,29435,0,0,197.0,true,149.42,true
2021-05-03,2021,18,Brookline,7,1558,1102,456,1558,0,0,11.9,true,130.92,true
2021-05-03,2021,18,Cambridge,7,16967,13482,3485,16967,0,0,67.7,true,250.62,true
2021-05-03,2021,18,Chelsea,7,38,10,28,38,0,0,3.4,true,11.18,false
2021-05-03,2021,18,Everett,7,164,66,98,164,0,0,8.3,true,19.76,false
2021-05-03,2021,18,Newton,7,36,20,16,36,0,0,3.4,true,10.59,false
2021-05-03,2021,18,Revere,5,13,3,10,13,0,0,1.8,true,7.22,false
2021-05-03,2021,18,Somerville,7,2456,1749,707,2456,0,0,28.7,true,85.57,true
2021-05-03,2021,18,Watertown Town,7,195,115,80,195,0,0,5.6,true,34.82,false
2021-05-10,2021,19,Arlington,7,299,153,146,299,0,0,5.7,true,52.46,false
2021-05-10,2021,19,Boston,7,40970,23347,17623,40970,0,0,207.6,true,197.35,true
2021-05-10,2021,19,Brookline,7,2028,1286,742,2028,0,0,12.0,true,169.0,true
2021-05-10,2021,19,Cambridge,7,21819,16582,5237,21819,0,0,68.0,true,320.87,true
2021-05-10,2021,19,Chelsea,7,58,14,44,58,0,0,4.4,true,13.18,false
2021-05-10,2021,19,Everett,7,251,107,144,251,0,0,9.4,true,26.7,false
2021-05-10,2021,19,Newton,7,71,31,40,71,0,0,4.9,true,14.49,false
2021-05-10,2021,19,Revere,7,16,4,12,16,0,0,1.4,true,11.43,false
2021-05-10,2021,19,Somerville,7,3194,2113,1081,3194,0,0,29.0,true,110.14,true
2021-05-10,2021,19,Watertown Town,7,272,154,118,272,0,0,6.0,true,45.33,false
2021-05-17,2021,20,Arlington,7,282,151,131,282,0,0,5.7,true,49.47,false
2021-05-17,2021,20,Boston,7,43113,24856,18257,43113,0,0,208.4,true,206.88,true
2021-05-17,2021,20,Brookline,7,2040,1310,730,2040,0,0,12.0,true,170.0,true
2021-05-17,2021,20,Cambridge,7,23230,17910,5320,23230,0,0,68.0,true,341.62,true
2021-05-17,2021,20,Chelsea,7,74,31,43,74,0,0,4.3,true,17.21,false
2021-05-17,2021,20,Everett,7,281,125,156,281,0,0,10.9,true,25.78,false
2021-05-17,2021,20,Newton,7,84,41,43,84,0,0,5.1,true,16.47,false
2021-05-17,2021,20,Revere,6,25,5,20,25,0,0,1.5,true,16.67,false
2021-05-17,2021,20,Somerville,7,3448,2284,1164,3448,0,0,29.0,true,118.9,true
2021-05-17,2021,20,Watertown Town,7,272,162,110,272,0,0,5.9,true,46.1,false
2021-05-24,2021,21,Arlington,6,175,100,75,175,0,0,5.3,true,33.02,false
2021-05-24,2021,21,Boston,7,30572,20013,10559,30572,0,0,202.1,true,151.27,true
2021-05-24,2021,21,Brookline,7,1519,1104,415,1519,0,0,11.7,true,129.83,true
2021-05-24,2021,21,Cambridge,7,16608,13278,3330,16608,0,0,67.9,true,244.59,true
2021-05-24,2021,21,Chelsea,7,39,15,24,39,0,0,3.3,true,11.82,false
2021-05-24,2021,21,Everett,7,208,89,119,208,0,0,9.1,true,22.86,false
2021-05-24,2021,21,Newton,7,52,36,16,52,0,0,4.6,true,11.3,false
2021-05-24,2021,21,Revere,7,19,4,15,19,0,0,1.3,true,14.62,false
2021-05-24,2021,21,Somerville,7,2390,1722,668,2390,0,0,28.1,true,85.05,true
2021-05-24,2021,21,Watertown Town,7,186,121,65,186,0,0,5.7,true,32.63,false
2021-05-31,2021,22,Arlington,7,244,126,118,244,0,0,5.7,true,42.81,false
2021-05-31,2021,22,Boston,7,39265,23673,15592,39265,0,0,210.4,true,186.62,true
2021-05-31,2021,22,Brookline,7,1846,1210,636,1846,0,0,12.0,true,153.83,true
2021-05-31,2021,22,Cambridge,7,18463,14298,4165,18463,0,0,68.0,true,271.51,true
2021-05-31,2021,22,Chelsea,7,62,31,31,62,0,0,3.9,true,15.9,false
2021-05-31,2021,22,Everett,7,260,121,139,260,0,0,10.1,true,25.74,false
2021-05-31,2021,22,Newton,7,72,33,39,72,0,0,5.7,true,12.63,false
2021-05-31,2021,22,Revere,7,42,8,34,42,0,0,1.9,true,22.11,false
2021-05-31,2021,22,Somerville,7,3121,2180,941,3121,0,0,29.0,true,107.62,true
2021-05-31,2021,22,Watertown Town,7,223,137,86,223,0,0,5.9,true,37.8,false
2021-06-07,2021,23,Arlington,7,257,136,121,257,0,0,5.4,true,47.59,false
2021-06-07,2021,23,Boston,7,46319,26854,19465,46319,0,0,212.4,true,218.07,true
2021-06-07,2021,23,Brookline,7,2261,1507,754,2261,0,0,12.0,true,188.42,true
2021-06-07,2021,23,Cambridge,7,21072,16002,5070,21072,0,0,68.6,true,307.17,true
2021-06-07,2021,23,Chelsea,7,72,37,35,72,0,0,4.6,true,15.65,false
2021-06-07,2021,23,Everett,7,306,132,174,306,0,0,11.0,true,27.82,false
2021-06-07,2021,23,Newton,7,82,45,37,82,0,0,5.4,true,15.19,false
2021-06-07,2021,23,Revere,7,32,9,23,32,0,0,1.7,true,18.82,false
2021-06-07,2021,23,Somerville,7,3736,2546,1190,3736,0,0,30.6,true,122.09,true
2021-06-07,2021,23,Watertown Town,7,289,176,113,289,0,0,5.9,true,48.98,false
2021-06-14,2021,24,Arlington,7,309,165,144,309,0,0,6.0,true,51.5,false
2021-06-14,2021,24,Boston,7,44988,27516,17472,44988,0,0,210.0,true,214.23,true
2021-06-14,2021,24,Brookline,7,2288,1589,699,2288,0,0,12.0,true,190.67,true
2021-06-14,2021,24,Cambridge,7,21534,16594,4940,21534,0,0,68.9,true,312.54,true
2021-06-14,2021,24,Chelsea,7,71,26,45,71,0,0,4.3,true,16.51,false
2021-06-14,2021,24,Everett,7,259,117,142,259,0,0,11.3,true,22.92,false
2021-06-14,2021,24,Newton,7,114,65,49,114,0,0,6.9,true,16.52,false
2021-06-14,2021,24,Revere,7,17,7,10,17,0,0,1.6,true,10.62,false
2021-06-14,2021,24,Salem,5,90,15,75,90,0,0,5.2,true,17.31,false
2021-06-14,2021,24,Somerville,7,3566,2484,1082,3566,0,0,30.7,true,116.16,true
2021-06-14,2021,24,Watertown Town,7,250,134,116,250,0,0,5.6,true,44.64,false
2021-06-21,2021,25,Arlington,7,289,164,125,289,0,0,5.9,true,48.98,false
2021-06-21,2021,25,Boston,7,47383,27991,19392,47383,0,0,211.9,true,223.61,true
2021-06-21,2021,25,Brookline,7,2373,1623,750,2373,0,0,12.0,true,197.75,true
2021-06-21,2021,25,Cambridge,7,22746,17627,5119,22746,0,0,69.0,true,329.65,true
2021-06-21,2021,25,Chelsea,7,71,32,39,71,0,0,4.0,true,17.75,false
2021-06-21,2021,25,Everett,7,301,153,148,301,0,0,10.7,true,28.13,false
2021-06-21,2021,25,Newton,7,168,86,82,168,0,0,8.7,true,19.31,false
2021-06-21,2021,25,Revere,6,25,2,23,25,0,0,1.3,true,19.23,false
2021-06-21,2021,25,Salem,7,115,10,105,115,0,0,5.3,true,21.7,false
2021-06-21,2021,25,Somerville,7,3721,2686,1035,3721,0,0,31.0,true,120.03,true
2021-06-21,2021,25,Watertown Town,7,279,153,126,279,0,0,5.9,true,47.29,false
2021-06-28,2021,26,Arlington,7,169,104,65,169,0,0,5.4,true,31.3,false
2021-06-28,2021,26,Boston,7,30486,20455,10031,30486,0,0,205.3,true,148.49,true
2021-06-28,2021,26,Brookline,7,1546,1110,436,1546,0,0,12.0,true,128.83,true
2021-06-28,2021,26,Cambridge,7,16105,13245,2860,16105,0,0,68.3,true,235.8,true
2021-06-28,2021,26,Chelsea,6,48,23,25,48,0,0,4.0,true,12.0,false
2021-06-28,2021,26,Everett,7,193,106,87,193,0,0,9.1,true,21.21,false
2021-06-28,2021,26,Newton,7,76,33,43,76,0,0,5.9,true,12.88,false
2021-06-28,2021,26,Revere,5,17,4,13,17,0,0,1.4,true,12.14,false
2021-06-28,2021,26,Salem,7,60,8,52,60,0,0,3.4,true,17.65,false
2021-06-28,2021,26,Somerville,7,2629,2044,585,2629,0,0,30.3,true,86.77,true
2021-06-28,2021,26,Watertown Town,7,151,99,52,151,0,0,5.6,true,26.96,false
2021-07-05,2021,27,Arlington,7,310,173,137,310,0,0,5.7,true,54.39,false
2021-07-05,2021,27,Boston,7,40354,23894,16460,40354,0,0,212.6,true,189.81,true
2021-07-05,2021,27,Brookline,7,1947,1340,607,1947,0,0,12.0,true,162.25,true
2021-07-05,2021,27,Cambridge,7,20267,15288,4979,20267,0,0,68.0,true,298.04,true
2021-07-05,2021,27,Chelsea,7,68,21,47,68,0,0,4.1,true,16.59,false
2021-07-05,2021,27,Everett,7,276,123,153,276,0,0,11.0,true,25.09,false
2021-07-05,2021,27,Newton,7,141,60,81,141,0,0,8.9,true,15.84,false
2021-07-05,2021,27,Revere,6,18,11,7,18,0,0,1.3,true,13.85,false
2021-07-05,2021,27,Salem,7,152,36,116,152,0,0,4.0,true,38.0,false
2021-07-05,2021,27,Somerville,7,3509,2508,1001,3509,0,0,31.4,true,111.75,true
2021-07-05,2021,27,Watertown Town,7,239,121,118,239,0,0,5.4,true,44.26,false
2021-07-12,2021,28,Arlington,7,246,141,105,246,0,0,5.7,true,43.16,false
2021-07-12,2021,28,Boston,7,40492,25974,14518,40492,0,0,210.9,true,192.0,true
2021-07-12,2021,28,Brookline,7,1895,1376,519,1895,0,0,12.0,true,157.92,true
2021-07-12,2021,28,Cambridge,7,20997,16628,4369,20997,0,0,68.6,true,306.08,true
2021-07-12,2021,28,Chelsea,7,63,30,33,63,0,0,3.6,true,17.5,false
2021-07-12,2021,28,Everett,7,254,144,110,254,0,0,10.9,true,23.3,false
2021-07-12,2021,28,Newton,7,151,71,80,151,0,0,8.7,true,17.36,false
2021-07-12,2021,28,Revere,5,12,2,10,12,0,0,1.2,true,10.0,false
2021-07-12,2021,28,Salem,7,129,28,101,129,0,0,4.9,true,26.33,false
2021-07-12,2021,28,Somerville,7,3610,2684,926,3610,0,0,31.9,true,113.17,true
2021-07-12,2021,28,Watertown Town,7,240,114,126,240,0,0,5.7,true,42.11,false
2021-07-19,2021,29,Arlington,7,320,184,136,320,0,0,6.0,true,53.33,false
2021-07-19,2021,29,Boston,7,49342,29572,19770,49342,0,0,216.4,true,228.01,true
2021-07-19,2021,29,Brookline,7,2302,1585,717,2302,0,0,12.4,true,185.65,true
2021-07-19,2021,29,Cambridge,7,23479,18070,5409,23479,0,0,69.0,true,340.28,true
2021-07-19,2021,29,Chelsea,7,77,31,46,77,0,0,4.6,true,16.74,false
2021-07-19,2021,29,Everett,7,345,185,160,345,0,0,11.3,true,30.53,false
2021-07-19,2021,29,Newton,7,212,91,121,212,0,0,10.3,true,20.58,false
2021-07-19,2021,29,Revere,7,13,1,12,13,0,0,1.1,true,11.82,false
2021-07-19,2021,29,Salem,7,122,23,99,122,0,0,5.0,true,24.4,false
2021-07-19,2021,29,Somerville,7,4409,3179,1230,4409,0,0,32.0,true,137.78,true
2021-07-19,2021,29,Watertown Town,7,287,162,125,287,0,0,5.9,true,48.64,false
2021-07-26,2021,30,Arlington,7,289,179,110,289,0,0,5.9,true,48.98,false
2021-07-26,2021,30,Boston,7,49974,30352,19622,49974,0,0,215.7,true,231.68,true
2021-07-26,2021,30,Brookline,7,2299,1546,753,2299,0,0,14.0,true,164.21,true
2021-07-26,2021,30,Cambridge,7,23546,18146,5400,23546,0,0,70.6,true,333.51,true
2021-07-26,2021,30,Chelsea,7,89,38,51,89,0,0,4.9,true,18.16,false
2021-07-26,2021,30,Everett,7,348,191,157,348,0,0,11.1,true,31.35,false
2021-07-26,2021,30,Newton,7,251,115,136,251,0,0,11.4,true,22.02,false
2021-07-26,2021,30,Revere,6,29,5,24,29,0,0,1.8,true,16.11,false
2021-07-26,2021,30,Salem,7,127,39,88,127,0,0,5.1,true,24.9,false
2021-07-26,2021,30,Somerville,7,4173,3004,1169,4173,0,0,32.0,true,130.41,true
2021-07-26,2021,30,Watertown Town,7,308,178,130,308,0,0,5.9,true,52.2,false
2021-08-02,2021,31,Arlington,7,292,183,109,292,0,0,5.9,true,49.49,false
2021-08-02,2021,31,Boston,7,47245,29028,18217,47245,0,0,217.6,true,217.12,true
2021-08-02,2021,31,Brookline,7,2372,1665,707,2372,0,0,14.0,true,169.43,true
2021-08-02,2021,31,Cambridge,7,22557,17168,5389,22557,0,0,71.0,true,317.7,true
2021-08-02,2021,31,Chelsea,7,79,29,50,79,0,0,4.3,true,18.37,false
2021-08-02,2021,31,Everett,7,324,169,155,324,0,0,11.0,true,29.45,false
2021-08-02,2021,31,Newton,7,219,115,104,219,0,0,10.3,true,21.26,false
2021-08-02,2021,31,Revere,7,32,11,21,32,0,0,1.6,true,20.0,false
2021-08-02,2021,31,Salem,7,123,32,91,123,0,0,4.4,true,27.95,false
2021-08-02,2021,31,Somerville,7,3943,2756,1187,3943,0,0,32.0,true,123.22,true
2021-08-02,2021,31,Watertown Town,7,325,196,129,325,0,0,6.3,true,51.59,false
2021-08-09,2021,32,Arlington,7,288,191,97,288,0,0,6.0,true,48.0,false
2021-08-09,2021,32,Boston,7,48727,29458,19269,48727,0,0,217.3,true,224.24,true
2021-08-09,2021,32,Brookline,7,2431,1621,810,2431,0,0,14.0,true,173.64,true
2021-08-09,2021,32,Cambridge,7,23578,18064,5514,23578,0,0,70.9,true,332.55,true
2021-08-09,2021,32,Chelsea,7,60,33,27,60,0,0,3.4,true,17.65,false
2021-08-09,2021,32,Everett,7,320,138,182,320,0,0,11.0,true,29.09,false
2021-08-09,2021,32,Newton,7,220,108,112,220,0,0,11.3,true,19.47,false
2021-08-09,2021,32,Revere,6,23,8,15,23,0,0,1.5,true,15.33,false
2021-08-09,2021,32,Salem,7,79,28,51,79,0,0,4.0,true,19.75,false
2021-08-09,2021,32,Somerville,7,4118,2856,1262,4118,0,0,32.0,true,128.69,true
2021-08-09,2021,32,Watertown Town,7,300,171,129,300,0,0,6.3,true,47.62,false
2021-08-16,2021,33,Arlington,7,300,180,120,300,0,0,5.9,true,50.85,false
2021-08-16,2021,33,Boston,7,45165,28017,17148,45165,0,0,214.4,true,210.66,true
2021-08-16,2021,33,Brookline,7,2295,1583,712,2295,0,0,14.0,true,163.93,true
2021-08-16,2021,33,Cambridge,7,22718,17679,5039,22718,0,0,71.0,true,319.97,true
2021-08-16,2021,33,Chelsea,7,94,38,56,94,0,0,4.3,true,21.86,false
2021-08-16,2021,33,Everett,7,282,131,151,282,0,0,10.6,true,26.6,false
2021-08-16,2021,33,Newton,7,187,88,99,187,0,0,9.7,true,19.28,false
2021-08-16,2021,33,Revere,6,17,1,16,17,0,0,1.3,true,13.08,false
2021-08-16,2021,33,Salem,7,114,26,88,114,0,0,5.3,true,21.51,false
2021-08-16,2021,33,Somerville,7,3847,2735,1112,3847,0,0,31.9,true,120.6,true
2021-08-16,2021,33,Watertown Town,7,303,171,132,303,0,0,6.1,true,49.67,false
2021-08-23,2021,34,Arlington,7,325,208,117,325,0,0,5.7,true,57.02,false
2021-08-23,2021,34,Boston,7,48258,30035,18223,48258,0,0,218.7,true,220.66,true
2021-08-23,2021,34,Brookline,7,2514,1715,799,2514,0,0,14.0,true,179.57,true
2021-08-23,2021,34,Cambridge,7,28259,21530,6729,28259,0,0,71.0,true,398.01,true
2021-08-23,2021,34,Chelsea,7,77,39,38,77,0,0,4.6,true,16.74,false
2021-08-23,2021,34,Everett,7,274,165,109,274,0,0,11.0,true,24.91,false
2021-08-23,2021,34,Newton,7,247,125,122,247,0,0,10.6,true,23.3,false
2021-08-23,2021,34,Revere,5,23,1,22,23,0,0,2.4,true,9.58,false
2021-08-23,2021,34,Salem,7,160,41,119,160,0,0,5.7,true,28.07,false
2021-08-23,2021,34,Somerville,7,4228,3002,1226,4228,0,0,32.0,true,132.12,true
2021-08-23,2021,34,Watertown Town,7,287,156,131,287,0,0,5.9,true,48.64,false
2021-08-30,2021,35,Arlington,7,358,200,158,358,0,0,6.0,true,59.67,false
2021-08-30,2021,35,Boston,7,51185,31091,20094,51185,0,0,217.9,true,234.9,true
2021-08-30,2021,35,Brookline,7,2884,1891,993,2884,0,0,14.0,true,206.0,true
2021-08-30,2021,35,Cambridge,7,31063,23845,7218,31063,0,0,71.0,true,437.51,true
2021-08-30,2021,35,Chelsea,7,65,37,28,65,0,0,3.4,true,19.12,false
2021-08-30,2021,35,Everett,7,301,137,164,301,0,0,11.0,true,27.36,false
2021-08-30,2021,35,Newton,7,263,107,156,263,0,0,11.1,true,23.69,false
2021-08-30,2021,35,Revere,7,68,15,53,68,0,0,3.4,true,20.0,false
2021-08-30,2021,35,Salem,7,229,27,202,229,0,0,5.9,true,38.81,false
2021-08-30,2021,35,Somerville,7,4242,3015,1227,4242,0,0,31.9,true,132.98,true
2021-08-30,2021,35,Watertown Town,7,285,167,118,285,0,0,5.6,true,50.89,false
2021-09-06,2021,36,Arlington,7,443,256,187,443,0,0,6.0,true,73.83,false
2021-09-06,2021,36,Boston,7,57845,36148,21697,57845,0,0,217.7,true,265.71,true
2021-09-06,2021,36,Brookline,7,2989,2070,919,2989,0,0,14.0,true,213.5,true
2021-09-06,2021,36,Cambridge,7,36226,28892,7334,36226,0,0,71.4,true,507.37,true
2021-09-06,2021,36,Chelsea,7,66,37,29,66,0,0,3.4,true,19.41,false
2021-09-06,2021,36,Everett,7,304,154,150,304,0,0,10.7,true,28.41,false
2021-09-06,2021,36,Newton,7,321,110,211,321,0,0,10.3,true,31.17,false
2021-09-06,2021,36,Revere,7,74,8,66,74,0,0,2.6,true,28.46,false
2021-09-06,2021,36,Salem,7,174,19,155,174,0,0,5.3,true,32.83,false
2021-09-06,2021,36,Somerville,7,5074,3470,1604,5074,0,0,32.0,true,158.56,true
2021-09-06,2021,36,Watertown Town,7,321,174,147,321,0,0,5.9,true,54.41,false
2021-09-13,2021,37,Arlington,7,396,221,175,396,0,0,6.0,true,66.0,false
2021-09-13,2021,37,Boston,7,57912,39160,18752,57912,0,0,220.0,true,263.24,true
2021-09-13,2021,37,Brookline,7,3340,2398,942,3340,0,0,14.0,true,238.57,true
2021-09-13,2021,37,Cambridge,7,38115,31743,6372,38115,0,0,72.0,true,529.38,true
2021-09-13,2021,37,Chelsea,7,73,37,36,73,0,0,3.3,true,22.12,false
2021-09-13,2021,37,Everett,7,290,167,123,290,0,0,10.3,true,28.16,false
2021-09-13,2021,37,Newton,7,260,108,152,260,0,0,10.9,true,23.85,false
2021-09-13,2021,37,Revere,7,63,27,36,63,0,0,3.0,true,21.0,false
2021-09-13,2021,37,Salem,7,161,35,126,161,0,0,5.3,true,30.38,false
2021-09-13,2021,37,Somerville,7,5007,3658,1349,5007,0,0,31.7,true,157.95,true
2021-09-13,2021,37,Watertown Town,7,315,207,108,315,0,0,6.0,true,52.5,false
2021-09-20,2021,38,Arlington,7,336,203,133,336,0,0,5.6,true,60.0,false
2021-09-20,2021,38,Boston,7,59483,39793,19690,59483,0,0,216.1,true,275.26,true
2021-09-20,2021,38,Brookline,7,3145,2274,871,3145,0,0,14.0,true,224.64,true
2021-09-20,2021,38,Cambridge,7,38383,31772,6611,38383,0,0,72.0,true,533.1,true
2021-09-20,2021,38,Chelsea,7,61,41,20,61,0,0,3.4,true,17.94,false
2021-09-20,2021,38,Everett,7,322,164,158,322,0,0,10.4,true,30.96,false
2021-09-20,2021,38,Newton,7,281,133,148,281,0,0,10.9,true,25.78,false
2021-09-20,2021,38,Revere,7,57,19,38,57,0,0,2.7,true,21.11,false
2021-09-20,2021,38,Salem,7,193,40,153,193,0,0,6.1,true,31.64,false
2021-09-20,2021,38,Somerville,7,5358,3859,1499,5358,0,0,32.0,true,167.44,true
2021-09-20,2021,38,Watertown Town,7,375,237,138,375,0,0,6.6,true,56.82,false
2021-09-27,2021,39,Arlington,7,314,189,125,314,0,0,5.7,true,55.09,false
2021-09-27,2021,39,Boston,7,52323,36296,16027,52323,0,0,217.1,true,241.01,true
2021-09-27,2021,39,Brookline,7,2719,2016,703,2719,0,0,14.0,true,194.21,true
2021-09-27,2021,39,Cambridge,7,33918,28535,5383,33918,0,0,72.0,true,471.08,true
2021-09-27,2021,39,Chelsea,7,58,33,25,58,0,0,4.0,true,14.5,false
2021-09-27,2021,39,Everett,7,263,151,112,263,0,0,10.0,true,26.3,false
2021-09-27,2021,39,Newton,7,188,90,98,188,0,0,9.0,true,20.89,false
2021-09-27,2021,39,Revere,7,42,20,22,42,0,0,2.6,true,16.15,false
2021-09-27,2021,39,Salem,7,176,34,142,176,0,0,5.7,true,30.88,false
2021-09-27,2021,39,Somerville,7,4962,3631,1331,4962,0,0,32.0,true,155.06,true
2021-09-27,2021,39,Watertown Town,7,290,184,106,290,0,0,6.9,true,42.03,false
2021-10-04,2021,40,Arlington,7,259,168,91,259,0,0,5.7,true,45.44,false
2021-10-04,2021,40,Boston,7,49820,33195,16625,49820,0,0,214.6,true,232.15,true
2021-10-04,2021,40,Brookline,7,2571,1825,746,2571,0,0,13.7,true,187.66,true
2021-10-04,2021,40,Cambridge,7,33002,27264,5738,33002,0,0,71.7,true,460.28,true
2021-10-04,2021,40,Chelsea,7,49,33,16,49,0,0,3.1,true,15.81,false
2021-10-04,2021,40,Everett,7,211,123,88,211,0,0,9.4,true,22.45,false
2021-10-04,2021,40,Newton,7,187,89,98,187,0,0,8.3,true,22.53,false
2021-10-04,2021,40,Revere,7,51,22,29,51,0,0,2.9,true,17.59,false
2021-10-04,2021,40,Salem,7,253,36,217,253,0,0,6.4,true,39.53,false
2021-10-04,2021,40,Somerville,7,4603,3403,1200,4603,0,0,32.0,true,143.84,true
2021-10-04,2021,40,Watertown Town,7,305,180,125,305,0,0,6.4,true,47.66,false
2021-10-11,2021,41,Arlington,7,358,192,166,358,0,0,5.9,true,60.68,false
2021-10-11,2021,41,Boston,7,58645,37469,21176,58645,0,0,214.7,true,273.15,true
2021-10-11,2021,41,Brookline,7,3258,2217,1041,3258,0,0,13.6,true,239.56,true
2021-10-11,2021,41,Cambridge,7,37520,30380,7140,37520,0,0,72.0,true,521.11,true
2021-10-11,2021,41,Chelsea,7,67,33,34,67,0,0,3.6,true,18.61,false
2021-10-11,2021,41,Everett,7,270,156,114,270,0,0,9.9,true,27.27,false
2021-10-11,2021,41,Newton,7,339,137,202,339,0,0,10.4,true,32.6,false
2021-10-11,2021,41,Revere,7,63,33,30,63,0,0,2.7,true,23.33,false
2021-10-11,2021,41,Salem,7,386,51,335,386,0,0,6.6,true,58.48,false
2021-10-11,2021,41,Somerville,7,5129,3722,1407,5129,0,0,32.9,true,155.9,true
2021-10-11,2021,41,Watertown Town,7,407,243,164,407,0,0,6.7,true,60.75,false
2021-10-18,2021,42,Arlington,7,308,180,128,308,0,0,5.7,true,54.04,false
2021-10-18,2021,42,Boston,7,54596,36886,17710,54596,0,0,217.4,true,251.13,true
2021-10-18,2021,42,Brookline,7,2865,2017,848,2865,0,0,14.0,true,204.64,true
2021-10-18,2021,42,Cambridge,7,35999,29258,6741,35999,0,0,72.0,true,499.99,true
2021-10-18,2021,42,Chelsea,7,62,28,34,62,0,0,3.7,true,16.76,false
2021-10-18,2021,42,Everett,7,223,129,94,223,0,0,9.1,true,24.51,false
2021-10-18,2021,42,Newton,7,244,104,140,244,0,0,9.7,true,25.15,false
2021-10-18,2021,42,Revere,7,51,21,30,51,0,0,2.9,true,17.59,false
2021-10-18,2021,42,Salem,7,282,41,241,282,0,0,6.0,true,47.0,false
2021-10-18,2021,42,Somerville,7,4761,3585,1176,4761,0,0,32.9,true,144.71,true
2021-10-18,2021,42,Watertown Town,7,378,199,179,378,0,0,6.9,true,54.78,false
2021-10-25,2021,43,Arlington,7,147,90,57,147,0,0,4.7,true,31.28,false
2021-10-25,2021,43,Boston,7,28361,21130,7231,28361,0,0,202.9,true,139.78,true
2021-10-25,2021,43,Brookline,7,1588,1244,344,1588,0,0,13.6,true,116.76,true
2021-10-25,2021,43,Cambridge,7,22155,19345,2810,22155,0,0,71.6,true,309.43,true
2021-10-25,2021,43,Chelsea,7,26,17,9,26,0,0,2.1,true,12.38,false
2021-10-25,2021,43,Everett,7,125,80,45,125,0,0,7.4,true,16.89,false
2021-10-25,2021,43,Newton,7,132,60,72,132,0,0,6.1,true,21.64,false
2021-10-25,2021,43,Revere,7,28,19,9,28,0,0,2.4,true,11.67,false
2021-10-25,2021,43,Salem,7,134,28,106,134,0,0,4.0,true,33.5,false
2021-10-25,2021,43,Somerville,7,2848,2227,621,2848,0,0,32.4,true,87.9,true
2021-10-25,2021,43,Watertown Town,7,141,95,46,141,0,0,5.6,true,25.18,false
2021-11-01,2021,44,Arlington,7,235,138,97,235,0,0,5.7,true,41.23,false
2021-11-01,2021,44,Boston,7,38855,29120,9735,38855,0,0,207.9,true,186.89,true
2021-11-01,2021,44,Brookline,7,2001,1589,412,2001,0,0,14.0,true,142.93,true
2021-11-01,2021,44,Cambridge,7,29034,25082,3952,29034,0,0,73.0,true,397.73,true
2021-11-01,2021,44,Chelsea,7,30,17,13,30,0,0,2.0,true,15.0,false
2021-11-01,2021,44,Everett,7,171,110,61,171,0,0,8.9,true,19.21,false
2021-11-01,2021,44,Newton,7,174,87,87,174,0,0,8.6,true,20.23,false
2021-11-01,2021,44,Revere,7,48,28,20,48,0,0,3.4,true,14.12,false
2021-11-01,2021,44,Salem,7,92,30,62,92,0,0,4.7,true,19.57,false
2021-11-01,2021,44,Somerville,7,3717,2864,853,3717,0,0,32.9,true,112.98,true
2021-11-01,2021,44,Watertown Town,7,224,145,79,224,0,0,6.7,true,33.43,false
2021-11-08,2021,45,Arlington,7,190,132,58,190,0,0,5.6,true,33.93,false
2021-11-08,2021,45,Boston,7,36289,26840,9449,36289,0,0,197.7,true,183.56,true
2021-11-08,2021,45,Brookline,7,2052,1593,459,2052,0,0,14.0,true,146.57,true
2021-11-08,2021,45,Cambridge,7,26172,22487,3685,26172,0,0,72.0,true,363.5,true
2021-11-08,2021,45,Chelsea,7,31,13,18,31,0,0,2.4,true,12.92,false
2021-11-08,2021,45,Everett,7,159,77,82,159,0,0,8.3,true,19.16,false
2021-11-08,2021,45,Newton,7,133,66,67,133,0,0,6.7,true,19.85,false
2021-11-08,2021,45,Revere,7,39,26,13,39,0,0,2.4,true,16.25,false
2021-11-08,2021,45,Salem,7,60,37,23,60,0,0,3.6,true,16.67,false
2021-11-08,2021,45,Somerville,7,3490,2686,804,3490,0,0,32.3,true,108.05,true
2021-11-08,2021,45,Watertown Town,7,188,108,80,188,0,0,6.3,true,29.84,false
2021-11-15,2021,46,Arlington,7,182,128,54,182,0,0,5.6,true,32.5,false
2021-11-15,2021,46,Boston,7,31212,24423,6789,31212,0,0,188.3,true,165.76,true
2021-11-15,2021,46,Brookline,7,1929,1560,369,1929,0,0,14.0,true,137.79,true
2021-11-15,2021,46,Cambridge,7,25183,22287,2896,25183,0,0,72.9,true,345.45,true
2021-11-15,2021,46,Chelsea,7,15,7,8,15,0,0,1.7,true,8.82,false
2021-11-15,2021,46,Everett,7,121,83,38,121,0,0,8.6,true,14.07,false
2021-11-15,2021,46,Newton,7,113,58,55,113,0,0,7.1,true,15.92,false
2021-11-15,2021,46,Revere,7,28,21,7,28,0,0,2.0,true,14.0,false
2021-11-15,2021,46,Salem,7,92,43,49,92,0,0,4.1,true,22.44,false
2021-11-15,2021,46,Somerville,7,3333,2661,672,3333,0,0,31.7,true,105.14,true
2021-11-15,2021,46,Watertown Town,7,158,100,58,158,0,0,5.9,true,26.78,false
2021-11-22,2021,47,Arlington,7,84,50,34,84,0,0,4.3,true,19.53,false
2021-11-22,2021,47,Boston,7,15525,12009,3516,15525,0,0,176.1,true,88.16,true
2021-11-22,2021,47,Brookline,7,1046,874,172,1046,0,0,13.6,true,76.91,true
2021-11-22,2021,47,Cambridge,7,13848,12150,1698,13848,0,0,71.9,true,192.6,true
2021-11-22,2021,47,Chelsea,7,16,7,9,16,0,0,1.9,true,8.42,false
2021-11-22,2021,47,Everett,7,93,55,38,93,0,0,6.6,true,14.09,false
2021-11-22,2021,47,Newton,7,60,26,34,60,0,0,4.3,true,13.95,false
2021-11-22,2021,47,Revere,6,15,10,5,15,0,0,1.8,true,8.33,false
2021-11-22,2021,47,Salem,6,30,22,8,30,0,0,3.5,true,8.57,false
2021-11-22,2021,47,Somerville,7,1897,1551,346,1897,0,0,31.0,true,61.19,true
2021-11-22,2021,47,Watertown Town,7,100,61,39,100,0,0,4.9,true,20.41,false
2021-11-29,2021,48,Arlington,7,124,90,34,124,0,0,4.3,true,28.84,false
2021-11-29,2021,48,Boston,7,23463,19065,4398,23463,0,0,176.4,true,133.01,true
2021-11-29,2021,48,Brookline,7,1539,1293,246,1539,0,0,14.0,true,109.93,true
2021-11-29,2021,48,Cambridge,7,19774,17879,1895,19774,0,0,71.3,true,277.34,true
2021-11-29,2021,48,Chelsea,7,24,11,13,24,0,0,2.6,true,9.23,false
2021-11-29,2021,48,Everett,7,88,65,23,88,0,0,6.6,true,13.33,false
2021-11-29,2021,48,Newton,7,64,39,25,64,0,0,4.9,true,13.06,false
2021-11-29,2021,48,Revere,6,20,14,6,20,0,0,1.8,true,11.11,false
2021-11-29,2021,48,Salem,7,31,23,8,31,0,0,2.9,true,10.69,false
2021-11-29,2021,48,Somerville,7,2757,2307,450,2757,0,0,31.7,true,86.97,true
2021-11-29,2021,48,Watertown Town,7,108,84,24,108,0,0,5.0,true,21.6,false
2021-12-06,2021,49,Arlington,7,72,55,17,72,0,0,2.7,true,26.67,false
2021-12-06,2021,49,Boston,7,19795,16162,3633,19795,0,0,166.1,true,119.18,true
2021-12-06,2021,49,Brookline,7,1340,1138,202,1340,0,0,14.0,true,95.71,true
2021-12-06,2021,49,Cambridge,7,17163,15523,1640,17163,0,0,71.4,true,240.38,true
2021-12-06,2021,49,Chelsea,7,17,5,12,17,0,0,1.9,true,8.95,false
2021-12-06,2021,49,Everett,7,74,56,18,74,0,0,6.4,true,11.56,false
2021-12-06,2021,49,Newton,7,49,31,18,49,0,0,4.3,true,11.4,false
2021-12-06,2021,49,Revere,7,19,13,6,19,0,0,2.0,true,9.5,false
2021-12-06,2021,49,Salem,7,22,14,8,22,0,0,2.4,true,9.17,false
2021-12-06,2021,49,Somerville,7,2258,1903,355,2258,0,0,30.3,true,74.52,true
2021-12-06,2021,49,Watertown Town,7,90,68,22,90,0,0,5.3,true,16.98,false
2021-12-13,2021,50,Arlington,7,76,57,19,76,0,0,2.4,true,31.67,false
2021-12-13,2021,50,Boston,7,19435,15596,3839,19435,0,0,165.0,true,117.79,true
2021-12-13,2021,50,Brookline,7,1357,1152,205,1357,0,0,13.9,true,97.63,true
2021-12-13,2021,50,Cambridge,7,15253,13689,1564,15253,0,0,72.3,true,210.97,true
2021-12-13,2021,50,Chelsea,7,12,6,6,12,0,0,1.6,true,7.5,false
2021-12-13,2021,50,Everett,7,60,48,12,60,0,0,6.4,true,9.38,false
2021-12-13,2021,50,Newton,7,57,33,24,57,0,0,4.7,true,12.13,false
2021-12-13,2021,50,Revere,7,30,17,13,30,0,0,2.6,true,11.54,false
2021-12-13,2021,50,Salem,7,33,12,21,33,0,0,2.6,true,12.69,false
2021-12-13,2021,50,Somerville,7,2065,1703,362,2065,0,0,26.7,true,77.34,true
2021-12-13,2021,50,Watertown Town,7,100,74,26,100,0,0,4.9,true,20.41,false
2021-12-20,2021,51,Arlington,6,35,28,7,35,0,0,2.2,true,15.91,false
2021-12-20,2021,51,Boston,7,8004,6711,1293,8004,0,0,142.1,true,56.33,true
2021-12-20,2021,51,Brookline,7,631,561,70,631,0,0,12.3,true,51.3,true
2021-12-20,2021,51,Cambridge,7,5764,5128,636,5764,0,0,66.3,true,86.94,true
2021-12-20,2021,51,Chelsea,5,14,3,11,14,0,0,1.6,true,8.75,false
2021-12-20,2021,51,Everett,7,55,47,8,55,0,0,4.7,true,11.7,false
2021-12-20,2021,51,Newton,7,18,11,7,18,0,0,2.4,true,7.5,false
2021-12-20,2021,51,Revere,7,12,10,2,12,0,0,1.4,true,8.57,false
2021-12-20,2021,51,Salem,3,9,7,2,9,0,0,1.3,true,6.92,false
2021-12-20,2021,51,Somerville,7,974,838,136,974,0,0,23.9,true,40.75,true
2021-12-20,2021,51,Watertown Town,7,48,33,15,48,0,0,3.3,true,14.55,false
2021-12-27,2021,52,Arlington,7,49,26,23,49,0,0,2.3,true,21.3,false
2021-12-27,2021,52,Boston,7,8816,6383,2433,8816,0,0,153.6,true,57.4,true
2021-12-27,2021,52,Brookline,7,613,459,154,613,0,0,13.0,true,47.15,true
2021-12-27,2021,52,Cambridge,7,5727,4713,1014,5727,0,0,68.9,true,83.12,true
2021-12-27,2021,52,Chelsea,5,12,4,8,12,0,0,1.6,true,7.5,false
2021-12-27,2021,52,Everett,7,72,55,17,72,0,0,6.6,true,10.91,false
2021-12-27,2021,52,Newton,7,26,16,10,26,0,0,3.3,true,7.88,false
2021-12-27,2021,52,Revere,6,13,11,2,13,0,0,1.7,true,7.65,false
2021-12-27,2021,52,Salem,3,6,1,5,6,0,0,1.0,true,6.0,false
2021-12-27,2021,52,Somerville,7,1022,772,250,1022,0,0,25.9,true,39.46,true
2021-12-27,2021,52,Watertown Town,7,71,48,23,71,0,0,4.4,true,16.14,false
2022-01-03,2022,1,Arlington,6,33,28,5,33,0,0,2.2,true,15.0,false
2022-01-03,2022,1,Boston,7,7601,6694,907,7601,0,0,144.7,true,52.53,true
2022-01-03,2022,1,Brookline,7,543,477,66,543,0,0,13.0,true,41.77,true
2022-01-03,2022,1,Cambridge,7,6512,6030,482,6512,0,0,69.1,true,94.24,true
2022-01-03,2022,1,Chelsea,7,14,6,8,14,0,0,1.9,true,7.37,false
2022-01-03,2022,1,Everett,7,40,28,12,40,0,0,4.3,true,9.3,false
2022-01-03,2022,1,Newton,6,18,12,6,18,0,0,2.2,true,8.18,false
2022-01-03,2022,1,Revere,7,10,10,0,10,0,0,1.4,true,7.14,false
2022-01-03,2022,1,Salem,5,8,5,3,8,0,0,1.6,true,5.0,false
2022-01-03,2022,1,Somerville,7,856,737,119,856,0,0,24.3,true,35.23,true
2022-01-03,2022,1,Watertown Town,7,38,27,11,38,0,0,3.3,true,11.52,false
2022-01-10,2022,2,Arlington,7,45,39,6,45,0,0,2.3,true,19.57,false
2022-01-10,2022,2,Boston,7,8379,7394,985,8379,0,0,146.3,true,57.27,true
2022-01-10,2022,2,Brookline,7,588,506,82,588,0,0,13.3,true,44.21,true
2022-01-10,2022,2,Cambridge,7,7756,7309,447,7756,0,0,68.9,true,112.57,true
2022-01-10,2022,2,Chelsea,3,3,3,0,3,0,0,1.0,true,3.0,false
2022-01-10,2022,2,Everett,7,34,25,9,34,0,0,3.9,true,8.72,false
2022-01-10,2022,2,Newton,6,18,14,4,18,0,0,2.5,true,7.2,false
2022-01-10,2022,2,Revere,7,15,13,2,15,0,0,1.9,true,7.89,false
2022-01-10,2022,2,Salem,5,10,9,1,10,0,0,1.8,true,5.56,false
2022-01-10,2022,2,Somerville,7,882,778,104,882,0,0,24.6,true,35.85,true
2022-01-10,2022,2,Watertown Town,7,46,38,8,46,0,0,3.9,true,11.79,false
2022-01-17,2022,3,Arlington,7,25,19,6,25,0,0,2.4,true,10.42,false
2022-01-17,2022,3,Boston,7,10680,9214,1466,10680,0,0,148.3,true,72.02,true
2022-01-17,2022,3,Brookline,7,791,680,111,791,0,0,13.4,true,59.03,true
2022-01-17,2022,3,Cambridge,7,8987,8341,646,8987,0,0,70.7,true,127.11,true
2022-01-17,2022,3,Chelsea,5,9,5,4,9,0,0,1.6,true,5.62,false
2022-01-17,2022,3,Everett,7,41,28,13,41,0,0,4.1,true,10.0,false
2022-01-17,2022,3,Newton,7,40,24,16,40,0,0,3.1,true,12.9,false
2022-01-17,2022,3,Revere,7,16,11,5,16,0,0,1.6,true,10.0,false
2022-01-17,2022,3,Salem,4,10,9,1,10,0,0,2.2,true,4.55,false
2022-01-17,2022,3,Somerville,7,1074,901,173,1074,0,0,26.0,true,41.31,true
2022-01-17,2022,3,Watertown Town,7,48,37,11,48,0,0,4.6,true,10.43,false
2022-01-24,2022,4,Arlington,5,22,22,0,22,0,0,2.6,true,8.46,false
2022-01-24,2022,4,Boston,6,9367,8346,1021,9367,0,0,143.0,true,65.5,true
2022-01-24,2022,4,Brookline,6,689,614,75,689,0,0,13.2,true,52.2,true
2022-01-24,2022,4,Cambridge,6,9174,8599,575,9174,0,0,70.5,true,130.13,true
2022-01-24,2022,4,Chelsea,4,9,6,3,9,0,0,1.8,true,5.0,false
2022-01-24,2022,4,Everett,6,25,19,6,25,0,0,3.3,true,7.58,false
2022-01-24,2022,4,Newton,5,24,15,9,24,0,0,3.4,true,7.06,false
2022-01-24,2022,4,Revere,5,11,11,0,11,0,0,2.0,true,5.5,false
2022-01-24,2022,4,Salem,4,6,6,0,6,0,0,1.5,true,4.0,false
2022-01-24,2022,4,Somerville,6,1009,900,109,1009,0,0,23.8,true,42.39,true
2022-01-24,2022,4,Watertown Town,5,47,39,8,47,0,0,4.6,true,10.22,false
2022-01-31,2022,5,Arlington,5,17,13,4,17,0,0,2.2,true,7.73,false
2022-01-31,2022,5,Boston,7,7574,6804,770,7574,0,0,139.3,true,54.37,true
2022-01-31,2022,5,Brookline,7,489,437,52,489,0,0,13.0,true,37.62,true
2022-01-31,2022,5,Cambridge,7,8922,8419,503,8922,0,0,70.0,true,127.46,true
2022-01-31,2022,5,Chelsea,3,5,1,4,5,0,0,1.0,true,5.0,false
2022-01-31,2022,5,Everett,6,26,22,4,26,0,0,2.8,true,9.29,false
2022-01-31,2022,5,Newton,6,19,12,7,19,0,0,2.3,true,8.26,false
2022-01-31,2022,5,Revere,4,6,6,0,6,0,0,1.2,true,5.0,false
2022-01-31,2022,5,Salem,4,8,7,1,8,0,0,2.0,true,4.0,false
2022-01-31,2022,5,Somerville,7,903,820,83,903,0,0,23.4,true,38.59,true
2022-01-31,2022,5,Watertown Town,7,32,30,2,32,0,0,3.4,true,9.41,false
2022-02-07,2022,6,Arlington,6,74,49,25,74,0,0,2.8,true,26.43,false
2022-02-07,2022,6,Boston,7,15248,11925,3323,15248,0,0,160.3,true,95.12,true
2022-02-07,2022,6,Brookline,7,1027,852,175,1027,0,0,14.0,true,73.36,true
2022-02-07,2022,6,Cambridge,7,15102,13557,1545,15102,0,0,71.9,true,210.04,true
2022-02-07,2022,6,Chelsea,7,16,8,8,16,0,0,1.9,true,8.42,false
2022-02-07,2022,6,Everett,7,75,52,23,75,0,0,5.7,true,13.16,false
2022-02-07,2022,6,Newton,7,60,31,29,60,0,0,4.1,true,14.63,false
2022-02-07,2022,6,Revere,6,15,14,1,15,0,0,1.5,true,10.0,false
2022-02-07,2022,6,Salem,6,22,14,8,22,0,0,2.8,true,7.86,false
2022-02-07,2022,6,Somerville,7,1773,1447,326,1773,0,0,25.9,true,68.46,true
2022-02-07,2022,6,Watertown Town,7,108,75,33,108,0,0,4.6,true,23.48,false
2022-02-14,2022,7,Arlington,7,46,40,6,46,0,0,2.6,true,17.69,false
2022-02-14,2022,7,Boston,7,13009,10796,2213,13009,0,0,158.1,true,82.28,true
2022-02-14,2022,7,Brookline,7,821,703,118,821,0,0,13.7,true,59.93,true
2022-02-14,2022,7,Cambridge,7,13405,12273,1132,13405,0,0,71.6,true,187.22,true
2022-02-14,2022,7,Chelsea,6,15,6,9,15,0,0,2.2,true,6.82,false
2022-02-14,2022,7,Everett,7,64,46,18,64,0,0,5.0,true,12.8,false
2022-02-14,2022,7,Newton,7,41,18,23,41,0,0,3.3,true,12.42,false
2022-02-14,2022,7,Revere,6,13,13,0,13,0,0,1.8,true,7.22,false
2022-02-14,2022,7,Salem,6,13,9,4,13,0,0,1.8,true,7.22,false
2022-02-14,2022,7,Somerville,7,1515,1319,196,1515,0,0,25.9,true,58.49,true
2022-02-14,2022,7,Watertown Town,7,60,44,16,60,0,0,4.4,true,13.64,false
2022-02-21,2022,8,Arlington,7,61,39,22,61,0,0,2.3,true,26.52,false
2022-02-21,2022,8,Boston,7,13035,10154,2881,13035,0,0,155.1,true,84.04,true
2022-02-21,2022,8,Brookline,7,841,687,154,841,0,0,13.1,true,64.2,true
2022-02-21,2022,8,Cambridge,7,12530,11282,1248,12530,0,0,71.3,true,175.74,true
2022-02-21,2022,8,Chelsea,4,12,8,4,12,0,0,2.2,true,5.45,false
2022-02-21,2022,8,Everett,6,75,51,24,75,0,0,6.7,true,11.19,false
2022-02-21,2022,8,Newton,7,59,29,30,59,0,0,4.1,true,14.39,false
2022-02-21,2022,8,Revere,6,24,12,12,24,0,0,1.5,true,16.0,false
2022-02-21,2022,8,Salem,4,17,4,13,17,0,0,2.2,true,7.73,false
2022-02-21,2022,8,Somerville,7,1486,1214,272,1486,0,0,25.0,true,59.44,true
2022-02-21,2022,8,Watertown Town,7,85,48,37,85,0,0,3.7,true,22.97,false
2022-02-28,2022,9,Arlington,7,104,68,36,104,0,0,2.9,true,35.86,false
2022-02-28,2022,9,Boston,7,15168,12100,3068,15168,0,0,161.4,true,93.98,true
2022-02-28,2022,9,Brookline,7,975,835,140,975,0,0,14.0,true,69.64,true
2022-02-28,2022,9,Cambridge,7,14991,13529,1462,14991,0,0,72.0,true,208.21,true
2022-02-28,2022,9,Chelsea,4,11,5,6,11,0,0,2.0,true,5.5,false
2022-02-28,2022,9,Everett,7,79,51,28,79,0,0,5.6,true,14.11,false
2022-02-28,2022,9,Newton,7,42,17,25,42,0,0,3.6,true,11.67,false
2022-02-28,2022,9,Revere,7,25,12,13,25,0,0,2.0,true,12.5,false
2022-02-28,2022,9,Salem,6,16,8,8,16,0,0,1.8,true,8.89,false
2022-02-28,2022,9,Somerville,7,1859,1565,294,1859,0,0,27.4,true,67.85,true
2022-02-28,2022,9,Watertown Town,6,81,46,35,81,0,0,5.0,true,16.2,false
2022-03-07,2022,10,Arlington,7,66,53,13,66,0,0,2.9,true,22.76,false
2022-03-07,2022,10,Boston,7,15871,12592,3279,15871,0,0,161.7,true,98.15,true
2022-03-07,2022,10,Brookline,7,970,812,158,970,0,0,13.7,true,70.8,true
2022-03-07,2022,10,Cambridge,7,14784,13304,1480,14784,0,0,73.3,true,201.69,true
2022-03-07,2022,10,Chelsea,5,8,3,5,8,0,0,1.4,true,5.71,false
2022-03-07,2022,10,Everett,7,73,46,27,73,0,0,6.9,true,10.58,false
2022-03-07,2022,10,Newton,7,57,20,37,57,0,0,4.6,true,12.39,false
2022-03-07,2022,10,Revere,7,28,22,6,28,0,0,2.3,true,12.17,false
2022-03-07,2022,10,Salem,6,11,9,2,11,0,0,1.5,true,7.33,false
2022-03-07,2022,10,Somerville,7,1973,1648,325,1973,0,0,30.0,true,65.77,true
2022-03-07,2022,10,Watertown Town,7,93,67,26,93,0,0,4.9,true,18.98,false
2022-03-14,2022,11,Arlington,7,182,87,95,182,0,0,3.0,true,60.67,false
2022-03-14,2022,11,Boston,7,26853,17023,9830,26853,0,0,177.3,true,151.46,true
2022-03-14,2022,11,Brookline,7,1671,1228,443,1671,0,0,14.0,true,119.36,true
2022-03-14,2022,11,Cambridge,7,17215,13830,3385,17215,0,0,73.6,true,233.9,true
2022-03-14,2022,11,Chelsea,5,20,14,6,20,0,0,3.0,true,6.67,false
2022-03-14,2022,11,Everett,7,161,84,77,161,0,0,8.9,true,18.09,false
2022-03-14,2022,11,Newton,7,152,53,99,152,0,0,6.6,true,23.03,false
2022-03-14,2022,11,Revere,7,68,36,32,68,0,0,2.7,true,25.19,false
2022-03-14,2022,11,Salem,7,79,32,47,79,0,0,3.6,true,21.94,false
2022-03-14,2022,11,Somerville,7,2893,2017,876,2893,0,0,31.3,true,92.43,true
2022-03-14,2022,11,Watertown Town,7,189,107,82,189,0,0,6.3,true,30.0,false
2022-03-21,2022,12,Arlington,7,137,79,58,137,0,0,3.0,true,45.67,false
2022-03-21,2022,12,Boston,7,23632,16900,6732,23632,0,0,178.1,true,132.69,true
2022-03-21,2022,12,Brookline,7,1449,1111,338,1449,0,0,14.0,true,103.5,true
2022-03-21,2022,12,Cambridge,7,15848,13187,2661,15848,0,0,72.6,true,218.29,true
2022-03-21,2022,12,Chelsea,6,26,6,20,26,0,0,2.3,true,11.3,false
2022-03-21,2022,12,Everett,7,143,72,71,143,0,0,8.4,true,17.02,false
2022-03-21,2022,12,Newton,7,136,55,81,136,0,0,7.1,true,19.15,false
2022-03-21,2022,12,Revere,7,34,22,12,34,0,0,2.3,true,14.78,false
2022-03-21,2022,12,Salem,7,62,21,41,62,0,0,4.6,true,13.48,false
2022-03-21,2022,12,Somerville,7,2589,1979,610,2589,0,0,31.6,true,81.93,true
2022-03-21,2022,12,Watertown Town,7,176,112,64,176,0,0,6.1,true,28.85,false
2022-03-28,2022,13,Arlington,7,130,78,52,130,0,0,3.0,true,43.33,false
2022-03-28,2022,13,Boston,7,23892,17189,6703,23892,0,0,182.7,true,130.77,true
2022-03-28,2022,13,Brookline,7,1341,1050,291,1341,0,0,14.0,true,95.79,true
2022-03-28,2022,13,Cambridge,7,19355,16451,2904,19355,0,0,73.6,true,262.98,true
2022-03-28,2022,13,Chelsea,6,21,6,15,21,0,0,2.2,true,9.55,false
2022-03-28,2022,13,Everett,7,132,66,66,132,0,0,8.0,true,16.5,false
2022-03-28,2022,13,Newton,7,115,51,64,115,0,0,6.9,true,16.67,false
2022-03-28,2022,13,Revere,7,42,30,12,42,0,0,2.0,true,21.0,false
2022-03-28,2022,13,Salem,7,72,28,44,72,0,0,5.1,true,14.12,false
2022-03-28,2022,13,Somerville,7,2772,2146,626,2772,0,0,31.6,true,87.72,true
2022-03-28,2022,13,Watertown Town,7,150,97,53,150,0,0,5.0,true,30.0,false
2022-04-04,2022,14,Arlington,7,150,97,53,150,0,0,4.1,true,36.59,false
2022-04-04,2022,14,Boston,7,28125,20196,7929,28125,0,0,186.7,true,150.64,true
2022-04-04,2022,14,Brookline,7,1578,1248,330,1578,0,0,14.0,true,112.71,true
2022-04-04,2022,14,Cambridge,7,22008,18626,3382,22008,0,0,73.7,true,298.62,true
2022-04-04,2022,14,Chelsea,7,26,9,17,26,0,0,2.7,true,9.63,false
2022-04-04,2022,14,Everett,7,173,71,102,173,0,0,9.3,true,18.6,false
2022-04-04,2022,14,Newton,7,183,75,108,183,0,0,10.0,true,18.3,false
2022-04-04,2022,14,Revere,7,37,23,14,37,0,0,2.0,true,18.5,false
2022-04-04,2022,14,Salem,7,99,28,71,99,0,0,5.3,true,18.68,false
2022-04-04,2022,14,Somerville,7,3327,2538,789,3327,0,0,31.9,true,104.29,true
2022-04-04,2022,14,Watertown Town,7,172,118,54,172,0,0,5.6,true,30.71,false
2022-04-11,2022,15,Arlington,7,248,146,102,248,0,0,5.9,true,42.03,false
2022-04-11,2022,15,Boston,7,37107,23776,13331,37107,0,0,194.7,true,190.59,true
2022-04-11,2022,15,Brookline,7,1934,1397,537,1934,0,0,13.1,true,147.63,true
2022-04-11,2022,15,Cambridge,7,25144,20318,4826,25144,0,0,72.6,true,346.34,true
2022-04-11,2022,15,Chelsea,7,34,7,27,34,0,0,2.9,true,11.72,false
2022-04-11,2022,15,Everett,7,223,108,115,223,0,0,9.7,true,22.99,false
2022-04-11,2022,15,Newton,7,237,86,151,237,0,0,11.3,true,20.97,false
2022-04-11,2022,15,Revere,7,57,19,38,57,0,0,2.7,true,21.11,false
2022-04-11,2022,15,Salem,7,106,29,77,106,0,0,4.6,true,23.04,false
2022-04-11,2022,15,Somerville,7,3863,2823,1040,3863,0,0,32.0,true,120.72,true
2022-04-11,2022,15,Watertown Town,7,294,157,137,294,0,0,6.6,true,44.55,false
2022-04-18,2022,16,Arlington,7,271,158,113,271,0,0,5.6,true,48.39,false
2022-04-18,2022,16,Boston,7,38482,23985,14497,38482,0,0,202.0,true,190.5,true
2022-04-18,2022,16,Brookline,7,2107,1415,692,2107,0,0,13.6,true,154.93,true
2022-04-18,2022,16,Cambridge,7,26452,21303,5149,26452,0,0,73.0,true,362.36,true
2022-04-18,2022,16,Chelsea,7,43,17,26,43,0,0,3.4,true,12.65,false
2022-04-18,2022,16,Everett,7,227,100,127,227,0,0,9.3,true,24.41,false
2022-04-18,2022,16,Newton,7,341,90,251,341,0,0,11.3,true,30.18,false
2022-04-18,2022,16,Revere,7,54,26,28,54,0,0,2.4,true,22.5,false
2022-04-18,2022,16,Salem,7,133,9,124,133,0,0,5.9,true,22.54,false
2022-04-18,2022,16,Somerville,7,4002,2862,1140,4002,0,0,31.9,true,125.45,true
2022-04-18,2022,16,Watertown Town,7,255,131,124,255,0,0,6.6,true,38.64,false
2022-04-25,2022,17,Arlington,7,266,149,117,266,0,0,5.7,true,46.67,false
2022-04-25,2022,17,Boston,7,33915,23650,10265,33915,0,0,216.6,true,156.58,true
2022-04-25,2022,17,Brookline,7,1945,1473,472,1945,0,0,13.9,true,139.93,true
2022-04-25,2022,17,Cambridge,7,24946,20926,4020,24946,0,0,72.7,true,343.14,true
2022-04-25,2022,17,Chelsea,7,20,12,8,20,0,0,2.1,true,9.52,false
2022-04-25,2022,17,Everett,7,187,100,87,187,0,0,9.6,true,19.48,false
2022-04-25,2022,17,Newton,7,203,75,128,203,0,0,9.7,true,20.93,false
2022-04-25,2022,17,Revere,7,72,38,34,72,0,0,2.3,true,31.3,false
2022-04-25,2022,17,Salem,7,123,31,92,123,0,0,5.0,true,24.6,false
2022-04-25,2022,17,Somerville,7,3805,2856,949,3805,0,0,32.0,true,118.91,true
2022-04-25,2022,17,Watertown Town,7,236,139,97,236,0,0,6.4,true,36.88,false
2022-05-02,2022,18,Arlington,7,198,132,66,198,0,0,5.7,true,34.74,false
2022-05-02,2022,18,Boston,7,34503,23622,10881,34503,0,0,214.9,true,160.55,true
2022-05-02,2022,18,Brookline,7,1951,1434,517,1951,0,0,14.0,true,139.36,true
2022-05-02,2022,18,Cambridge,7,23963,19910,4053,23963,0,0,72.6,true,330.07,true
2022-05-02,2022,18,Chelsea,7,38,24,14,38,0,0,3.6,true,10.56,false
2022-05-02,2022,18,Everett,7,188,92,96,188,0,0,9.1,true,20.66,false
2022-05-02,2022,18,Newton,7,216,76,140,216,0,0,10.9,true,19.82,false
2022-05-02,2022,18,Revere,7,41,28,13,41,0,0,2.3,true,17.83,false
2022-05-02,2022,18,Salem,7,103,30,73,103,0,0,5.3,true,19.43,false
2022-05-02,2022,18,Somerville,7,3722,2757,965,3722,0,0,32.0,true,116.31,true
2022-05-02,2022,18,Watertown Town,7,206,129,77,206,0,0,6.0,true,34.33,false
2022-05-09,2022,19,Arlington,7,347,216,131,347,0,0,6.0,true,57.83,false
2022-05-09,2022,19,Boston,7,43570,27241,16329,43570,0,0,222.7,true,195.64,true
2022-05-09,2022,19,Brookline,7,2290,1582,708,2290,0,0,14.0,true,163.57,true
2022-05-09,2022,19,Cambridge,7,27520,21665,5855,27520,0,0,73.0,true,376.99,true
2022-05-09,2022,19,Chelsea,7,50,20,30,50,0,0,4.1,true,12.2,false
2022-05-09,2022,19,Everett,7,254,121,133,254,0,0,9.3,true,27.31,false
2022-05-09,2022,19,Newton,7,301,139,162,301,0,0,12.1,true,24.88,false
2022-05-09,2022,19,Quincy,1,1,0,1,1,0,0,1.0,true,1.0,false
2022-05-09,2022,19,Revere,7,92,46,46,92,0,0,3.1,true,29.68,false
2022-05-09,2022,19,Salem,7,183,31,152,183,0,0,5.9,true,31.02,false
2022-05-09,2022,19,Somerville,7,5058,3410,1648,5058,0,0,32.0,true,158.06,true
2022-05-09,2022,19,Watertown Town,7,364,188,176,364,0,0,6.7,true,54.33,false
2022-05-16,2022,20,Arlington,7,323,185,138,323,0,0,6.0,true,53.83,false
2022-05-16,2022,20,Boston,7,46370,27823,18547,46370,0,0,223.7,true,207.29,true
2022-05-16,2022,20,Brookline,7,2366,1593,773,2366,0,0,14.0,true,169.0,true
2022-05-16,2022,20,Cambridge,7,26544,20302,6242,26544,0,0,73.0,true,363.62,true
2022-05-16,2022,20,Chelsea,7,74,32,42,74,0,0,4.1,true,18.05,false
2022-05-16,2022,20,Everett,7,327,120,207,327,0,0,10.0,true,32.7,false
2022-05-16,2022,20,Newton,7,255,106,149,255,0,0,11.3,true,22.57,false
2022-05-16,2022,20,Revere,7,123,54,69,123,0,0,3.1,true,39.68,false
2022-05-16,2022,20,Salem,7,183,26,157,183,0,0,5.4,true,33.89,false
2022-05-16,2022,20,Somerville,7,4652,3227,1425,4652,0,0,32.0,true,145.38,true
2022-05-16,2022,20,Watertown Town,7,328,182,146,328,0,0,6.6,true,49.7,false
2022-05-23,2022,21,Arlington,7,388,206,182,388,0,0,6.0,true,64.67,false
2022-05-23,2022,21,Boston,7,47736,28237,19499,47736,0,0,223.4,true,213.68,true
2022-05-23,2022,21,Brookline,7,2459,1626,833,2459,0,0,14.0,true,175.64,true
2022-05-23,2022,21,Cambridge,7,29859,21896,7963,29859,0,0,73.4,true,406.8,true
2022-05-23,2022,21,Chelsea,7,74,29,45,74,0,0,4.6,true,16.09,false
2022-05-23,2022,21,Everett,7,304,132,172,304,0,0,10.3,true,29.51,false
2022-05-23,2022,21,Newton,7,251,99,152,251,0,0,11.0,true,22.82,false
2022-05-23,2022,21,Quincy,1,1,1,0,1,0,0,1.0,true,1.0,false
2022-05-23,2022,21,Revere,7,113,46,67,113,0,0,3.0,true,37.67,false
2022-05-23,2022,21,Salem,7,160,21,139,160,0,0,5.4,true,29.63,false
2022-05-23,2022,21,Somerville,7,5001,3437,1564,5001,0,0,32.0,true,156.28,true
2022-05-23,2022,21,Watertown Town,7,363,205,158,363,0,0,6.9,true,52.61,false
2022-05-30,2022,22,Arlington,7,393,186,207,393,0,0,6.0,true,65.5,false
2022-05-30,2022,22,Boston,7,46066,27894,18172,46066,0,0,225.0,true,204.74,true
2022-05-30,2022,22,Brookline,7,2421,1716,705,2421,0,0,14.0,true,172.93,true
2022-05-30,2022,22,Cambridge,7,25986,19563,6423,25986,0,0,74.0,true,351.16,true
2022-05-30,2022,22,Chelsea,7,69,29,40,69,0,0,3.9,true,17.69,false
2022-05-30,2022,22,Everett,7,320,158,162,320,0,0,10.7,true,29.91,false
2022-05-30,2022,22,Newton,7,264,109,155,264,0,0,11.1,true,23.78,false
2022-05-30,2022,22,Revere,7,120,17,103,120,0,0,2.9,true,41.38,false
2022-05-30,2022,22,Salem,7,164,26,138,164,0,0,6.3,true,26.03,false
2022-05-30,2022,22,Somerville,7,4718,3270,1448,4718,0,0,32.0,true,147.44,true
2022-05-30,2022,22,Watertown Town,7,340,145,195,340,0,0,6.3,true,53.97,false
2022-06-06,2022,23,Arlington,7,376,226,150,376,0,0,6.0,true,62.67,false
2022-06-06,2022,23,Boston,7,52322,32303,20019,52322,0,0,227.0,true,230.49,true
2022-06-06,2022,23,Brookline,7,2441,1647,794,2441,0,0,14.0,true,174.36,true
2022-06-06,2022,23,Cambridge,7,28744,22185,6559,28744,0,0,74.0,true,388.43,true
2022-06-06,2022,23,Chelsea,7,110,39,71,110,0,0,4.4,true,25.0,false
2022-06-06,2022,23,Everett,7,355,157,198,355,0,0,10.9,true,32.57,false
2022-06-06,2022,23,Medford,1,1,1,0,1,0,0,1.0,true,1.0,false
2022-06-06,2022,23,Newton,7,318,153,165,318,0,0,12.6,true,25.24,false
2022-06-06,2022,23,Revere,7,141,44,97,141,0,0,3.6,true,39.17,false
2022-06-06,2022,23,Salem,7,218,45,173,218,0,0,7.0,true,31.14,false
2022-06-06,2022,23,Somerville,7,5372,3727,1645,5372,0,0,32.0,true,167.88,true
2022-06-06,2022,23,Watertown Town,7,423,221,202,423,0,0,5.7,true,74.21,false
2022-06-13,2022,24,Arlington,7,391,226,165,391,0,0,5.9,true,66.27,false
2022-06-13,2022,24,Boston,7,53679,34060,19619,53679,0,0,227.7,true,235.74,true
2022-06-13,2022,24,Brookline,7,2628,1870,758,2628,0,0,14.0,true,187.71,true
2022-06-13,2022,24,Cambridge,7,29379,23076,6303,29379,0,0,73.9,true,397.55,true
2022-06-13,2022,24,Chelsea,7,105,46,59,105,0,0,5.0,true,21.0,false
2022-06-13,2022,24,Everett,7,362,153,209,362,0,0,10.4,true,34.81,false
2022-06-13,2022,24,Hingham,1,1,1,0,1,0,0,1.0,true,1.0,false
2022-06-13,2022,24,Medford,7,48,19,29,48,0,0,1.0,true,48.0,false
2022-06-13,2022,24,Newton,7,278,129,149,278,0,0,11.7,true,23.76,false
2022-06-13,2022,24,Revere,7,169,69,100,169,0,0,3.6,true,46.94,false
2022-06-13,2022,24,Salem,7,181,41,140,181,0,0,6.7,true,27.01,false
2022-06-13,2022,24,Somerville,7,5387,3789,1598,5387,0,0,32.0,true,168.34,true
2022-06-13,2022,24,Watertown Town,7,427,258,169,427,0,0,6.7,true,63.73,false
2022-06-20,2022,25,Arlington,7,379,199,180,379,0,0,5.7,true,66.49,false
2022-06-20,2022,25,Boston,7,56705,35327,21378,56705,0,0,228.7,true,247.94,true
2022-06-20,2022,25,Brookline,7,2767,1913,854,2767,0,0,14.0,true,197.64,true
2022-06-20,2022,25,Cambridge,7,30554,23608,6946,30554,0,0,73.7,true,414.57,true
2022-06-20,2022,25,Chelsea,7,101,44,57,101,0,0,4.0,true,25.25,false
2022-06-20,2022,25,Everett,7,399,171,228,399,0,0,11.1,true,35.95,false
2022-06-20,2022,25,Medford,7,51,25,26,51,0,0,1.0,true,51.0,false
2022-06-20,2022,25,Newton,7,316,146,170,316,0,0,14.0,true,22.57,false
2022-06-20,2022,25,Quincy,2,2,2,0,2,0,0,1.0,true,2.0,false
2022-06-20,2022,25,Revere,7,124,55,69,124,0,0,3.1,true,40.0,false
2022-06-20,2022,25,Salem,7,284,88,196,284,0,0,7.4,true,38.38,false
2022-06-20,2022,25,Somerville,7,5674,3954,1720,5674,0,0,32.0,true,177.31,true
2022-06-20,2022,25,Watertown Town,7,453,258,195,453,0,0,6.9,true,65.65,false
2022-06-27,2022,26,Arlington,7,316,178,138,316,0,0,5.9,true,53.56,false
2022-06-27,2022,26,Boston,7,48281,31042,17239,48281,0,0,226.9,true,212.79,true
2022-06-27,2022,26,Brookline,7,2509,1794,715,2509,0,0,14.0,true,179.21,true
2022-06-27,2022,26,Cambridge,7,27377,21525,5852,27377,0,0,74.0,true,369.96,true
2022-06-27,2022,26,Chelsea,7,66,33,33,66,0,0,4.3,true,15.35,false
2022-06-27,2022,26,Everett,7,373,166,207,373,0,0,10.9,true,34.22,false
2022-06-27,2022,26,Medford,7,39,14,25,39,0,0,1.0,true,39.0,false
2022-06-27,2022,26,Newton,7,255,117,138,255,0,0,12.7,true,20.08,false
2022-06-27,2022,26,Revere,7,128,53,75,128,0,0,3.3,true,38.79,false
2022-06-27,2022,26,Salem,7,253,65,188,253,0,0,7.1,true,35.63,false
2022-06-27,2022,26,Somerville,7,5050,3758,1292,5050,0,0,32.0,true,157.81,true
2022-06-27,2022,26,Watertown Town,7,406,235,171,406,0,0,6.9,true,58.84,false
2022-07-04,2022,27,Arlington,7,403,215,188,403,0,0,6.0,true,67.17,false
2022-07-04,2022,27,Boston,7,58441,33871,24570,58441,0,0,229.4,true,254.76,true
2022-07-04,2022,27,Brookline,7,2956,2012,944,2956,0,0,14.0,true,211.14,true
2022-07-04,2022,27,Cambridge,7,32275,23659,8616,32275,0,0,73.7,true,437.92,true
2022-07-04,2022,27,Chelsea,7,111,47,64,111,0,0,5.6,true,19.82,false
2022-07-04,2022,27,Everett,7,388,152,236,388,0,0,10.7,true,36.26,false
2022-07-04,2022,27,Medford,7,42,19,23,42,0,0,1.0,true,42.0,false
2022-07-04,2022,27,Newton,7,345,175,170,345,0,0,13.7,true,25.18,false
2022-07-04,2022,27,Quincy,2,3,0,3,3,0,0,1.0,true,3.0,false
2022-07-04,2022,27,Revere,7,158,61,97,158,0,0,3.4,true,46.47,false
2022-07-04,2022,27,Salem,7,243,49,194,243,0,0,7.1,true,34.23,false
2022-07-04,2022,27,Somerville,7,5911,4050,1861,5911,0,0,32.0,true,184.72,true
2022-07-04,2022,27,Watertown Town,7,467,267,200,467,0,0,7.0,true,66.71,false
2022-07-11,2022,28,Arlington,7,402,238,164,402,0,0,6.0,true,67.0,false
2022-07-11,2022,28,Boston,7,57992,37860,20132,57992,0,0,227.6,true,254.8,true
2022-07-11,2022,28,Brookline,7,2755,1965,790,2755,0,0,14.0,true,196.79,true
2022-07-11,2022,28,Cambridge,7,32913,25643,7270,32913,0,0,74.9,true,439.43,true
2022-07-11,2022,28,Chelsea,7,92,34,58,92,0,0,4.6,true,20.0,false
2022-07-11,2022,28,Everett,7,346,185,161,346,0,0,11.0,true,31.45,false
2022-07-11,2022,28,Medford,7,30,9,21,30,0,0,1.0,true,30.0,false
2022-07-11,2022,28,Newton,7,357,182,175,357,0,0,13.0,true,27.46,false
2022-07-11,2022,28,Quincy,2,4,1,3,4,0,0,1.0,true,4.0,false
2022-07-11,2022,28,Revere,7,106,47,59,106,0,0,2.9,true,36.55,false
2022-07-11,2022,28,Salem,7,195,56,139,195,0,0,7.7,true,25.32,false
2022-07-11,2022,28,Somerville,7,6141,4420,1721,6141,0,0,32.4,true,189.54,true
2022-07-11,2022,28,Watertown Town,7,438,255,183,438,0,0,6.7,true,65.37,false
2022-07-18,2022,29,Arlington,7,327,213,114,327,0,0,6.0,true,54.5,false
2022-07-18,2022,29,Boston,7,51544,34102,17442,51544,0,0,225.3,true,228.78,true
2022-07-18,2022,29,Brookline,7,2444,1808,636,2444,0,0,14.0,true,174.57,true
2022-07-18,2022,29,Cambridge,7,30360,24202,6158,30360,0,0,75.0,true,404.8,true
2022-07-18,2022,29,Chelsea,7,76,44,32,76,0,0,4.0,true,19.0,false
2022-07-18,2022,29,Everett,7,327,141,186,327,0,0,11.1,true,29.46,false
2022-07-18,2022,29,Hingham,1,1,1,0,1,0,0,1.0,true,1.0,false
2022-07-18,2022,29,Medford,7,37,19,18,37,0,0,1.0,true,37.0,false
2022-07-18,2022,29,Newton,7,271,140,131,271,0,0,12.6,true,21.51,false
2022-07-18,2022,29,Revere,7,115,56,59,115,0,0,3.7,true,31.08,false
2022-07-18,2022,29,Salem,7,126,41,85,126,0,0,5.7,true,22.11,false
2022-07-18,2022,29,Somerville,7,5358,3970,1388,5358,0,0,32.9,true,162.86,true
2022-07-18,2022,29,Watertown Town,7,368,218,150,368,0,0,7.0,true,52.57,false
2022-07-25,2022,30,Arlington,7,403,262,141,403,0,0,6.0,true,67.17,false
2022-07-25,2022,30,Boston,7,57172,36654,20518,57172,0,0,226.6,true,252.3,true
2022-07-25,2022,30,Brookline,7,2775,2056,719,2775,0,0,14.0,true,198.21,true
2022-07-25,2022,30,Cambridge,7,32458,25577,6881,32458,0,0,74.9,true,433.35,true
2022-07-25,2022,30,Chelsea,7,101,49,52,101,0,0,5.0,true,20.2,false
2022-07-25,2022,30,Everett,7,382,176,206,382,0,0,11.1,true,34.41,false
2022-07-25,2022,30,Hingham,1,1,0,1,1,0,0,1.0,true,1.0,false
2022-07-25,2022,30,Medford,7,31,18,13,31,0,0,1.0,true,31.0,false
2022-07-25,2022,30,Newton,7,303,171,132,303,0,0,13.0,true,23.31,false
2022-07-25,2022,30,Quincy,1,1,1,0,1,0,0,1.0,true,1.0,false
2022-07-25,2022,30,Revere,7,144,40,104,144,0,0,3.6,true,40.0,false
2022-07-25,2022,30,Salem,7,255,75,180,255,0,0,7.3,true,34.93,false
2022-07-25,2022,30,Somerville,7,5667,4150,1517,5667,0,0,33.0,true,171.73,true
2022-07-25,2022,30,Watertown Town,7,418,254,164,418,0,0,6.9,true,60.58,false
2022-08-01,2022,31,Arlington,7,334,203,131,334,0,0,6.0,true,55.67,false
2022-08-01,2022,31,Boston,7,52980,34930,18050,52980,0,0,226.3,true,234.11,true
2022-08-01,2022,31,Brookline,7,2456,1876,580,2456,0,0,14.0,true,175.43,true
2022-08-01,2022,31,Cambridge,7,30057,24011,6046,30057,0,0,75.0,true,400.76,true
2022-08-01,2022,31,Chelsea,7,109,46,63,109,0,0,4.9,true,22.24,false
2022-08-01,2022,31,Everett,7,322,149,173,322,0,0,10.4,true,30.96,false
2022-08-01,2022,31,Medford,7,35,15,20,35,0,0,1.0,true,35.0,false
2022-08-01,2022,31,Newton,7,271,139,132,271,0,0,12.4,true,21.85,false
2022-08-01,2022,31,Revere,7,89,34,55,89,0,0,3.4,true,26.18,false
2022-08-01,2022,31,Salem,7,160,42,118,160,0,0,6.6,true,24.24,false
2022-08-01,2022,31,Somerville,7,5562,4124,1438,5562,0,0,33.0,true,168.55,true
2022-08-01,2022,31,Watertown Town,7,432,263,169,432,0,0,7.0,true,61.71,false
2022-08-08,2022,32,Arlington,7,377,229,148,377,0,0,6.0,true,62.83,false
2022-08-08,2022,32,Boston,7,58948,36302,22646,58948,0,0,228.4,true,258.09,true
2022-08-08,2022,32,Brookline,7,2856,2023,833,2856,0,0,14.0,true,204.0,true
2022-08-08,2022,32,Cambridge,7,31647,24236,7411,31647,0,0,75.0,true,421.96,true
2022-08-08,2022,32,Chelsea,7,110,49,61,110,0,0,5.6,true,19.64,false
2022-08-08,2022,32,Everett,7,306,134,172,306,0,0,10.6,true,28.87,false
2022-08-08,2022,32,Medford,7,41,15,26,41,0,0,1.0,true,41.0,false
2022-08-08,2022,32,Newton,7,237,128,109,237,0,0,11.0,true,21.55,false
2022-08-08,2022,32,Revere,7,90,54,36,90,0,0,3.0,true,30.0,false
2022-08-08,2022,32,Salem,7,157,31,126,157,0,0,6.4,true,24.53,false
2022-08-08,2022,32,Somerville,7,5678,4094,1584,5678,0,0,33.0,true,172.06,true
2022-08-08,2022,32,Watertown Town,7,469,290,179,469,0,0,6.9,true,67.97,false
2022-08-15,2022,33,Arlington,7,486,345,141,486,0,0,6.0,true,81.0,false
2022-08-15,2022,33,Boston,7,63733,45021,18712,63733,0,0,231.4,true,275.42,true
2022-08-15,2022,33,Brookline,7,3105,2364,741,3105,0,0,14.0,true,221.79,true
2022-08-15,2022,33,Cambridge,7,32727,26463,6264,32727,0,0,74.9,true,436.94,true
2022-08-15,2022,33,Chelsea,7,113,61,52,113,0,0,5.1,true,22.16,false
2022-08-15,2022,33,Everett,7,410,240,170,410,0,0,10.7,true,38.32,false
2022-08-15,2022,33,Hingham,1,2,0,2,2,0,0,1.0,true,2.0,false
2022-08-15,2022,33,Medford,7,65,34,31,65,0,0,1.0,true,65.0,false
2022-08-15,2022,33,Newton,7,357,246,111,357,0,0,13.0,true,27.46,false
2022-08-15,2022,33,Quincy,1,1,1,0,1,0,0,1.0,true,1.0,false
2022-08-15,2022,33,Revere,7,109,61,48,109,0,0,3.6,true,30.28,false
2022-08-15,2022,33,Salem,7,184,52,132,184,0,0,6.7,true,27.46,false
2022-08-15,2022,33,Somerville,7,6025,4607,1418,6025,0,0,33.0,true,182.58,true
2022-08-15,2022,33,Watertown Town,7,517,351,166,517,0,0,6.0,true,86.17,false
2022-08-22,2022,34,Arlington,7,537,433,104,537,0,0,6.0,true,89.5,false
2022-08-22,2022,34,Boston,7,74906,62177,12729,74906,0,0,240.7,true,311.2,true
2022-08-22,2022,34,Brookline,7,3476,3018,458,3476,0,0,14.0,true,248.29,true
2022-08-22,2022,34,Cambridge,7,37088,32799,4289,37088,0,0,75.0,true,494.51,true
2022-08-22,2022,34,Chelsea,7,153,119,34,153,0,0,5.9,true,25.93,false
2022-08-22,2022,34,Everett,7,635,516,119,635,0,0,11.7,true,54.27,false
2022-08-22,2022,34,Hingham,1,2,0,2,2,0,0,1.0,true,2.0,false
2022-08-22,2022,34,Medford,7,100,86,14,100,0,0,1.0,true,100.0,false
2022-08-22,2022,34,Newton,7,293,218,75,293,0,0,12.4,true,23.63,false
2022-08-22,2022,34,Quincy,3,3,3,0,3,0,0,1.0,true,3.0,false
2022-08-22,2022,34,Revere,7,129,89,40,129,0,0,4.0,true,32.25,false
2022-08-22,2022,34,Salem,7,221,82,139,221,0,0,7.9,true,27.97,false
2022-08-22,2022,34,Somerville,7,7185,6222,963,7185,0,0,33.0,true,217.73,true
2022-08-22,2022,34,Watertown Town,7,526,435,91,526,0,0,6.0,true,87.67,false
2022-08-29,2022,35,Arlington,7,538,425,113,538,0,0,6.0,true,89.67,false
2022-08-29,2022,35,Boston,7,88672,74270,14402,88672,0,0,242.4,true,365.81,true
2022-08-29,2022,35,Brookline,7,4352,3785,567,4352,0,0,13.9,true,313.09,true
2022-08-29,2022,35,Cambridge,7,46974,42120,4854,46974,0,0,74.9,true,627.16,true
2022-08-29,2022,35,Chelsea,7,171,142,29,171,0,0,5.9,true,28.98,false
2022-08-29,2022,35,Everett,7,703,531,172,703,0,0,11.9,true,59.08,false
2022-08-29,2022,35,Medford,7,100,75,25,100,0,0,1.0,true,100.0,false
2022-08-29,2022,35,Newton,7,469,363,106,469,0,0,13.7,true,34.23,false
2022-08-29,2022,35,Quincy,1,1,0,1,1,0,0,1.0,true,1.0,false
2022-08-29,2022,35,Revere,7,182,139,43,182,0,0,3.9,true,46.67,false
2022-08-29,2022,35,Salem,7,341,189,152,341,0,0,9.3,true,36.67,false
2022-08-29,2022,35,Somerville,7,8613,7480,1133,8613,0,0,33.0,true,261.0,true
2022-08-29,2022,35,Watertown Town,7,616,484,132,616,0,0,5.9,true,104.41,false
2022-09-05,2022,36,Arlington,7,443,372,71,443,0,0,5.7,true,77.72,false
2022-09-05,2022,36,Boston,7,80999,69881,11118,80999,0,0,238.1,true,340.19,true
2022-09-05,2022,36,Brookline,7,3723,3304,419,3723,0,0,13.4,true,277.84,true
2022-09-05,2022,36,Cambridge,7,41906,38226,3680,41906,0,0,74.9,true,559.49,true
2022-09-05,2022,36,Chelsea,7,140,109,31,140,0,0,5.1,true,27.45,false
2022-09-05,2022,36,Everett,7,555,444,111,555,0,0,11.7,true,47.44,false
2022-09-05,2022,36,Medford,7,72,53,19,72,0,0,1.0,true,72.0,false
2022-09-05,2022,36,Newton,7,317,221,96,317,0,0,12.7,true,24.96,false
2022-09-05,2022,36,Quincy,1,1,1,0,1,0,0,1.0,true,1.0,false
2022-09-05,2022,36,Revere,7,112,96,16,112,0,0,3.9,true,28.72,false
2022-09-05,2022,36,Salem,7,418,244,174,418,0,0,10.4,true,40.19,false
2022-09-05,2022,36,Somerville,7,7419,6472,947,7419,0,0,32.9,true,225.5,true
2022-09-05,2022,36,Watertown Town,7,480,394,86,480,0,0,5.9,true,81.36,false
2022-09-12,2022,37,Arlington,7,548,443,105,548,0,0,6.0,true,91.33,false
2022-09-12,2022,37,Boston,7,97983,85465,12518,97983,0,0,240.7,true,407.08,true
2022-09-12,2022,37,Brookline,7,4786,4245,541,4786,0,0,14.0,true,341.86,true
2022-09-12,2022,37,Cambridge,7,48558,44462,4096,48558,0,0,75.0,true,647.44,true
2022-09-12,2022,37,Chelsea,7,190,149,41,190,0,0,5.7,true,33.33,false
2022-09-12,2022,37,Everett,7,675,585,90,675,0,0,11.9,true,56.72,false
2022-09-12,2022,37,Medford,7,102,87,15,102,0,0,1.0,true,102.0,false
2022-09-12,2022,37,Newton,7,458,337,121,458,0,0,15.1,true,30.33,false
2022-09-12,2022,37,Quincy,2,2,2,0,2,0,0,1.0,true,2.0,false
2022-09-12,2022,37,Revere,7,87,65,22,87,0,0,3.6,true,24.17,false
2022-09-12,2022,37,Salem,7,791,586,205,791,0,0,12.0,true,65.92,false
2022-09-12,2022,37,Somerville,7,8398,7356,1042,8398,0,0,33.0,true,254.48,true
2022-09-12,2022,37,Watertown Town,7,624,504,120,624,0,0,6.0,true,104.0,false
2022-09-19,2022,38,Arlington,7,371,282,89,371,0,0,6.0,true,61.83,false
2022-09-19,2022,38,Boston,7,67513,55340,12173,67513,0,0,233.7,true,288.89,true
2022-09-19,2022,38,Brookline,7,3217,2718,499,3217,0,0,14.0,true,229.79,true
2022-09-19,2022,38,Cambridge,7,38757,34028,4729,38757,0,0,74.9,true,517.45,true
2022-09-19,2022,38,Chelsea,7,113,76,37,113,0,0,4.6,true,24.57,false
2022-09-19,2022,38,Everett,7,479,358,121,479,0,0,11.6,true,41.29,false
2022-09-19,2022,38,Medford,7,131,91,40,131,0,0,2.6,true,50.38,false
2022-09-19,2022,38,Newton,7,327,224,103,327,0,0,12.9,true,25.35,false
2022-09-19,2022,38,Revere,7,94,58,36,94,0,0,3.7,true,25.41,false
2022-09-19,2022,38,Salem,7,563,358,205,563,0,0,11.0,true,51.18,false
2022-09-19,2022,38,Somerville,7,6528,5344,1184,6528,0,0,33.0,true,197.82,true
2022-09-19,2022,38,Watertown Town,7,439,330,109,439,0,0,6.0,true,73.17,false
2022-09-26,2022,39,Arlington,7,324,266,58,324,0,0,6.0,true,54.0,false
2022-09-26,2022,39,Boston,7,65861,51826,14035,65861,0,0,229.4,true,287.1,true
2022-09-26,2022,39,Brookline,7,2992,2406,586,2992,0,0,14.0,true,213.71,true
2022-09-26,2022,39,Cambridge,7,38584,33070,5514,38584,0,0,76.6,true,503.71,true
2022-09-26,2022,39,Chelsea,7,82,46,36,82,0,0,4.6,true,17.83,false
2022-09-26,2022,39,Everett,7,381,280,101,381,0,0,11.6,true,32.84,false
2022-09-26,2022,39,Medford,7,130,77,53,130,0,0,4.0,true,32.5,false
2022-09-26,2022,39,Newton,7,270,166,104,270,0,0,12.7,true,21.26,false
2022-09-26,2022,39,Quincy,2,2,2,0,2,0,0,1.0,true,2.0,false
2022-09-26,2022,39,Revere,7,53,27,26,53,0,0,3.1,true,17.1,false
2022-09-26,2022,39,Salem,7,480,295,185,480,0,0,10.0,true,48.0,false
2022-09-26,2022,39,Somerville,7,5918,4658,1260,5918,0,0,33.0,true,179.33,true
2022-09-26,2022,39,Watertown Town,7,342,259,83,342,0,0,6.0,true,57.0,false
2022-10-03,2022,40,Arlington,7,279,196,83,279,0,0,6.0,true,46.5,false
2022-10-03,2022,40,Boston,7,53071,38751,14320,53071,0,0,227.7,true,233.07,true
2022-10-03,2022,40,Brookline,7,2548,1939,609,2548,0,0,14.0,true,182.0,true
2022-10-03,2022,40,Cambridge,7,34003,27847,6156,34003,0,0,76.7,true,443.32,true
2022-10-03,2022,40,Chelsea,7,76,38,38,76,0,0,4.4,true,17.27,false
2022-10-03,2022,40,Everett,7,282,179,103,282,0,0,10.4,true,27.12,false
2022-10-03,2022,40,Malden,4,32,20,12,32,0,0,2.0,true,16.0,false
2022-10-03,2022,40,Medford,7,130,86,44,130,0,0,3.7,true,35.14,false
2022-10-03,2022,40,Newton,7,234,132,102,234,0,0,13.3,true,17.59,false
2022-10-03,2022,40,Quincy,1,1,1,0,1,0,0,1.0,true,1.0,false
2022-10-03,2022,40,Revere,7,60,35,25,60,0,0,3.3,true,18.18,false
2022-10-03,2022,40,Salem,7,566,294,272,566,0,0,10.3,true,54.95,false
2022-10-03,2022,40,Somerville,7,5427,4085,1342,5427,0,0,33.0,true,164.45,true
2022-10-03,2022,40,Watertown Town,7,283,180,103,283,0,0,5.9,true,47.97,false
2022-10-10,2022,41,Arlington,7,372,218,154,372,0,0,5.9,true,63.05,false
2022-10-10,2022,41,Boston,7,52893,35513,17380,52893,0,0,229.7,true,230.27,true
2022-10-10,2022,41,Brookline,7,2591,1863,728,2591,0,0,14.0,true,185.07,true
2022-10-10,2022,41,Cambridge,7,34557,27077,7480,34557,0,0,76.9,true,449.38,true
2022-10-10,2022,41,Chelsea,7,68,35,33,68,0,0,4.3,true,15.81,false
2022-10-10,2022,41,Everett,7,298,150,148,298,0,0,10.9,true,27.34,false
2022-10-10,2022,41,Malden,7,46,21,25,46,0,0,1.6,true,28.75,false
2022-10-10,2022,41,Medford,7,143,73,70,143,0,0,3.9,true,36.67,false
2022-10-10,2022,41,Newton,7,270,133,137,270,0,0,12.3,true,21.95,false
2022-10-10,2022,41,Quincy,4,4,3,1,4,0,0,1.0,true,4.0,false
2022-10-10,2022,41,Revere,7,46,19,27,46,0,0,2.0,true,23.0,false
2022-10-10,2022,41,Salem,7,591,196,395,591,0,0,11.7,true,50.51,false
2022-10-10,2022,41,Somerville,7,5271,3686,1585,5271,0,0,32.9,true,160.21,true
2022-10-10,2022,41,Watertown Town,7,308,190,118,308,0,0,5.9,true,52.2,false
2022-10-17,2022,42,Arlington,7,291,206,85,291,0,0,6.0,true,48.5,false
2022-10-17,2022,42,Boston,7,51586,34841,16745,51586,0,0,224.7,true,229.58,true
2022-10-17,2022,42,Brookline,7,2553,1848,705,2553,0,0,14.0,true,182.36,true
2022-10-17,2022,42,Cambridge,7,35927,27745,8182,35927,0,0,76.9,true,467.19,true
2022-10-17,2022,42,Chelsea,7,72,40,32,72,0,0,3.9,true,18.46,false
2022-10-17,2022,42,Everett,7,245,141,104,245,0,0,9.9,true,24.75,false
2022-10-17,2022,42,Malden,7,53,31,22,53,0,0,2.1,true,25.24,false
2022-10-17,2022,42,Medford,7,119,55,64,119,0,0,3.9,true,30.51,false
2022-10-17,2022,42,Newton,7,250,123,127,250,0,0,12.1,true,20.66,false
2022-10-17,2022,42,Revere,7,50,19,31,50,0,0,2.7,true,18.52,false
2022-10-17,2022,42,Salem,7,636,143,493,636,0,0,10.3,true,61.75,false
2022-10-17,2022,42,Somerville,7,5513,3928,1585,5513,0,0,32.9,true,167.57,true
2022-10-17,2022,42,Watertown Town,7,335,172,163,335,0,0,5.7,true,58.77,false
2022-10-24,2022,43,Arlington,7,194,122,72,194,0,0,3.3,true,58.79,false
2022-10-24,2022,43,Boston,7,45700,32158,13542,45700,0,0,217.3,true,210.31,true
2022-10-24,2022,43,Brookline,7,2409,1773,636,2409,0,0,14.0,true,172.07,true
2022-10-24,2022,43,Cambridge,7,31322,25408,5914,31322,0,0,76.7,true,408.37,true
2022-10-24,2022,43,Chelsea,7,58,35,23,58,0,0,3.9,true,14.87,false
2022-10-24,2022,43,Everett,7,239,139,100,239,0,0,10.6,true,22.55,false
2022-10-24,2022,43,Malden,7,46,18,28,46,0,0,2.7,true,17.04,false
2022-10-24,2022,43,Medford,7,100,44,56,100,0,0,3.3,true,30.3,false
2022-10-24,2022,43,Newton,7,228,123,105,228,0,0,10.9,true,20.92,false
2022-10-24,2022,43,Revere,7,39,11,28,39,0,0,2.3,true,16.96,false
2022-10-24,2022,43,Salem,7,644,141,503,644,0,0,9.4,true,68.51,false
2022-10-24,2022,43,Somerville,7,4983,3644,1339,4983,0,0,32.6,true,152.85,true
2022-10-24,2022,43,Watertown Town,7,255,155,100,255,0,0,5.9,true,43.22,false
2022-10-31,2022,44,Arlington,7,303,169,134,303,0,0,3.0,true,101.0,false
2022-10-31,2022,44,Boston,7,53939,36929,17010,53939,0,0,211.4,true,255.15,true
2022-10-31,2022,44,Brookline,7,2658,1948,710,2658,0,0,14.0,true,189.86,true
2022-10-31,2022,44,Cambridge,7,36937,29576,7361,36937,0,0,76.7,true,481.58,true
2022-10-31,2022,44,Chelsea,7,75,28,47,75,0,0,3.9,true,19.23,false
2022-10-31,2022,44,Everett,7,287,145,142,287,0,0,11.9,true,24.12,false
2022-10-31,2022,44,Malden,7,63,25,38,63,0,0,2.3,true,27.39,false
2022-10-31,2022,44,Medford,7,138,70,68,138,0,0,4.0,true,34.5,false
2022-10-31,2022,44,Newton,7,278,119,159,278,0,0,12.1,true,22.98,false
2022-10-31,2022,44,Quincy,1,1,1,0,1,0,0,1.0,true,1.0,false
2022-10-31,2022,44,Revere,7,39,15,24,39,0,0,2.7,true,14.44,false
2022-10-31,2022,44,Salem,7,476,112,364,476,0,0,10.0,true,47.6,false
2022-10-31,2022,44,Somerville,7,5633,4057,1576,5633,0,0,33.0,true,170.7,true
2022-10-31,2022,44,Watertown Town,7,312,182,130,312,0,0,5.7,true,54.74,false
2022-11-07,2022,45,Arlington,7,182,119,63,182,0,0,3.0,true,60.67,false
2022-11-07,2022,45,Boston,7,43708,30933,12775,43708,0,0,199.7,true,218.87,true
2022-11-07,2022,45,Brookline,7,2099,1598,501,2099,0,0,13.9,true,151.01,true
2022-11-07,2022,45,Cambridge,7,30832,25484,5348,30832,0,0,76.9,true,400.94,true
2022-11-07,2022,45,Chelsea,7,58,32,26,58,0,0,4.1,true,14.15,false
2022-11-07,2022,45,Everett,7,237,145,92,237,0,0,10.6,true,22.36,false
2022-11-07,2022,45,Hingham,1,1,1,0,1,0,0,1.0,true,1.0,false
2022-11-07,2022,45,Malden,7,42,17,25,42,0,0,2.6,true,16.15,false
2022-11-07,2022,45,Medford,7,98,76,22,98,0,0,3.6,true,27.22,false
2022-11-07,2022,45,Newton,7,200,113,87,200,0,0,10.0,true,20.0,false
2022-11-07,2022,45,Revere,7,28,10,18,28,0,0,1.9,true,14.74,false
2022-11-07,2022,45,Salem,7,199,76,123,199,0,0,8.1,true,24.57,false
2022-11-07,2022,45,Somerville,7,4651,3430,1221,4651,0,0,32.9,true,141.37,true
2022-11-07,2022,45,Watertown Town,7,243,160,83,243,0,0,5.4,true,45.0,false
2022-11-14,2022,46,Arlington,7,115,91,24,115,0,0,2.9,true,39.66,false
2022-11-14,2022,46,Boston,7,28424,22723,5701,28424,0,0,183.3,true,155.07,true
2022-11-14,2022,46,Brookline,7,1510,1201,309,1510,0,0,14.0,true,107.86,true
2022-11-14,2022,46,Cambridge,7,23832,20741,3091,23832,0,0,76.6,true,311.12,true
2022-11-14,2022,46,Chelsea,7,52,40,12,52,0,0,3.3,true,15.76,false
2022-11-14,2022,46,Everett,7,150,114,36,150,0,0,9.0,true,16.67,false
2022-11-14,2022,46,Malden,7,24,13,11,24,0,0,1.9,true,12.63,false
2022-11-14,2022,46,Medford,7,83,52,31,83,0,0,3.3,true,25.15,false
2022-11-14,2022,46,Newton,7,125,85,40,125,0,0,8.0,true,15.62,false
2022-11-14,2022,46,Revere,6,20,9,11,20,0,0,2.0,true,10.0,false
2022-11-14,2022,46,Salem,7,115,58,57,115,0,0,6.6,true,17.42,false
2022-11-14,2022,46,Somerville,7,3655,2929,726,3655,0,0,33.0,true,110.76,true
2022-11-14,2022,46,Watertown Town,7,167,115,52,167,0,0,5.3,true,31.51,false
2022-11-21,2022,47,Arlington,7,107,78,29,107,0,0,3.0,true,35.67,false
2022-11-21,2022,47,Boston,7,18397,13809,4588,18397,0,0,178.3,true,103.18,true
2022-11-21,2022,47,Brookline,7,1032,797,235,1032,0,0,13.7,true,75.33,true
2022-11-21,2022,47,Cambridge,7,15924,13604,2320,15924,0,0,76.0,true,209.53,true
2022-11-21,2022,47,Chelsea,7,37,28,9,37,0,0,3.0,true,12.33,false
2022-11-21,2022,47,Everett,7,142,90,52,142,0,0,9.0,true,15.78,false
2022-11-21,2022,47,Malden,7,39,19,20,39,0,0,2.6,true,15.0,false
2022-11-21,2022,47,Medford,7,51,40,11,51,0,0,3.0,true,17.0,false
2022-11-21,2022,47,Newton,7,129,71,58,129,0,0,6.9,true,18.7,false
2022-11-21,2022,47,Revere,7,15,11,4,15,0,0,1.3,true,11.54,false
2022-11-21,2022,47,Salem,7,76,29,47,76,0,0,6.1,true,12.46,false
2022-11-21,2022,47,Somerville,7,2405,1904,501,2405,0,0,31.9,true,75.39,true
2022-11-21,2022,47,Watertown Town,7,168,100,68,168,0,0,5.4,true,31.11,false
2022-11-28,2022,48,Arlington,7,108,92,16,108,0,0,3.0,true,36.0,false
2022-11-28,2022,48,Boston,7,24928,20340,4588,24928,0,0,178.6,true,139.57,true
2022-11-28,2022,48,Brookline,7,1277,1030,247,1277,0,0,14.0,true,91.21,true
2022-11-28,2022,48,Cambridge,7,21104,18693,2411,21104,0,0,76.9,true,274.43,true
2022-11-28,2022,48,Chelsea,7,38,31,7,38,0,0,3.6,true,10.56,false
2022-11-28,2022,48,Everett,7,141,110,31,141,0,0,9.4,true,15.0,false
2022-11-28,2022,48,Malden,7,42,25,17,42,0,0,2.6,true,16.15,false
2022-11-28,2022,48,Medford,7,52,38,14,52,0,0,3.3,true,15.76,false
2022-11-28,2022,48,Newton,7,100,68,32,100,0,0,6.6,true,15.15,false
2022-11-28,2022,48,Quincy,1,1,1,0,1,0,0,1.0,true,1.0,false
2022-11-28,2022,48,Revere,5,18,13,5,18,0,0,2.4,true,7.5,false
2022-11-28,2022,48,Salem,7,98,59,39,98,0,0,6.3,true,15.56,false
2022-11-28,2022,48,Somerville,7,3012,2464,548,3012,0,0,29.7,true,101.41,true
2022-11-28,2022,48,Watertown Town,7,137,102,35,137,0,0,5.3,true,25.85,false
2022-12-05,2022,49,Arlington,7,82,66,16,82,0,0,3.0,true,27.33,false
2022-12-05,2022,49,Boston,7,23163,18918,4245,23163,0,0,172.9,true,133.97,true
2022-12-05,2022,49,Brookline,7,1169,946,223,1169,0,0,13.9,true,84.1,true
2022-12-05,2022,49,Cambridge,7,19445,17122,2323,19445,0,0,77.3,true,251.55,true
2022-12-05,2022,49,Chelsea,7,33,24,9,33,0,0,2.9,true,11.38,false
2022-12-05,2022,49,Everett,7,128,102,26,128,0,0,9.0,true,14.22,false
2022-12-05,2022,49,Malden,7,51,29,22,51,0,0,2.9,true,17.59,false
2022-12-05,2022,49,Medford,7,58,46,12,58,0,0,3.3,true,17.58,false
2022-12-05,2022,49,Newton,7,111,66,45,111,0,0,6.9,true,16.09,false
2022-12-05,2022,49,Revere,7,18,14,4,18,0,0,2.0,true,9.0,false
2022-12-05,2022,49,Salem,7,82,49,33,82,0,0,5.6,true,14.64,false
2022-12-05,2022,49,Somerville,7,2871,2337,534,2871,0,0,29.4,true,97.65,true
2022-12-05,2022,49,Watertown Town,7,145,106,39,145,0,0,5.0,true,29.0,false
2022-12-12,2022,50,Arlington,7,68,51,17,68,0,0,2.9,true,23.45,false
2022-12-12,2022,50,Boston,7,15019,12534,2485,15019,0,0,164.1,true,91.52,true
2022-12-12,2022,50,Brookline,7,826,655,171,826,0,0,13.9,true,59.42,true
2022-12-12,2022,50,Cambridge,7,13608,12197,1411,13608,0,0,76.4,true,178.12,true
2022-12-12,2022,50,Chelsea,6,33,27,6,33,0,0,3.2,true,10.31,false
2022-12-12,2022,50,Everett,7,85,67,18,85,0,0,7.6,true,11.18,false
2022-12-12,2022,50,Malden,7,38,31,7,38,0,0,2.7,true,14.07,false
2022-12-12,2022,50,Medford,7,56,44,12,56,0,0,3.3,true,16.97,false
2022-12-12,2022,50,Newton,7,48,30,18,48,0,0,4.1,true,11.71,false
2022-12-12,2022,50,Revere,3,10,3,7,10,0,0,2.0,true,5.0,false
2022-12-12,2022,50,Salem,7,42,30,12,42,0,0,4.0,true,10.5,false
2022-12-12,2022,50,Somerville,7,1931,1629,302,1931,0,0,29.1,true,66.36,true
2022-12-12,2022,50,Watertown Town,7,88,72,16,88,0,0,4.9,true,17.96,false
2022-12-19,2022,51,Arlington,7,67,54,13,67,0,0,2.7,true,24.81,false
2022-12-19,2022,51,Boston,7,9545,8100,1445,9545,0,0,145.4,true,65.65,true
2022-12-19,2022,51,Brookline,7,573,484,89,573,0,0,12.4,true,46.21,true
2022-12-19,2022,51,Cambridge,7,8316,7520,796,8316,0,0,73.4,true,113.3,true
2022-12-19,2022,51,Chelsea,6,24,19,5,24,0,0,2.8,true,8.57,false
2022-12-19,2022,51,Everett,7,79,56,23,79,0,0,7.0,true,11.29,false
2022-12-19,2022,51,Malden,7,28,19,9,28,0,0,2.1,true,13.33,false
2022-12-19,2022,51,Medford,7,28,21,7,28,0,0,2.1,true,13.33,false
2022-12-19,2022,51,Newton,6,49,33,16,49,0,0,5.2,true,9.42,false
2022-12-19,2022,51,Revere,4,6,5,1,6,0,0,1.5,true,4.0,false
2022-12-19,2022,51,Salem,6,21,17,4,21,0,0,3.0,true,7.0,false
2022-12-19,2022,51,Somerville,7,1087,941,146,1087,0,0,24.9,true,43.65,true
2022-12-19,2022,51,Watertown Town,7,71,48,23,71,0,0,4.0,true,17.75,false
2022-12-26,2022,52,Arlington,7,72,44,28,72,0,0,2.7,true,26.67,false
2022-12-26,2022,52,Boston,7,10000,6723,3277,10000,0,0,159.0,true,62.89,true
2022-12-26,2022,52,Brookline,7,563,445,118,563,0,0,13.0,true,43.31,true
2022-12-26,2022,52,Cambridge,7,6408,5142,1266,6408,0,0,75.6,true,84.76,true
2022-12-26,2022,52,Chelsea,7,43,27,16,43,0,0,3.7,true,11.62,false
2022-12-26,2022,52,Everett,7,125,81,44,125,0,0,8.6,true,14.53,false
2022-12-26,2022,52,Malden,7,39,14,25,39,0,0,2.3,true,16.96,false
2022-12-26,2022,52,Medford,7,35,12,23,35,0,0,2.7,true,12.96,false
2022-12-26,2022,52,Newton,7,68,42,26,68,0,0,6.0,true,11.33,false
2022-12-26,2022,52,Revere,5,13,3,10,13,0,0,1.6,true,8.12,false
2022-12-26,2022,52,Salem,7,31,8,23,31,0,0,2.9,true,10.69,false
2022-12-26,2022,52,Somerville,7,1290,958,332,1290,0,0,29.0,true,44.48,true
2022-12-26,2022,52,Watertown Town,7,111,68,43,111,0,0,5.3,true,20.94,false
2023-01-02,2023,1,Arlington,7,86,62,24,86,0,0,3.0,true,28.67,false
2023-01-02,2023,1,Boston,7,12766,10192,2574,12766,0,0,166.1,true,76.86,true
2023-01-02,2023,1,Brookline,7,692,583,109,692,0,0,13.9,true,49.78,true
2023-01-02,2023,1,Cambridge,7,9134,7999,1135,9134,0,0,77.4,true,118.01,true
2023-01-02,2023,1,Chelsea,7,33,22,11,33,0,0,3.3,true,10.0,false
2023-01-02,2023,1,Everett,7,91,53,38,91,0,0,6.3,true,14.44,false
2023-01-02,2023,1,Malden,7,32,21,11,32,0,0,2.4,true,13.33,false
2023-01-02,2023,1,Medford,7,36,29,7,36,0,0,2.6,true,13.85,false
2023-01-02,2023,1,Newton,7,76,42,34,76,0,0,5.6,true,13.57,false
2023-01-02,2023,1,Revere,5,7,2,5,7,0,0,1.2,true,5.83,false
2023-01-02,2023,1,Salem,7,45,27,18,45,0,0,4.1,true,10.98,false
2023-01-02,2023,1,Somerville,7,1508,1196,312,1508,0,0,28.0,true,53.86,true
2023-01-02,2023,1,Watertown Town,7,113,75,38,113,0,0,5.0,true,22.6,false
2023-01-09,2023,2,Arlington,7,99,87,12,99,0,0,3.0,true,33.0,false
2023-01-09,2023,2,Boston,7,16075,13498,2577,16075,0,0,166.9,true,96.32,true
2023-01-09,2023,2,Brookline,7,811,679,132,811,0,0,14.0,true,57.93,true
2023-01-09,2023,2,Cambridge,7,12677,11512,1165,12677,0,0,77.0,true,164.64,true
2023-01-09,2023,2,Chelsea,6,26,22,4,26,0,0,2.3,true,11.3,false
2023-01-09,2023,2,Everett,7,84,52,32,84,0,0,7.6,true,11.05,false
2023-01-09,2023,2,Malden,7,36,29,7,36,0,0,2.0,true,18.0,false
2023-01-09,2023,2,Medford,7,44,36,8,44,0,0,2.7,true,16.3,false
2023-01-09,2023,2,Newton,1,5,5,0,5,0,0,5.0,true,1.0,false
2023-01-09,2023,2,Revere,5,8,5,3,8,0,0,1.2,true,6.67,false
2023-01-09,2023,2,Salem,7,41,24,17,41,0,0,3.7,true,11.08,false
2023-01-09,2023,2,Somerville,7,1885,1605,280,1885,0,0,29.1,true,64.78,true
2023-01-09,2023,2,Watertown Town,7,100,68,32,100,0,0,5.0,true,20.0,false
2023-01-16,2023,3,Arlington,7,89,77,12,89,0,0,2.7,true,32.96,false
2023-01-16,2023,3,Boston,7,15005,12591,2414,15005,0,0,165.6,true,90.61,true
2023-01-16,2023,3,Brookline,7,876,727,149,876,0,0,13.7,true,63.94,true
2023-01-16,2023,3,Cambridge,7,12245,11051,1194,12245,0,0,76.6,true,159.86,true
2023-01-16,2023,3,Chelsea,6,16,10,6,16,0,0,2.0,true,8.0,false
2023-01-16,2023,3,Everett,7,65,45,20,65,0,0,5.7,true,11.4,false
2023-01-16,2023,3,Malden,7,23,16,7,23,0,0,2.1,true,10.95,false
2023-01-16,2023,3,Medford,7,51,35,16,51,0,0,2.9,true,17.59,false
2023-01-16,2023,3,Revere,5,13,8,5,13,0,0,1.6,true,8.12,false
2023-01-16,2023,3,Salem,7,44,18,26,44,0,0,4.3,true,10.23,false
2023-01-16,2023,3,Somerville,7,1690,1402,288,1690,0,0,28.9,true,58.48,true
2023-01-16,2023,3,Watertown Town,7,89,67,22,89,0,0,4.6,true,19.35,false
2023-01-23,2023,4,Arlington,7,98,80,18,98,0,0,3.0,true,32.67,false
2023-01-23,2023,4,Boston,7,18521,14707,3814,18521,0,0,165.7,true,111.77,true
2023-01-23,2023,4,Brookline,7,1041,811,230,1041,0,0,13.9,true,74.89,true
2023-01-23,2023,4,Cambridge,7,15342,13466,1876,15342,0,0,76.4,true,200.81,true
2023-01-23,2023,4,Chelsea,5,20,12,8,20,0,0,2.0,true,10.0,false
2023-01-23,2023,4,Everett,7,88,60,28,88,0,0,7.1,true,12.39,false
2023-01-23,2023,4,Malden,7,45,31,14,45,0,0,2.3,true,19.57,false
2023-01-23,2023,4,Medford,7,54,44,10,54,0,0,2.7,true,20.0,false
2023-01-23,2023,4,Revere,5,11,6,5,11,0,0,1.6,true,6.88,false
2023-01-23,2023,4,Salem,7,52,16,36,52,0,0,4.4,true,11.82,false
2023-01-23,2023,4,Somerville,7,2155,1736,419,2155,0,0,29.1,true,74.05,true
2023-01-23,2023,4,Watertown Town,7,107,75,32,107,0,0,4.1,true,26.1,false
2023-01-30,2023,5,Arlington,7,81,73,8,81,0,0,2.7,true,30.0,false
2023-01-30,2023,5,Boston,7,15486,13268,2218,15486,0,0,157.9,true,98.07,true
2023-01-30,2023,5,Brookline,7,861,743,118,861,0,0,13.6,true,63.31,true
2023-01-30,2023,5,Cambridge,7,14003,12756,1247,14003,0,0,75.4,true,185.72,true
2023-01-30,2023,5,Chelsea,5,15,10,5,15,0,0,1.6,true,9.38,false
2023-01-30,2023,5,Everett,7,66,46,20,66,0,0,5.6,true,11.79,false
2023-01-30,2023,5,Malden,6,28,25,3,28,0,0,2.3,true,12.17,false
2023-01-30,2023,5,Medford,7,43,35,8,43,0,0,3.1,true,13.87,false
2023-01-30,2023,5,Revere,6,11,9,2,11,0,0,1.5,true,7.33,false
2023-01-30,2023,5,Salem,6,49,19,30,49,0,0,5.3,true,9.25,false
2023-01-30,2023,5,Somerville,7,1825,1586,239,1825,0,0,28.1,true,64.95,true
2023-01-30,2023,5,Watertown Town,6,85,72,13,85,0,0,4.2,true,20.24,false
2023-02-06,2023,6,Arlington,7,142,118,24,142,0,0,3.0,true,47.33,false
2023-02-06,2023,6,Boston,7,22505,17849,4656,22505,0,0,174.1,true,129.26,true
2023-02-06,2023,6,Brookline,7,1297,1074,223,1297,0,0,14.0,true,92.64,true
2023-02-06,2023,6,Cambridge,7,20224,17744,2480,20224,0,0,78.4,true,257.96,true
2023-02-06,2023,6,Chelsea,7,26,12,14,26,0,0,2.4,true,10.83,false
2023-02-06,2023,6,Everett,7,131,91,40,131,0,0,8.0,true,16.38,false
2023-02-06,2023,6,Malden,7,55,40,15,55,0,0,2.9,true,18.97,false
2023-02-06,2023,6,Medford,7,58,39,19,58,0,0,3.3,true,17.58,false
2023-02-06,2023,6,Revere,5,11,3,8,11,0,0,1.2,true,9.17,false
2023-02-06,2023,6,Salem,7,108,28,80,108,0,0,6.3,true,17.14,false
2023-02-06,2023,6,Somerville,7,2723,2167,556,2723,0,0,29.6,true,91.99,true
2023-02-06,2023,6,Watertown Town,7,131,85,46,131,0,0,5.3,true,24.72,false
2023-02-13,2023,7,Arlington,7,122,102,20,122,0,0,3.0,true,40.67,false
2023-02-13,2023,7,Boston,7,22679,17889,4790,22679,0,0,174.4,true,130.04,true
2023-02-13,2023,7,Brookline,7,1306,1069,237,1306,0,0,14.0,true,93.29,true
2023-02-13,2023,7,Cambridge,7,19580,17308,2272,19580,0,0,78.9,true,248.16,true
2023-02-13,2023,7,Chelsea,7,39,22,17,39,0,0,2.7,true,14.44,false
2023-02-13,2023,7,Everett,7,137,91,46,137,0,0,8.0,true,17.12,false
2023-02-13,2023,7,Malden,7,59,49,10,59,0,0,2.7,true,21.85,false
2023-02-13,2023,7,Medford,7,60,42,18,60,0,0,3.4,true,17.65,false
2023-02-13,2023,7,Revere,6,17,7,10,17,0,0,2.3,true,7.39,false
2023-02-13,2023,7,Salem,7,101,31,70,101,0,0,7.1,true,14.23,false
2023-02-13,2023,7,Somerville,7,2669,2185,484,2669,0,0,30.4,true,87.8,true
2023-02-13,2023,7,Watertown Town,7,136,96,40,136,0,0,4.9,true,27.76,false
2023-02-20,2023,8,Arlington,7,75,62,13,75,0,0,2.7,true,27.78,false
2023-02-20,2023,8,Boston,7,14100,11411,2689,14100,0,0,163.0,true,86.5,true
2023-02-20,2023,8,Brookline,7,792,653,139,792,0,0,12.9,true,61.4,true
2023-02-20,2023,8,Cambridge,7,13541,12135,1406,13541,0,0,77.0,true,175.86,true
2023-02-20,2023,8,Chelsea,7,23,12,11,23,0,0,2.7,true,8.52,false
2023-02-20,2023,8,Everett,7,76,46,30,76,0,0,5.9,true,12.88,false
2023-02-20,2023,8,Malden,6,33,17,16,33,0,0,2.3,true,14.35,false
2023-02-20,2023,8,Medford,7,42,23,19,42,0,0,2.3,true,18.26,false
2023-02-20,2023,8,Revere,5,15,5,10,15,0,0,1.2,true,12.5,false
2023-02-20,2023,8,Salem,6,37,13,24,37,0,0,3.7,true,10.0,false
2023-02-20,2023,8,Somerville,7,1706,1395,311,1706,0,0,29.0,true,58.83,true
2023-02-20,2023,8,Watertown Town,7,88,57,31,88,0,0,4.1,true,21.46,false
2023-02-27,2023,9,Arlington,7,75,67,8,75,0,0,2.9,true,25.86,false
2023-02-27,2023,9,Boston,7,16173,13374,2799,16173,0,0,165.4,true,97.78,true
2023-02-27,2023,9,Brookline,7,900,778,122,900,0,0,13.1,true,68.7,true
2023-02-27,2023,9,Cambridge,7,15724,14189,1535,15724,0,0,76.4,true,205.81,true
2023-02-27,2023,9,Chelsea,6,18,14,4,18,0,0,2.0,true,9.0,false
2023-02-27,2023,9,Everett,7,78,53,25,78,0,0,5.9,true,13.22,false
2023-02-27,2023,9,Malden,7,28,25,3,28,0,0,2.3,true,12.17,false
2023-02-27,2023,9,Medford,7,38,29,9,38,0,0,2.1,true,18.1,false
2023-02-27,2023,9,Revere,6,17,14,3,17,0,0,2.2,true,7.73,false
2023-02-27,2023,9,Salem,6,44,18,26,44,0,0,4.3,true,10.23,false
2023-02-27,2023,9,Somerville,7,2023,1692,331,2023,0,0,30.1,true,67.21,true
2023-02-27,2023,9,Watertown Town,7,81,61,20,81,0,0,4.4,true,18.41,false
2023-03-06,2023,10,Arlington,7,139,95,44,139,0,0,3.0,true,46.33,false
2023-03-06,2023,10,Boston,7,19855,16120,3735,19855,0,0,176.1,true,112.75,true
2023-03-06,2023,10,Brookline,7,1183,979,204,1183,0,0,13.6,true,86.99,true
2023-03-06,2023,10,Cambridge,7,19034,16927,2107,19034,0,0,78.1,true,243.71,true
2023-03-06,2023,10,Chelsea,7,40,20,20,40,0,0,3.4,true,11.76,false
2023-03-06,2023,10,Everett,7,102,65,37,102,0,0,6.6,true,15.45,false
2023-03-06,2023,10,Malden,7,36,21,15,36,0,0,2.4,true,15.0,false
2023-03-06,2023,10,Medford,7,59,35,24,59,0,0,3.3,true,17.88,false
2023-03-06,2023,10,Revere,7,25,14,11,25,0,0,2.0,true,12.5,false
2023-03-06,2023,10,Salem,7,67,29,38,67,0,0,5.4,true,12.41,false
2023-03-06,2023,10,Somerville,7,2695,2217,478,2695,0,0,31.6,true,85.28,true
2023-03-06,2023,10,Watertown Town,7,133,91,42,133,0,0,4.7,true,28.3,false
2023-03-13,2023,11,Arlington,7,130,88,42,130,0,0,2.7,true,48.15,false
2023-03-13,2023,11,Boston,7,20275,14836,5439,20275,0,0,169.0,true,119.97,true
2023-03-13,2023,11,Brookline,7,1081,850,231,1081,0,0,13.4,true,80.67,true
2023-03-13,2023,11,Cambridge,7,15784,13464,2320,15784,0,0,77.4,true,203.93,true
2023-03-13,2023,11,Chelsea,7,34,21,13,34,0,0,2.9,true,11.72,false
2023-03-13,2023,11,Everett,7,115,57,58,115,0,0,7.1,true,16.2,false
2023-03-13,2023,11,Malden,7,34,28,6,34,0,0,2.1,true,16.19,false
2023-03-13,2023,11,Medford,6,47,23,24,47,0,0,2.5,true,18.8,false
2023-03-13,2023,11,Revere,7,24,17,7,24,0,0,2.4,true,10.0,false
2023-03-13,2023,11,Salem,7,33,13,20,33,0,0,3.4,true,9.71,false
2023-03-13,2023,11,Somerville,7,2492,1907,585,2492,0,0,31.7,true,78.61,true
2023-03-13,2023,11,Watertown Town,7,105,73,32,105,0,0,4.0,true,26.25,false
2023-03-20,2023,12,Arlington,7,182,129,53,182,0,0,3.0,true,60.67,false
2023-03-20,2023,12,Boston,7,27378,20366,7012,27378,0,0,188.7,true,145.09,true
2023-03-20,2023,12,Brookline,7,1392,1083,309,1392,0,0,14.0,true,99.43,true
2023-03-20,2023,12,Cambridge,7,20303,17110,3193,20303,0,0,78.7,true,257.98,true
2023-03-20,2023,12,Chelsea,7,44,17,27,44,0,0,3.1,true,14.19,false
2023-03-20,2023,12,Everett,7,136,75,61,136,0,0,9.0,true,15.11,false
2023-03-20,2023,12,Malden,7,51,23,28,51,0,0,2.4,true,21.25,false
2023-03-20,2023,12,Medford,7,79,61,18,79,0,0,3.9,true,20.26,false
2023-03-20,2023,12,Revere,7,41,23,18,41,0,0,2.6,true,15.77,false
2023-03-20,2023,12,Salem,7,87,26,61,87,0,0,6.4,true,13.59,false
2023-03-20,2023,12,Somerville,7,3262,2534,728,3262,0,0,34.0,true,95.94,true
2023-03-20,2023,12,Watertown Town,7,140,87,53,140,0,0,4.6,true,30.43,false
2023-03-27,2023,13,Arlington,7,152,106,46,152,0,0,3.0,true,50.67,false
2023-03-27,2023,13,Boston,7,25271,18885,6386,25271,0,0,191.9,true,131.69,true
2023-03-27,2023,13,Brookline,7,1403,1108,295,1403,0,0,14.0,true,100.21,true
2023-03-27,2023,13,Cambridge,7,17529,14721,2808,17529,0,0,78.9,true,222.17,true
2023-03-27,2023,13,Chelsea,7,28,13,15,28,0,0,2.7,true,10.37,false
2023-03-27,2023,13,Everett,7,153,88,65,153,0,0,8.6,true,17.79,false
2023-03-27,2023,13,Malden,7,45,28,17,45,0,0,2.6,true,17.31,false
2023-03-27,2023,13,Medford,7,81,50,31,81,0,0,3.9,true,20.77,false
2023-03-27,2023,13,Revere,7,27,16,11,27,0,0,2.3,true,11.74,false
2023-03-27,2023,13,Salem,7,88,35,53,88,0,0,6.1,true,14.43,false
2023-03-27,2023,13,Somerville,7,3206,2461,745,3206,0,0,34.0,true,94.29,true
2023-03-27,2023,13,Watertown Town,7,140,84,56,140,0,0,5.3,true,26.42,false
2023-04-03,2023,14,Arlington,7,215,125,90,215,0,0,3.0,true,71.67,false
2023-04-03,2023,14,Boston,7,30901,22070,8831,30901,0,0,202.7,true,152.45,true
2023-04-03,2023,14,Brookline,7,1674,1284,390,1674,0,0,14.0,true,119.57,true
2023-04-03,2023,14,Cambridge,7,24214,19904,4310,24214,0,0,78.7,true,307.67,true
2023-04-03,2023,14,Chelsea,7,38,26,12,38,0,0,3.3,true,11.52,false
2023-04-03,2023,14,Everett,7,182,105,77,182,0,0,10.0,true,18.2,false
2023-04-03,2023,14,Malden,7,56,30,26,56,0,0,2.6,true,21.54,false
2023-04-03,2023,14,Medford,7,108,74,34,108,0,0,4.0,true,27.0,false
2023-04-03,2023,14,Newton,7,75,31,44,75,0,0,4.9,true,15.31,false
2023-04-03,2023,14,Revere,7,45,25,20,45,0,0,3.0,true,15.0,false
2023-04-03,2023,14,Salem,7,148,41,107,148,0,0,7.4,true,20.0,false
2023-04-03,2023,14,Somerville,7,3715,2863,852,3715,0,0,33.7,true,110.24,true
2023-04-03,2023,14,Watertown Town,7,194,102,92,194,0,0,5.3,true,36.6,false
2023-04-10,2023,15,Arlington,7,275,139,136,275,0,0,3.0,true,91.67,false
2023-04-10,2023,15,Boston,7,47483,28701,18782,47483,0,0,217.3,true,218.51,true
2023-04-10,2023,15,Brookline,7,2331,1571,760,2331,0,0,13.9,true,167.7,true
2023-04-10,2023,15,Cambridge,7,31382,24193,7189,31382,0,0,79.0,true,397.24,true
2023-04-10,2023,15,Chelsea,7,77,27,50,77,0,0,4.1,true,18.78,false
2023-04-10,2023,15,Everett,7,313,153,160,313,0,0,10.6,true,29.53,false
2023-04-10,2023,15,Hingham,1,1,1,0,1,0,0,1.0,true,1.0,false
2023-04-10,2023,15,Malden,7,80,31,49,80,0,0,2.6,true,30.77,false
2023-04-10,2023,15,Medford,7,143,66,77,143,0,0,3.7,true,38.65,false
2023-04-10,2023,15,Newton,7,251,93,158,251,0,0,10.3,true,24.37,false
2023-04-10,2023,15,Revere,7,70,22,48,70,0,0,2.9,true,24.14,false
2023-04-10,2023,15,Salem,7,236,76,160,236,0,0,9.7,true,24.33,false
2023-04-10,2023,15,Somerville,7,5182,3643,1539,5182,0,0,34.0,true,152.41,true
2023-04-10,2023,15,Watertown Town,7,294,143,151,294,0,0,6.0,true,49.0,false
2023-04-17,2023,16,Arlington,7,184,136,48,184,0,0,5.1,true,36.08,false
2023-04-17,2023,16,Boston,7,33655,23142,10513,33655,0,0,210.1,true,160.19,true
2023-04-17,2023,16,Brookline,7,1733,1273,460,1733,0,0,13.1,true,132.29,true
2023-04-17,2023,16,Cambridge,7,24390,19979,4411,24390,0,0,77.7,true,313.9,true
2023-04-17,2023,16,Chelsea,7,46,28,18,46,0,0,3.9,true,11.79,false
2023-04-17,2023,16,Everett,7,146,78,68,146,0,0,8.7,true,16.78,false
2023-04-17,2023,16,Malden,7,51,27,24,51,0,0,2.3,true,22.17,false
2023-04-17,2023,16,Medford,7,87,47,40,87,0,0,3.4,true,25.59,false
2023-04-17,2023,16,Newton,7,248,80,168,248,0,0,9.0,true,27.56,false
2023-04-17,2023,16,Revere,7,45,11,34,45,0,0,2.3,true,19.57,false
2023-04-17,2023,16,Salem,7,104,45,59,104,0,0,7.1,true,14.65,false
2023-04-17,2023,16,Somerville,7,3753,2911,842,3753,0,0,33.7,true,111.36,true
2023-04-17,2023,16,Watertown Town,7,196,136,60,196,0,0,5.4,true,36.3,false
2023-04-24,2023,17,Arlington,7,200,134,66,200,0,0,5.7,true,35.09,false
2023-04-24,2023,17,Boston,7,34023,25205,8818,34023,0,0,218.3,true,155.85,true
2023-04-24,2023,17,Brookline,7,1846,1418,428,1846,0,0,14.0,true,131.86,true
2023-04-24,2023,17,Cambridge,7,25386,21267,4119,25386,0,0,78.1,true,325.04,true
2023-04-24,2023,17,Chelsea,7,55,39,16,55,0,0,3.6,true,15.28,false
2023-04-24,2023,17,Everett,7,204,131,73,204,0,0,9.1,true,22.42,false
2023-04-24,2023,17,Malden,7,55,30,25,55,0,0,2.4,true,22.92,false
2023-04-24,2023,17,Medford,7,81,54,27,81,0,0,3.1,true,26.13,false
2023-04-24,2023,17,Newton,7,152,75,77,152,0,0,8.4,true,18.1,false
2023-04-24,2023,17,Quincy,1,1,1,0,1,0,0,1.0,true,1.0,false
2023-04-24,2023,17,Revere,6,31,9,22,31,0,0,2.3,true,13.48,false
2023-04-24,2023,17,Salem,7,148,63,85,148,0,0,8.4,true,17.62,false
2023-04-24,2023,17,Somerville,7,3904,3014,890,3904,0,0,33.9,true,115.16,true
2023-04-24,2023,17,Watertown Town,7,192,124,68,192,0,0,5.4,true,35.56,false
2023-05-01,2023,18,Arlington,7,354,191,163,354,0,0,5.6,true,63.21,false
2023-05-01,2023,18,Boston,7,43462,28800,14662,43462,0,0,225.3,true,192.91,true
2023-05-01,2023,18,Brookline,7,2115,1506,609,2115,0,0,14.0,true,151.07,true
2023-05-01,2023,18,Cambridge,7,28620,22268,6352,28620,0,0,79.0,true,362.28,true
2023-05-01,2023,18,Chelsea,7,72,40,32,72,0,0,3.7,true,19.46,false
2023-05-01,2023,18,Everett,7,246,120,126,246,0,0,10.4,true,23.65,false
2023-05-01,2023,18,Malden,7,96,43,53,96,0,0,2.7,true,35.56,false
2023-05-01,2023,18,Medford,7,127,61,66,127,0,0,3.9,true,32.56,false
2023-05-01,2023,18,Newton,7,241,90,151,241,0,0,10.3,true,23.4,false
2023-05-01,2023,18,Quincy,1,1,0,1,1,0,0,1.0,true,1.0,false
2023-05-01,2023,18,Revere,7,77,24,53,77,0,0,2.7,true,28.52,false
2023-05-01,2023,18,Salem,7,269,69,200,269,0,0,10.1,true,26.63,false
2023-05-01,2023,18,Somerville,7,4894,3398,1496,4894,0,0,34.0,true,143.94,true
2023-05-01,2023,18,Watertown Town,7,290,162,128,290,0,0,5.7,true,50.88,false
2023-05-08,2023,19,Arlington,7,421,222,199,421,0,0,6.0,true,70.17,false
2023-05-08,2023,19,Boston,7,51915,32173,19742,51915,0,0,229.0,true,226.7,true
2023-05-08,2023,19,Brookline,7,2575,1709,866,2575,0,0,14.0,true,183.93,true
2023-05-08,2023,19,Cambridge,7,32030,24271,7759,32030,0,0,79.0,true,405.44,true
2023-05-08,2023,19,Chelsea,7,80,34,46,80,0,0,4.6,true,17.39,false
2023-05-08,2023,19,Everett,7,350,156,194,350,0,0,10.9,true,32.11,false
2023-05-08,2023,19,Malden,7,95,36,59,95,0,0,3.0,true,31.67,false
2023-05-08,2023,19,Medford,7,121,62,59,121,0,0,3.7,true,32.7,false
2023-05-08,2023,19,Newton,7,280,111,169,280,0,0,11.6,true,24.14,false
2023-05-08,2023,19,Quincy,1,1,1,0,1,0,0,1.0,true,1.0,false
2023-05-08,2023,19,Revere,7,89,21,68,89,0,0,3.1,true,28.71,false
2023-05-08,2023,19,Salem,7,364,80,284,364,0,0,11.0,true,33.09,false
2023-05-08,2023,19,Somerville,7,5814,3730,2084,5814,0,0,33.7,true,172.52,true
2023-05-08,2023,19,Watertown Town,7,419,196,223,419,0,0,6.0,true,69.83,false
2023-05-15,2023,20,Arlington,7,351,190,161,351,0,0,5.9,true,59.49,false
2023-05-15,2023,20,Boston,7,44874,29193,15681,44874,0,0,225.4,true,199.09,true
2023-05-15,2023,20,Brookline,7,2282,1569,713,2282,0,0,14.0,true,163.0,true
2023-05-15,2023,20,Cambridge,7,28100,21828,6272,28100,0,0,78.7,true,357.05,true
2023-05-15,2023,20,Chelsea,7,63,27,36,63,0,0,3.7,true,17.03,false
2023-05-15,2023,20,Everett,7,317,143,174,317,0,0,11.0,true,28.82,false
2023-05-15,2023,20,Malden,7,98,42,56,98,0,0,2.9,true,33.79,false
2023-05-15,2023,20,Medford,7,159,76,83,159,0,0,4.9,true,32.45,false
2023-05-15,2023,20,Newton,7,221,95,126,221,0,0,10.0,true,22.1,false
2023-05-15,2023,20,Revere,7,76,24,52,76,0,0,2.9,true,26.21,false
2023-05-15,2023,20,Salem,7,323,129,194,323,0,0,10.3,true,31.36,false
2023-05-15,2023,20,Somerville,7,4912,3406,1506,4912,0,0,34.0,true,144.47,true
2023-05-15,2023,20,Watertown Town,7,306,163,143,306,0,0,5.7,true,53.68,false
2023-05-22,2023,21,Arlington,7,412,183,229,412,0,0,6.0,true,68.67,false
2023-05-22,2023,21,Boston,7,49437,29767,19670,49437,0,0,230.4,true,214.57,true
2023-05-22,2023,21,Brookline,7,2369,1622,747,2369,0,0,14.0,true,169.21,true
2023-05-22,2023,21,Cambridge,7,29521,21372,8149,29521,0,0,79.6,true,370.87,true
2023-05-22,2023,21,Chelsea,7,72,35,37,72,0,0,4.4,true,16.36,false
2023-05-22,2023,21,Everett,7,415,175,240,415,0,0,11.3,true,36.73,false
2023-05-22,2023,21,Hingham,1,2,0,2,2,0,0,1.0,true,2.0,false
2023-05-22,2023,21,Malden,7,115,49,66,115,0,0,3.0,true,38.33,false
2023-05-22,2023,21,Medford,7,227,82,145,227,0,0,6.0,true,37.83,false
2023-05-22,2023,21,Newton,7,277,144,133,277,0,0,11.7,true,23.68,false
2023-05-22,2023,21,Revere,7,62,9,53,62,0,0,2.3,true,26.96,false
2023-05-22,2023,21,Salem,7,320,116,204,320,0,0,10.9,true,29.36,false
2023-05-22,2023,21,Somerville,7,5169,3500,1669,5169,0,0,34.0,true,152.03,true
2023-05-22,2023,21,Watertown Town,7,423,191,232,423,0,0,6.0,true,70.5,false
2023-05-29,2023,22,Arlington,7,349,196,153,349,0,0,5.9,true,59.15,false
2023-05-29,2023,22,Boston,7,41238,27273,13965,41238,0,0,228.7,true,180.31,true
2023-05-29,2023,22,Brookline,7,2024,1440,584,2024,0,0,14.0,true,144.57,true
2023-05-29,2023,22,Cambridge,7,24635,19053,5582,24635,0,0,80.0,true,307.94,true
2023-05-29,2023,22,Chelsea,7,72,39,33,72,0,0,3.3,true,21.82,false
2023-05-29,2023,22,Everett,7,278,144,134,278,0,0,10.7,true,25.98,false
2023-05-29,2023,22,Malden,7,95,49,46,95,0,0,3.0,true,31.67,false
2023-05-29,2023,22,Medford,7,151,72,79,151,0,0,5.6,true,26.96,false
2023-05-29,2023,22,Newton,7,224,99,125,224,0,0,10.7,true,20.93,false
2023-05-29,2023,22,Revere,6,47,15,32,47,0,0,2.3,true,20.43,false
2023-05-29,2023,22,Salem,7,249,90,159,249,0,0,10.0,true,24.9,false
2023-05-29,2023,22,Somerville,7,4570,3354,1216,4570,0,0,33.9,true,134.81,true
2023-05-29,2023,22,Watertown Town,7,349,196,153,349,0,0,6.0,true,58.17,false
2023-06-05,2023,23,Arlington,7,338,213,125,338,0,0,6.0,true,56.33,false
2023-06-05,2023,23,Boston,7,44915,30774,14141,44915,0,0,229.9,true,195.37,true
2023-06-05,2023,23,Brookline,7,2162,1576,586,2162,0,0,14.0,true,154.43,true
2023-06-05,2023,23,Cambridge,7,26505,20590,5915,26505,0,0,79.9,true,331.73,true
2023-06-05,2023,23,Chelsea,7,68,39,29,68,0,0,3.7,true,18.38,false
2023-06-05,2023,23,Everett,7,334,166,168,334,0,0,11.7,true,28.55,false
2023-06-05,2023,23,Malden,7,121,71,50,121,0,0,3.0,true,40.33,false
2023-06-05,2023,23,Medford,7,213,108,105,213,0,0,6.4,true,33.28,false
2023-06-05,2023,23,Newton,7,254,106,148,254,0,0,11.0,true,23.09,false
2023-06-05,2023,23,Revere,7,75,21,54,75,0,0,2.9,true,25.86,false
2023-06-05,2023,23,Salem,7,274,87,187,274,0,0,12.1,true,22.64,false
2023-06-05,2023,23,Somerville,7,5225,3753,1472,5225,0,0,34.0,true,153.68,true
2023-06-05,2023,23,Watertown Town,7,340,214,126,340,0,0,6.0,true,56.67,false
2023-06-12,2023,24,Arlington,7,382,238,144,382,0,0,6.0,true,63.67,false
2023-06-12,2023,24,Boston,7,46496,31262,15234,46496,0,0,228.4,true,203.57,true
2023-06-12,2023,24,Brookline,7,2201,1599,602,2201,0,0,14.0,true,157.21,true
2023-06-12,2023,24,Cambridge,7,26670,20732,5938,26670,0,0,79.6,true,335.05,true
2023-06-12,2023,24,Chelsea,7,82,42,40,82,0,0,4.1,true,20.0,false
2023-06-12,2023,24,Everett,7,351,154,197,351,0,0,10.7,true,32.8,false
2023-06-12,2023,24,Malden,7,107,55,52,107,0,0,3.0,true,35.67,false
2023-06-12,2023,24,Medford,7,217,119,98,217,0,0,6.4,true,33.91,false
2023-06-12,2023,24,Newton,7,225,120,105,225,0,0,10.4,true,21.63,false
2023-06-12,2023,24,Revere,7,88,26,62,88,0,0,3.0,true,29.33,false
2023-06-12,2023,24,Salem,7,300,126,174,300,0,0,13.6,true,22.06,false
2023-06-12,2023,24,Somerville,7,5456,3920,1536,5456,0,0,34.0,true,160.47,true
2023-06-12,2023,24,Watertown Town,7,305,212,93,305,0,0,5.9,true,51.69,false
2023-06-19,2023,25,Arlington,7,449,269,180,449,0,0,6.0,true,74.83,false
2023-06-19,2023,25,Boston,7,53624,34323,19301,53624,0,0,233.3,true,229.85,true
2023-06-19,2023,25,Brookline,7,2502,1799,703,2502,0,0,14.0,true,178.71,true
2023-06-19,2023,25,Cambridge,7,30613,23276,7337,30613,0,0,80.0,true,382.66,true
2023-06-19,2023,25,Chelsea,7,94,42,52,94,0,0,4.4,true,21.36,false
2023-06-19,2023,25,Everett,7,383,180,203,383,0,0,11.0,true,34.82,false
2023-06-19,2023,25,Malden,7,125,69,56,125,0,0,2.9,true,43.1,false
2023-06-19,2023,25,Medford,7,286,122,164,286,0,0,6.7,true,42.69,false
2023-06-19,2023,25,Newton,7,308,172,136,308,0,0,11.6,true,26.55,false
2023-06-19,2023,25,Revere,7,102,37,65,102,0,0,3.1,true,32.9,false
2023-06-19,2023,25,Salem,7,442,165,277,442,0,0,15.0,true,29.47,false
2023-06-19,2023,25,Somerville,7,6326,4327,1999,6326,0,0,33.9,true,186.61,true
2023-06-19,2023,25,Watertown Town,7,442,268,174,442,0,0,6.0,true,73.67,false
2023-06-26,2023,26,Arlington,7,295,183,112,295,0,0,6.0,true,49.17,false
2023-06-26,2023,26,Boston,7,47904,31785,16119,47904,0,0,229.9,true,208.37,true
2023-06-26,2023,26,Brookline,7,2214,1638,576,2214,0,0,14.0,true,158.14,true
2023-06-26,2023,26,Cambridge,7,29146,22980,6166,29146,0,0,79.7,true,365.7,true
2023-06-26,2023,26,Chelsea,7,81,43,38,81,0,0,3.9,true,20.77,false
2023-06-26,2023,26,Everett,7,319,183,136,319,0,0,10.7,true,29.81,false
2023-06-26,2023,26,Malden,7,93,54,39,93,0,0,2.9,true,32.07,false
2023-06-26,2023,26,Medford,7,227,103,124,227,0,0,6.7,true,33.88,false
2023-06-26,2023,26,Newton,7,258,138,120,258,0,0,11.6,true,22.24,false
2023-06-26,2023,26,Revere,7,95,27,68,95,0,0,2.9,true,32.76,false
2023-06-26,2023,26,Salem,7,400,170,230,400,0,0,14.0,true,28.57,false
2023-06-26,2023,26,Somerville,7,5437,3829,1608,5437,0,0,33.9,true,160.38,true
2023-06-26,2023,26,Watertown Town,7,335,209,126,335,0,0,6.0,true,55.83,false
2023-07-03,2023,27,Arlington,7,336,167,169,336,0,0,6.0,true,56.0,false
2023-07-03,2023,27,Boston,7,47920,29212,18708,47920,0,0,230.6,true,207.81,true
2023-07-03,2023,27,Brookline,7,2337,1630,707,2337,0,0,14.0,true,166.93,true
2023-07-03,2023,27,Cambridge,7,30015,22380,7635,30015,0,0,80.0,true,375.19,true
2023-07-03,2023,27,Chelsea,7,68,27,41,68,0,0,3.1,true,21.94,false
2023-07-03,2023,27,Everett,7,403,188,215,403,0,0,10.6,true,38.02,false
2023-07-03,2023,27,Malden,7,116,46,70,116,0,0,2.7,true,42.96,false
2023-07-03,2023,27,Medford,7,201,97,104,201,0,0,6.3,true,31.9,false
2023-07-03,2023,27,Newton,7,277,155,122,277,0,0,11.6,true,23.88,false
2023-07-03,2023,27,Quincy,1,1,0,1,1,0,0,1.0,true,1.0,false
2023-07-03,2023,27,Revere,7,112,35,77,112,0,0,2.9,true,38.62,false
2023-07-03,2023,27,Salem,7,364,136,228,364,0,0,13.0,true,28.0,false
2023-07-03,2023,27,Somerville,7,5145,3480,1665,5145,0,0,33.9,true,151.77,true
2023-07-03,2023,27,Watertown Town,7,367,188,179,367,0,0,6.0,true,61.17,false
2023-07-10,2023,28,Arlington,7,287,189,98,287,0,0,5.9,true,48.64,false
2023-07-10,2023,28,Boston,7,47731,32286,15445,47731,0,0,229.3,true,208.16,true
2023-07-10,2023,28,Brookline,7,2136,1582,554,2136,0,0,13.9,true,153.67,true
2023-07-10,2023,28,Cambridge,7,29240,23295,5945,29240,0,0,80.0,true,365.5,true
2023-07-10,2023,28,Chelsea,7,91,29,62,91,0,0,4.4,true,20.68,false
2023-07-10,2023,28,Everett,7,364,199,165,364,0,0,10.7,true,34.02,false
2023-07-10,2023,28,Hingham,1,2,0,2,2,0,0,1.0,true,2.0,false
2023-07-10,2023,28,Malden,7,113,64,49,113,0,0,2.6,true,43.46,false
2023-07-10,2023,28,Medford,7,194,98,96,194,0,0,6.3,true,30.79,false
2023-07-10,2023,28,Newton,7,293,160,133,293,0,0,11.3,true,25.93,false
2023-07-10,2023,28,Revere,7,76,18,58,76,0,0,2.7,true,28.15,false
2023-07-10,2023,28,Salem,7,336,159,177,336,0,0,12.6,true,26.67,false
2023-07-10,2023,28,Somerville,7,5333,3849,1484,5333,0,0,33.9,true,157.32,true
2023-07-10,2023,28,Watertown Town,7,345,211,134,345,0,0,5.7,true,60.53,false
2023-07-17,2023,29,Arlington,7,366,222,144,366,0,0,6.0,true,61.0,false
2023-07-17,2023,29,Boston,7,60270,39064,21206,60270,0,0,234.1,true,257.45,true
2023-07-17,2023,29,Brookline,7,2795,1985,810,2795,0,0,14.0,true,199.64,true
2023-07-17,2023,29,Cambridge,7,34716,26755,7961,34716,0,0,80.0,true,433.95,true
2023-07-17,2023,29,Chelsea,7,116,62,54,116,0,0,5.0,true,23.2,false
2023-07-17,2023,29,Everett,7,467,256,211,467,0,0,11.0,true,42.45,false
2023-07-17,2023,29,Malden,7,131,53,78,131,0,0,3.0,true,43.67,false
2023-07-17,2023,29,Medford,7,283,152,131,283,0,0,6.9,true,41.01,false
2023-07-17,2023,29,Newton,7,387,208,179,387,0,0,12.6,true,30.71,false
2023-07-17,2023,29,Revere,7,128,26,102,128,0,0,3.0,true,42.67,false
2023-07-17,2023,29,Salem,7,438,139,299,438,0,0,13.3,true,32.93,false
2023-07-17,2023,29,Somerville,7,6271,4446,1825,6271,0,0,34.0,true,184.44,true
2023-07-17,2023,29,Watertown Town,7,462,274,188,462,0,0,6.0,true,77.0,false
2023-07-24,2023,30,Arlington,7,356,215,141,356,0,0,6.0,true,59.33,false
2023-07-24,2023,30,Boston,7,52066,34380,17686,52066,0,0,234.7,true,221.84,true
2023-07-24,2023,30,Brookline,7,2552,1868,684,2552,0,0,14.0,true,182.29,true
2023-07-24,2023,30,Cambridge,7,31324,24617,6707,31324,0,0,80.6,true,388.64,true
2023-07-24,2023,30,Chelsea,7,81,46,35,81,0,0,4.7,true,17.23,false
2023-07-24,2023,30,Everett,7,384,194,190,384,0,0,11.4,true,33.68,false
2023-07-24,2023,30,Malden,7,139,70,69,139,0,0,2.9,true,47.93,false
2023-07-24,2023,30,Medford,7,268,141,127,268,0,0,7.0,true,38.29,false
2023-07-24,2023,30,Newton,7,299,169,130,299,0,0,11.9,true,25.13,false
2023-07-24,2023,30,Revere,7,110,35,75,110,0,0,3.0,true,36.67,false
2023-07-24,2023,30,Salem,7,379,165,214,379,0,0,13.7,true,27.66,false
2023-07-24,2023,30,Somerville,7,5606,4102,1504,5606,0,0,34.0,true,164.88,true
2023-07-24,2023,30,Watertown Town,7,387,241,146,387,0,0,6.0,true,64.5,false
2023-07-31,2023,31,Arlington,7,493,269,224,493,0,0,6.0,true,82.17,false
2023-07-31,2023,31,Boston,7,62115,39623,22492,62115,0,0,239.4,true,259.46,true
2023-07-31,2023,31,Brookline,7,2913,2086,827,2913,0,0,13.9,true,209.57,true
2023-07-31,2023,31,Cambridge,7,34553,26007,8546,34553,0,0,80.9,true,427.11,true
2023-07-31,2023,31,Chelsea,7,117,39,78,117,0,0,4.6,true,25.43,false
2023-07-31,2023,31,Everett,7,438,213,225,438,0,0,11.3,true,38.76,false
2023-07-31,2023,31,Hingham,1,1,0,1,1,0,0,1.0,true,1.0,false
2023-07-31,2023,31,Malden,7,172,77,95,172,0,0,3.0,true,57.33,false
2023-07-31,2023,31,Medford,7,316,158,158,316,0,0,6.9,true,45.8,false
2023-07-31,2023,31,Newton,7,320,179,141,320,0,0,11.9,true,26.89,false
2023-07-31,2023,31,Revere,7,88,28,60,88,0,0,2.7,true,32.59,false
2023-07-31,2023,31,Salem,7,425,185,240,425,0,0,15.3,true,27.78,false
2023-07-31,2023,31,Somerville,7,6865,4620,2245,6865,0,0,34.0,true,201.91,true
2023-07-31,2023,31,Watertown Town,7,453,284,169,453,0,0,6.0,true,75.5,false
2023-08-07,2023,32,Arlington,7,390,237,153,390,0,0,6.0,true,65.0,false
2023-08-07,2023,32,Boston,7,55568,35306,20262,55568,0,0,234.3,true,237.17,true
2023-08-07,2023,32,Brookline,7,2603,1893,710,2603,0,0,14.0,true,185.93,true
2023-08-07,2023,32,Cambridge,7,31646,23967,7679,31646,0,0,81.4,true,388.77,true
2023-08-07,2023,32,Chelsea,7,110,39,71,110,0,0,5.1,true,21.57,false
2023-08-07,2023,32,Everett,7,365,155,210,365,0,0,11.3,true,32.3,false
2023-08-07,2023,32,Hingham,1,1,0,1,1,0,0,1.0,true,1.0,false
2023-08-07,2023,32,Malden,7,138,53,85,138,0,0,3.0,true,46.0,false
2023-08-07,2023,32,Medford,7,283,147,136,283,0,0,6.6,true,42.88,false
2023-08-07,2023,32,Newton,7,291,157,134,291,0,0,12.4,true,23.47,false
2023-08-07,2023,32,Revere,7,91,27,64,91,0,0,3.0,true,30.33,false
2023-08-07,2023,32,Salem,7,398,157,241,398,0,0,15.3,true,26.01,false
2023-08-07,2023,32,Somerville,7,5892,4121,1771,5892,0,0,34.0,true,173.29,true
2023-08-07,2023,32,Watertown Town,7,481,277,204,481,0,0,6.0,true,80.17,false
2023-08-14,2023,33,Arlington,7,376,199,177,376,0,0,6.0,true,62.67,false
2023-08-14,2023,33,Boston,7,52955,33118,19837,52955,0,0,234.4,true,225.92,true
2023-08-14,2023,33,Brookline,7,2518,1780,738,2518,0,0,13.9,true,181.15,true
2023-08-14,2023,33,Cambridge,7,30509,23149,7360,30509,0,0,81.7,true,373.43,true
2023-08-14,2023,33,Chelsea,7,99,37,62,99,0,0,4.1,true,24.15,false
2023-08-14,2023,33,Everett,7,422,166,256,422,0,0,10.4,true,40.58,false
2023-08-14,2023,33,Malden,7,163,58,105,163,0,0,3.0,true,54.33,false
2023-08-14,2023,33,Medford,7,255,146,109,255,0,0,6.9,true,36.96,false
2023-08-14,2023,33,Newton,7,328,183,145,328,0,0,11.7,true,28.03,false
2023-08-14,2023,33,Revere,7,102,37,65,102,0,0,3.4,true,30.0,false
2023-08-14,2023,33,Salem,7,320,108,212,320,0,0,13.0,true,24.62,false
2023-08-14,2023,33,Somerville,7,5597,3939,1658,5597,0,0,34.0,true,164.62,true
2023-08-14,2023,33,Watertown Town,7,434,266,168,434,0,0,5.9,true,73.56,false
2023-08-21,2023,34,Arlington,7,413,228,185,413,0,0,6.0,true,68.83,false
2023-08-21,2023,34,Boston,7,51885,33575,18310,51885,0,0,232.1,true,223.55,true
2023-08-21,2023,34,Brookline,7,2300,1608,692,2300,0,0,13.0,true,176.92,true
2023-08-21,2023,34,Cambridge,7,31152,23730,7422,31152,0,0,82.0,true,379.9,true
2023-08-21,2023,34,Chelsea,7,92,34,58,92,0,0,5.1,true,18.04,false
2023-08-21,2023,34,Everett,7,379,190,189,379,0,0,10.6,true,35.75,false
2023-08-21,2023,34,Malden,7,153,71,82,153,0,0,3.0,true,51.0,false
2023-08-21,2023,34,Medford,7,273,166,107,273,0,0,6.6,true,41.36,false
2023-08-21,2023,34,Newton,7,341,188,153,341,0,0,11.6,true,29.4,false
2023-08-21,2023,34,Quincy,3,6,1,5,6,0,0,1.0,true,6.0,false
2023-08-21,2023,34,Revere,7,89,35,54,89,0,0,3.3,true,26.97,false
2023-08-21,2023,34,Salem,7,321,103,218,321,0,0,12.6,true,25.48,false
2023-08-21,2023,34,Somerville,7,5930,4141,1789,5930,0,0,34.0,true,174.41,true
2023-08-21,2023,34,Watertown Town,7,361,196,165,361,0,0,5.1,true,70.78,false
2023-08-28,2023,35,Arlington,7,373,236,137,373,0,0,6.0,true,62.17,false
2023-08-28,2023,35,Boston,7,53031,33887,19144,53031,0,0,235.6,true,225.09,true
2023-08-28,2023,35,Brookline,7,2415,1680,735,2415,0,0,13.0,true,185.77,true
2023-08-28,2023,35,Cambridge,7,35311,26981,8330,35311,0,0,82.0,true,430.62,true
2023-08-28,2023,35,Chelsea,7,107,45,62,107,0,0,4.9,true,21.84,false
2023-08-28,2023,35,Everett,7,379,183,196,379,0,0,10.9,true,34.77,false
2023-08-28,2023,35,Hingham,2,2,0,2,2,0,0,1.0,true,2.0,false
2023-08-28,2023,35,Malden,7,155,64,91,155,0,0,3.0,true,51.67,false
2023-08-28,2023,35,Medford,7,269,146,123,269,0,0,6.7,true,40.15,false
2023-08-28,2023,35,Newton,7,353,195,158,353,0,0,11.1,true,31.8,false
2023-08-28,2023,35,Revere,7,117,28,89,117,0,0,3.3,true,35.45,false
2023-08-28,2023,35,Salem,7,401,101,300,401,0,0,13.0,true,30.85,false
2023-08-28,2023,35,Somerville,7,6039,4154,1885,6039,0,0,34.0,true,177.62,true
2023-08-28,2023,35,Watertown Town,7,390,220,170,390,0,0,5.0,true,78.0,false
2023-09-04,2023,36,Arlington,7,336,196,140,336,0,0,6.0,true,56.0,false
2023-09-04,2023,36,Boston,7,53312,35326,17986,53312,0,0,229.4,true,232.4,true
2023-09-04,2023,36,Brookline,7,2586,1867,719,2586,0,0,13.0,true,198.92,true
2023-09-04,2023,36,Cambridge,7,37388,29729,7659,37388,0,0,81.1,true,461.01,true
2023-09-04,2023,36,Chelsea,7,79,37,42,79,0,0,4.4,true,17.95,false
2023-09-04,2023,36,Everett,7,342,162,180,342,0,0,10.3,true,33.2,false
2023-09-04,2023,36,Malden,7,97,40,57,97,0,0,2.9,true,33.45,false
2023-09-04,2023,36,Medford,7,206,109,97,206,0,0,6.7,true,30.75,false
2023-09-04,2023,36,Newton,7,313,170,143,313,0,0,11.3,true,27.7,false
2023-09-04,2023,36,Revere,7,77,24,53,77,0,0,3.0,true,25.67,false
2023-09-04,2023,36,Salem,7,349,117,232,349,0,0,14.3,true,24.41,false
2023-09-04,2023,36,Somerville,7,6136,4305,1831,6136,0,0,33.9,true,181.0,true
2023-09-04,2023,36,Watertown Town,7,312,200,112,312,0,0,5.0,true,62.4,false
2023-09-11,2023,37,Arlington,7,350,228,122,350,0,0,6.0,true,58.33,false
2023-09-11,2023,37,Boston,7,55031,37581,17450,55031,0,0,232.0,true,237.2,true
2023-09-11,2023,37,Brookline,7,2786,2016,770,2786,0,0,13.0,true,214.31,true
2023-09-11,2023,37,Cambridge,7,38563,31188,7375,38563,0,0,81.9,true,470.85,true
2023-09-11,2023,37,Chelsea,7,102,41,61,102,0,0,4.6,true,22.17,false
2023-09-11,2023,37,Everett,7,314,166,148,314,0,0,11.3,true,27.79,false
2023-09-11,2023,37,Malden,7,122,47,75,122,0,0,3.0,true,40.67,false
2023-09-11,2023,37,Medford,7,268,153,115,268,0,0,7.0,true,38.29,false
2023-09-11,2023,37,Newton,7,292,163,129,292,0,0,10.9,true,26.79,false
2023-09-11,2023,37,Quincy,1,1,0,1,1,0,0,1.0,true,1.0,false
2023-09-11,2023,37,Revere,7,56,23,33,56,0,0,3.3,true,16.97,false
2023-09-11,2023,37,Salem,7,320,101,219,320,0,0,13.7,true,23.36,false
2023-09-11,2023,37,Somerville,7,6182,4518,1664,6182,0,0,34.0,true,181.82,true
2023-09-11,2023,37,Watertown Town,7,374,245,129,374,0,0,5.0,true,74.8,false
2023-09-18,2023,38,Arlington,7,287,196,91,287,0,0,5.9,true,48.64,false
2023-09-18,2023,38,Boston,7,46605,33373,13232,46605,0,0,226.3,true,205.94,true
2023-09-18,2023,38,Brookline,7,2339,1764,575,2339,0,0,13.0,true,179.92,true
2023-09-18,2023,38,Cambridge,7,33984,27942,6042,33984,0,0,81.7,true,415.96,true
2023-09-18,2023,38,Chelsea,7,59,31,28,59,0,0,3.4,true,17.35,false
2023-09-18,2023,38,Everett,7,236,139,97,236,0,0,10.3,true,22.91,false
2023-09-18,2023,38,Hingham,1,1,0,1,1,0,0,1.0,true,1.0,false
2023-09-18,2023,38,Malden,7,92,53,39,92,0,0,2.9,true,31.72,false
2023-09-18,2023,38,Medford,7,206,125,81,206,0,0,6.0,true,34.33,false
2023-09-18,2023,38,Newton,7,210,121,89,210,0,0,9.7,true,21.65,false
2023-09-18,2023,38,Revere,7,52,25,27,52,0,0,2.4,true,21.67,false
2023-09-18,2023,38,Salem,7,340,125,215,340,0,0,13.6,true,25.0,false
2023-09-18,2023,38,Somerville,7,5255,3934,1321,5255,0,0,34.0,true,154.56,true
2023-09-18,2023,38,Watertown Town,7,301,202,99,301,0,0,4.9,true,61.43,false
2023-09-25,2023,39,Arlington,7,288,190,98,288,0,0,6.0,true,48.0,false
2023-09-25,2023,39,Boston,7,47935,34287,13648,47935,0,0,230.0,true,208.41,true
2023-09-25,2023,39,Brookline,7,2335,1784,551,2335,0,0,13.0,true,179.62,true
2023-09-25,2023,39,Cambridge,7,34546,28520,6026,34546,0,0,81.9,true,421.81,true
2023-09-25,2023,39,Chelsea,7,56,23,33,56,0,0,3.4,true,16.47,false
2023-09-25,2023,39,Everett,7,257,135,122,257,0,0,11.4,true,22.54,false
2023-09-25,2023,39,Malden,7,103,52,51,103,0,0,3.0,true,34.33,false
2023-09-25,2023,39,Medford,7,197,110,87,197,0,0,6.0,true,32.83,false
2023-09-25,2023,39,Newton,7,262,121,141,262,0,0,11.3,true,23.19,false
2023-09-25,2023,39,Revere,7,58,22,36,58,0,0,2.6,true,22.31,false
2023-09-25,2023,39,Salem,7,415,153,262,415,0,0,13.9,true,29.86,false
2023-09-25,2023,39,Somerville,7,5500,4103,1397,5500,0,0,34.0,true,161.76,true
2023-09-25,2023,39,Watertown Town,7,275,185,90,275,0,0,4.9,true,56.12,false
2023-10-02,2023,40,Arlington,7,342,229,113,342,0,0,5.9,true,57.97,false
2023-10-02,2023,40,Boston,7,55710,38715,16995,55710,0,0,232.6,true,239.51,true
2023-10-02,2023,40,Brookline,7,2713,1951,762,2713,0,0,13.0,true,208.69,true
2023-10-02,2023,40,Cambridge,7,39517,31620,7897,39517,0,0,82.6,true,478.41,true
2023-10-02,2023,40,Chelsea,7,78,31,47,78,0,0,4.0,true,19.5,false
2023-10-02,2023,40,Everett,7,323,157,166,323,0,0,11.1,true,29.1,false
2023-10-02,2023,40,Malden,7,117,55,62,117,0,0,3.0,true,39.0,false
2023-10-02,2023,40,Medford,7,246,112,134,246,0,0,6.7,true,36.72,false
2023-10-02,2023,40,Newton,7,296,140,156,296,0,0,12.1,true,24.46,false
2023-10-02,2023,40,Revere,7,77,16,61,77,0,0,3.1,true,24.84,false
2023-10-02,2023,40,Salem,7,681,173,508,681,0,0,15.4,true,44.22,false
2023-10-02,2023,40,Somerville,7,6363,4628,1735,6363,0,0,34.0,true,187.15,true
2023-10-02,2023,40,Watertown Town,7,361,229,132,361,0,0,5.7,true,63.33,false
2023-10-09,2023,41,Arlington,7,351,217,134,351,0,0,6.0,true,58.5,false
2023-10-09,2023,41,Boston,7,52331,36681,15650,52331,0,0,231.6,true,225.95,true
2023-10-09,2023,41,Brookline,7,2514,1828,686,2514,0,0,13.0,true,193.38,true
2023-10-09,2023,41,Cambridge,7,36823,29482,7341,36823,0,0,83.0,true,443.65,true
2023-10-09,2023,41,Chelsea,7,82,42,40,82,0,0,4.6,true,17.83,false
2023-10-09,2023,41,Everett,7,311,177,134,311,0,0,11.1,true,28.02,false
2023-10-09,2023,41,Malden,7,107,50,57,107,0,0,2.9,true,36.9,false
2023-10-09,2023,41,Medford,7,257,116,141,257,0,0,6.4,true,40.16,false
2023-10-09,2023,41,Newton,7,292,145,147,292,0,0,12.6,true,23.17,false
2023-10-09,2023,41,Revere,7,71,22,49,71,0,0,2.9,true,24.48,false
2023-10-09,2023,41,Salem,7,869,201,668,869,0,0,15.4,true,56.43,false
2023-10-09,2023,41,Somerville,7,5798,4266,1532,5798,0,0,34.0,true,170.53,true
2023-10-09,2023,41,Watertown Town,7,309,207,102,309,0,0,6.0,true,51.5,false
2023-10-16,2023,42,Arlington,7,303,206,97,303,0,0,6.0,true,50.5,false
2023-10-16,2023,42,Boston,7,46619,33903,12716,46619,0,0,231.7,true,201.2,true
2023-10-16,2023,42,Brookline,7,2242,1687,555,2242,0,0,13.0,true,172.46,true
2023-10-16,2023,42,Cambridge,7,34314,27752,6562,34314,0,0,82.6,true,415.42,true
2023-10-16,2023,42,Chelsea,7,51,23,28,51,0,0,3.7,true,13.78,false
2023-10-16,2023,42,Everett,7,207,118,89,207,0,0,10.9,true,18.99,false
2023-10-16,2023,42,Malden,7,72,45,27,72,0,0,2.9,true,24.83,false
2023-10-16,2023,42,Medford,7,147,81,66,147,0,0,6.1,true,24.1,false
2023-10-16,2023,42,Newton,7,258,122,136,258,0,0,10.6,true,24.34,false
2023-10-16,2023,42,Revere,7,40,21,19,40,0,0,3.3,true,12.12,false
2023-10-16,2023,42,Salem,7,655,203,452,655,0,0,14.6,true,44.86,false
2023-10-16,2023,42,Somerville,7,5138,3982,1156,5138,0,0,34.0,true,151.12,true
2023-10-16,2023,42,Watertown Town,7,286,181,105,286,0,0,5.9,true,48.47,false
2023-10-23,2023,43,Arlington,7,316,202,114,316,0,0,4.3,true,73.49,false
2023-10-23,2023,43,Boston,7,53900,37880,16020,53900,0,0,235.4,true,228.97,true
2023-10-23,2023,43,Brookline,7,2585,1896,689,2585,0,0,13.0,true,198.85,true
2023-10-23,2023,43,Cambridge,7,37043,29419,7624,37043,0,0,83.7,true,442.57,true
2023-10-23,2023,43,Chelsea,7,60,27,33,60,0,0,3.3,true,18.18,false
2023-10-23,2023,43,Everett,7,281,150,131,281,0,0,10.9,true,25.78,false
2023-10-23,2023,43,Malden,7,91,52,39,91,0,0,2.9,true,31.38,false
2023-10-23,2023,43,Medford,7,208,110,98,208,0,0,6.6,true,31.52,false
2023-10-23,2023,43,Newton,7,265,149,116,265,0,0,10.4,true,25.48,false
2023-10-23,2023,43,Revere,7,62,19,43,62,0,0,2.9,true,21.38,false
2023-10-23,2023,43,Salem,7,862,259,603,862,0,0,15.9,true,54.21,false
2023-10-23,2023,43,Somerville,7,6056,4426,1630,6056,0,0,34.0,true,178.12,true
2023-10-23,2023,43,Watertown Town,7,358,219,139,358,0,0,5.9,true,60.68,false
2023-10-30,2023,44,Arlington,7,172,99,73,172,0,0,3.0,true,57.33,false
2023-10-30,2023,44,Boston,7,39472,29520,9952,39472,0,0,219.6,true,179.74,true
2023-10-30,2023,44,Brookline,7,2037,1592,445,2037,0,0,13.0,true,156.69,true
2023-10-30,2023,44,Cambridge,7,30682,25253,5429,30682,0,0,83.4,true,367.89,true
2023-10-30,2023,44,Chelsea,7,49,22,27,49,0,0,3.1,true,15.81,false
2023-10-30,2023,44,Everett,7,200,132,68,200,0,0,9.9,true,20.2,false
2023-10-30,2023,44,Malden,7,59,45,14,59,0,0,2.6,true,22.69,false
2023-10-30,2023,44,Medford,7,144,89,55,144,0,0,6.6,true,21.82,false
2023-10-30,2023,44,Newton,7,177,114,63,177,0,0,8.7,true,20.34,false
2023-10-30,2023,44,Revere,7,24,9,15,24,0,0,2.3,true,10.43,false
2023-10-30,2023,44,Salem,7,377,170,207,377,0,0,13.3,true,28.35,false
2023-10-30,2023,44,Somerville,7,4691,3615,1076,4691,0,0,34.0,true,137.97,true
2023-10-30,2023,44,Watertown Town,7,212,149,63,212,0,0,5.7,true,37.19,false
2023-11-06,2023,45,Arlington,7,134,88,46,134,0,0,3.0,true,44.67,false
2023-11-06,2023,45,Boston,7,34449,26355,8094,34449,0,0,210.1,true,163.96,true
2023-11-06,2023,45,Brookline,7,1747,1401,346,1747,0,0,13.0,true,134.38,true
2023-11-06,2023,45,Cambridge,7,26140,22260,3880,26140,0,0,83.3,true,313.81,true
2023-11-06,2023,45,Chelsea,7,44,29,15,44,0,0,3.7,true,11.89,false
2023-11-06,2023,45,Everett,7,174,123,51,174,0,0,9.7,true,17.94,false
2023-11-06,2023,45,Malden,7,67,46,21,67,0,0,2.7,true,24.81,false
2023-11-06,2023,45,Medford,7,147,95,52,147,0,0,7.1,true,20.7,false
2023-11-06,2023,45,Newton,7,151,109,42,151,0,0,9.0,true,16.78,false
2023-11-06,2023,45,Revere,6,15,11,4,15,0,0,1.7,true,8.82,false
2023-11-06,2023,45,Salem,7,184,108,76,184,0,0,10.9,true,16.88,false
2023-11-06,2023,45,Somerville,7,4133,3232,901,4133,0,0,34.0,true,121.56,true
2023-11-06,2023,45,Watertown Town,7,213,147,66,213,0,0,5.6,true,38.04,false
2023-11-13,2023,46,Arlington,7,150,106,44,150,0,0,3.0,true,50.0,false
2023-11-13,2023,46,Boston,7,35121,27063,8058,35121,0,0,206.3,true,170.24,true
2023-11-13,2023,46,Brookline,7,1810,1407,403,1810,0,0,13.0,true,139.23,true
2023-11-13,2023,46,Cambridge,7,26800,22995,3805,26800,0,0,84.0,true,319.05,true
2023-11-13,2023,46,Chelsea,7,40,28,12,40,0,0,3.0,true,13.33,false
2023-11-13,2023,46,Everett,7,173,109,64,173,0,0,10.0,true,17.3,false
2023-11-13,2023,46,Malden,7,72,41,31,72,0,0,2.7,true,26.67,false
2023-11-13,2023,46,Medford,7,164,114,50,164,0,0,7.0,true,23.43,false
2023-11-13,2023,46,Newton,7,158,93,65,158,0,0,8.6,true,18.37,false
2023-11-13,2023,46,Revere,5,28,15,13,28,0,0,1.8,true,15.56,false
2023-11-13,2023,46,Salem,7,139,84,55,139,0,0,8.7,true,15.98,false
2023-11-13,2023,46,Somerville,7,3988,3158,830,3988,0,0,34.0,true,117.29,true
2023-11-13,2023,46,Watertown Town,7,195,147,48,195,0,0,5.7,true,34.21,false
2023-11-20,2023,47,Arlington,7,86,57,29,86,0,0,2.9,true,29.66,false
2023-11-20,2023,47,Boston,7,17070,13027,4043,17070,0,0,189.0,true,90.32,true
2023-11-20,2023,47,Brookline,7,1090,874,216,1090,0,0,13.6,true,80.15,true
2023-11-20,2023,47,Cambridge,7,15064,12895,2169,15064,0,0,82.7,true,182.15,true
2023-11-20,2023,47,Chelsea,6,19,12,7,19,0,0,2.0,true,9.5,false
2023-11-20,2023,47,Everett,7,120,82,38,120,0,0,8.4,true,14.29,false
2023-11-20,2023,47,Malden,7,47,25,22,47,0,0,2.3,true,20.43,false
2023-11-20,2023,47,Medford,7,94,54,40,94,0,0,5.4,true,17.41,false
2023-11-20,2023,47,Newton,7,90,56,34,90,0,0,6.9,true,13.04,false
2023-11-20,2023,47,Revere,7,26,4,22,26,0,0,1.6,true,16.25,false
2023-11-20,2023,47,Salem,7,100,54,46,100,0,0,7.4,true,13.51,false
2023-11-20,2023,47,Somerville,7,2194,1755,439,2194,0,0,33.6,true,65.3,true
2023-11-20,2023,47,Watertown Town,7,167,116,51,167,0,0,5.0,true,33.4,false
2023-11-27,2023,48,Arlington,7,108,83,25,108,0,0,2.9,true,37.24,false
2023-11-27,2023,48,Boston,7,28876,22413,6463,28876,0,0,186.4,true,154.91,true
2023-11-27,2023,48,Brookline,7,1655,1302,353,1655,0,0,13.7,true,120.8,true
2023-11-27,2023,48,Cambridge,7,21666,19030,2636,21666,0,0,82.9,true,261.35,true
2023-11-27,2023,48,Chelsea,6,25,15,10,25,0,0,2.7,true,9.26,false
2023-11-27,2023,48,Everett,7,158,107,51,158,0,0,10.0,true,15.8,false
2023-11-27,2023,48,Malden,7,39,27,12,39,0,0,2.1,true,18.57,false
2023-11-27,2023,48,Medford,7,123,82,41,123,0,0,6.0,true,20.5,false
2023-11-27,2023,48,Newton,7,104,62,42,104,0,0,7.1,true,14.65,false
2023-11-27,2023,48,Revere,4,5,1,4,5,0,0,1.2,true,4.17,false
2023-11-27,2023,48,Salem,7,115,75,40,115,0,0,8.4,true,13.69,false
2023-11-27,2023,48,Somerville,7,3201,2550,651,3201,0,0,34.1,true,93.87,true
2023-11-27,2023,48,Watertown Town,7,148,115,33,148,0,0,5.3,true,27.92,false
2023-12-04,2023,49,Arlington,7,114,91,23,114,0,0,2.9,true,39.31,false
2023-12-04,2023,49,Boston,7,26386,20976,5410,26384,2,0,188.9,true,139.68,true
2023-12-04,2023,49,Brookline,7,1479,1176,303,1479,0,0,14.0,true,105.64,true
2023-12-04,2023,49,Cambridge,7,20490,17726,2764,20490,0,0,83.7,true,244.8,true
2023-12-04,2023,49,Chelsea,7,19,11,8,19,0,0,1.7,true,11.18,false
2023-12-04,2023,49,Everett,7,119,83,36,119,0,0,7.0,true,17.0,false
2023-12-04,2023,49,Malden,7,47,27,20,47,0,0,2.7,true,17.41,false
2023-12-04,2023,49,Medford,7,102,77,25,102,0,0,6.1,true,16.72,false
2023-12-04,2023,49,Newton,7,65,37,28,65,0,0,4.6,true,14.13,false
2023-12-04,2023,49,Revere,5,8,4,4,8,0,0,1.4,true,5.71,false
2023-12-04,2023,49,Salem,7,89,65,24,89,0,0,7.3,true,12.19,false
2023-12-04,2023,49,Somerville,7,2948,2280,668,2948,0,0,33.4,true,88.26,true
2023-12-04,2023,49,Watertown Town,7,161,132,29,161,0,0,5.0,true,32.2,false
2023-12-11,2023,50,Arlington,7,106,70,36,106,0,0,3.0,true,35.33,false
2023-12-11,2023,50,Boston,7,24480,19397,5083,24472,8,0,189.0,true,129.52,true
2023-12-11,2023,50,Brookline,7,1412,1108,304,1412,0,0,14.0,true,100.86,true
2023-12-11,2023,50,Cambridge,7,19167,16506,2661,19167,0,0,83.7,true,229.0,true
2023-12-11,2023,50,Chelsea,7,25,13,12,25,0,0,1.7,true,14.71,false
2023-12-11,2023,50,Everett,7,106,61,45,106,0,0,7.6,true,13.95,false
2023-12-11,2023,50,Malden,7,50,35,15,50,0,0,2.6,true,19.23,false
2023-12-11,2023,50,Medford,7,121,83,38,121,0,0,7.4,true,16.35,false
2023-12-11,2023,50,Newton,7,46,25,21,46,0,0,2.6,true,17.69,false
2023-12-11,2023,50,Revere,5,8,4,4,8,0,0,1.4,true,5.71,false
2023-12-11,2023,50,Salem,7,84,56,28,84,0,0,7.0,true,12.0,false
2023-12-11,2023,50,Somerville,7,2764,2136,628,2764,0,0,34.7,true,79.65,true
2023-12-11,2023,50,Watertown Town,7,169,123,46,169,0,0,5.7,true,29.65,false
2023-12-18,2023,51,Arlington,7,88,68,20,80,8,0,2.9,true,30.34,false
2023-12-18,2023,51,Boston,7,14483,11849,2634,13592,891,0,180.1,true,80.42,true
2023-12-18,2023,51,Brookline,7,822,662,160,776,46,0,13.9,true,59.14,true
2023-12-18,2023,51,Cambridge,7,11479,10059,1420,10972,507,0,83.0,true,138.3,true
2023-12-18,2023,51,Chelsea,6,26,21,5,25,1,0,2.3,true,11.3,false
2023-12-18,2023,51,Everett,7,86,59,27,80,6,0,6.9,true,12.46,false
2023-12-18,2023,51,Malden,7,37,22,15,32,5,0,2.1,true,17.62,false
2023-12-18,2023,51,Medford,7,83,59,24,77,6,0,5.4,true,15.37,false
2023-12-18,2023,51,Newton,7,23,15,8,22,1,0,1.7,true,13.53,false
2023-12-18,2023,51,Revere,4,5,2,3,5,0,0,1.0,true,5.0,false
2023-12-18,2023,51,Salem,6,31,18,13,31,0,0,3.8,true,8.16,false
2023-12-18,2023,51,Somerville,7,1699,1347,352,1587,112,0,33.3,true,51.02,true
2023-12-18,2023,51,Watertown Town,7,112,86,26,104,8,0,5.1,true,21.96,false
2023-12-18,2023,51,unknown,1,2,2,0,0,2,2,0.0,true,NaN,false
2023-12-25,2023,52,Arlington,7,73,39,34,65,8,0,2.9,true,25.17,false
2023-12-25,2023,52,Boston,7,9016,6183,2833,8232,784,0,179.0,true,50.37,true
2023-12-25,2023,52,Brookline,7,515,386,129,471,44,0,13.9,true,37.05,true
2023-12-25,2023,52,Cambridge,7,6049,4789,1260,5738,311,0,81.4,true,74.31,true
2023-12-25,2023,52,Chelsea,6,23,10,13,23,0,0,2.3,true,10.0,false
2023-12-25,2023,52,Everett,7,120,71,49,95,25,0,7.7,true,15.58,false
2023-12-25,2023,52,Malden,7,29,16,13,28,1,0,2.1,true,13.81,false
2023-12-25,2023,52,Medford,7,90,47,43,84,6,0,5.7,true,15.79,false
2023-12-25,2023,52,Newton,5,8,3,5,7,1,0,1.0,true,8.0,false
2023-12-25,2023,52,Revere,7,18,4,14,15,3,0,1.4,true,12.86,false
2023-12-25,2023,52,Salem,7,52,35,17,52,0,0,5.0,true,10.4,false
2023-12-25,2023,52,Somerville,7,1170,796,374,1061,109,0,31.4,true,37.26,true
2023-12-25,2023,52,Watertown Town,7,84,46,38,81,3,0,4.0,true,21.0,false
2023-12-25,2023,52,unknown,2,5,3,2,0,5,5,0.0,true,NaN,false
2024-01-01,2024,1,Arlington,6,73,58,15,65,8,0,2.7,true,27.04,false
2024-01-01,2024,1,Boston,7,14757,12051,2706,12329,2428,0,176.9,true,83.42,true
2024-01-01,2024,1,Brookline,7,827,669,158,695,132,0,13.1,true,63.13,true
2024-01-01,2024,1,Cambridge,7,9888,8643,1245,8799,1089,0,81.0,true,122.07,true
2024-01-01,2024,1,Chelsea,7,51,35,16,46,5,0,3.7,true,13.78,false
2024-01-01,2024,1,Everett,7,117,87,30,97,20,0,8.1,true,14.44,false
2024-01-01,2024,1,Malden,6,29,15,14,26,3,0,2.3,true,12.61,false
2024-01-01,2024,1,Medford,7,135,89,46,121,14,0,6.9,true,19.57,false
2024-01-01,2024,1,Newton,4,7,5,2,6,1,0,1.0,true,7.0,false
2024-01-01,2024,1,Revere,5,17,9,8,17,0,0,2.2,true,7.73,false
2024-01-01,2024,1,Salem,6,37,24,13,37,0,0,4.3,true,8.6,false
2024-01-01,2024,1,Somerville,7,1881,1514,367,1632,249,0,33.7,true,55.82,true
2024-01-01,2024,1,Watertown Town,6,102,76,26,84,18,0,5.0,true,20.4,false
2024-01-01,2024,1,unknown,4,7,5,2,0,7,7,0.0,true,NaN,false
2024-01-08,2024,2,Arlington,7,82,61,21,68,14,0,3.0,true,27.33,false
2024-01-08,2024,2,Boston,7,21660,17389,4271,15128,6532,0,193.4,true,112.0,true
2024-01-08,2024,2,Brookline,7,1245,1033,212,868,377,0,14.0,true,88.93,true
2024-01-08,2024,2,Cambridge,7,15329,13437,1892,12241,3088,0,84.4,true,181.62,true
2024-01-08,2024,2,Chelsea,7,29,16,13,21,8,0,2.7,true,10.74,false
2024-01-08,2024,2,Everett,7,107,75,32,76,31,0,7.3,true,14.66,false
2024-01-08,2024,2,Malden,7,42,25,17,32,10,0,2.7,true,15.56,false
2024-01-08,2024,2,Medford,7,129,96,33,93,36,0,7.1,true,18.17,false
2024-01-08,2024,2,Newton,5,9,6,3,4,5,0,1.0,true,9.0,false
2024-01-08,2024,2,Revere,6,10,6,4,6,4,0,1.2,true,8.33,false
2024-01-08,2024,2,Salem,7,60,40,20,60,0,0,5.1,true,11.76,false
2024-01-08,2024,2,Somerville,7,2674,2169,505,1912,762,0,34.9,true,76.62,true
2024-01-08,2024,2,Watertown Town,7,139,96,43,98,41,0,4.4,true,31.59,false
2024-01-08,2024,2,unknown,5,14,10,4,0,14,14,0.0,true,NaN,false
2024-01-15,2024,3,Arlington,7,47,33,14,32,15,0,2.6,true,18.08,false
2024-01-15,2024,3,Boston,7,15286,13024,2262,9148,6138,0,182.0,true,83.99,true
2024-01-15,2024,3,Brookline,7,852,715,137,535,317,0,13.9,true,61.29,true
2024-01-15,2024,3,Cambridge,7,10726,9673,1053,7957,2769,0,81.3,true,131.93,true
2024-01-15,2024,3,Chelsea,7,30,27,3,10,20,0,2.9,true,10.34,false
2024-01-15,2024,3,Everett,7,58,46,12,35,23,0,5.1,true,11.37,false
2024-01-15,2024,3,Malden,6,21,19,2,12,9,0,2.0,true,10.5,false
2024-01-15,2024,3,Medford,7,64,44,20,38,26,0,5.0,true,12.8,false
2024-01-15,2024,3,Newton,6,12,6,6,3,9,0,1.0,true,12.0,false
2024-01-15,2024,3,Revere,6,7,4,3,2,5,0,1.0,true,7.0,false
2024-01-15,2024,3,Salem,7,18,16,2,18,0,0,2.1,true,8.57,false
2024-01-15,2024,3,Somerville,7,1784,1481,303,1087,697,0,33.1,true,53.9,true
2024-01-15,2024,3,Watertown Town,7,66,53,13,48,18,0,4.1,true,16.1,false
2024-01-15,2024,3,unknown,5,32,31,1,0,32,32,0.0,true,NaN,false
2024-01-22,2024,4,Arlington,7,85,66,19,50,35,0,2.9,true,29.31,false
2024-01-22,2024,4,Boston,7,23014,18721,4293,14489,8525,0,190.1,true,121.06,true
2024-01-22,2024,4,Brookline,7,1201,942,259,755,446,0,14.0,true,85.79,true
2024-01-22,2024,4,Cambridge,7,16620,14595,2025,12217,4403,0,83.9,true,198.09,true
2024-01-22,2024,4,Chelsea,7,34,26,8,10,24,0,2.7,true,12.59,false
2024-01-22,2024,4,Everett,7,119,84,35,76,43,0,7.6,true,15.66,false
2024-01-22,2024,4,Malden,7,43,33,10,28,15,0,2.9,true,14.83,false
2024-01-22,2024,4,Medford,7,118,89,29,65,53,0,6.4,true,18.44,false
2024-01-22,2024,4,Newton,6,23,15,8,11,12,0,1.0,true,23.0,false
2024-01-22,2024,4,Revere,5,14,8,6,12,2,0,2.2,true,6.36,false
2024-01-22,2024,4,Salem,7,39,22,17,39,0,0,4.3,true,9.07,false
2024-01-22,2024,4,Somerville,7,2695,2210,485,1686,1009,0,35.0,true,77.0,true
2024-01-22,2024,4,Watertown Town,7,111,83,28,77,34,0,4.9,true,22.65,false
2024-01-22,2024,4,unknown,7,54,38,16,0,54,54,0.0,true,NaN,false
2024-01-29,2024,5,Arlington,7,106,78,28,57,49,0,2.6,true,40.77,false
2024-01-29,2024,5,Boston,7,25665,21109,4556,16444,9221,0,197.7,true,129.82,true
2024-01-29,2024,5,Brookline,7,1456,1179,277,940,516,0,14.0,true,104.0,true
2024-01-29,2024,5,Cambridge,7,19571,17250,2321,14486,5085,0,84.6,true,231.34,true
2024-01-29,2024,5,Chelsea,7,35,21,14,15,20,0,3.0,true,11.67,false
2024-01-29,2024,5,Everett,7,128,88,40,67,61,0,7.9,true,16.2,false
2024-01-29,2024,5,Malden,7,43,26,17,25,18,0,2.6,true,16.54,false
2024-01-29,2024,5,Medford,7,134,91,43,66,68,0,7.7,true,17.4,false
2024-01-29,2024,5,Newton,7,36,18,18,23,13,0,1.0,true,36.0,false
2024-01-29,2024,5,Revere,7,18,11,7,5,13,0,1.6,true,11.25,false
2024-01-29,2024,5,Salem,7,63,37,26,52,11,0,5.6,true,11.25,false
2024-01-29,2024,5,Somerville,7,3055,2526,529,1940,1115,0,35.4,true,86.3,true
2024-01-29,2024,5,Watertown Town,7,143,110,33,77,66,0,4.7,true,30.43,false
2024-01-29,2024,5,unknown,7,95,73,22,0,95,95,0.0,true,NaN,false
2024-02-05,2024,6,Arlington,7,148,102,46,99,49,0,3.0,true,49.33,false
2024-02-05,2024,6,Boston,7,30933,23909,7024,19844,11089,0,202.7,true,152.6,true
2024-02-05,2024,6,Brookline,7,1655,1245,410,1033,622,0,14.0,true,118.21,true
2024-02-05,2024,6,Cambridge,7,24679,20865,3814,18385,6294,0,84.6,true,291.71,true
2024-02-05,2024,6,Chelsea,7,60,38,22,33,27,0,4.1,true,14.63,false
2024-02-05,2024,6,Everett,7,220,128,92,119,101,0,10.7,true,20.56,false
2024-02-05,2024,6,Malden,7,69,48,21,51,18,0,2.9,true,23.79,false
2024-02-05,2024,6,Medford,7,193,106,87,115,78,0,8.7,true,22.18,false
2024-02-05,2024,6,Newton,7,49,23,26,18,31,0,1.0,true,49.0,false
2024-02-05,2024,6,Revere,7,32,12,20,20,12,0,2.3,true,13.91,false
2024-02-05,2024,6,Salem,7,99,49,50,97,2,0,7.6,true,13.03,false
2024-02-05,2024,6,Somerville,7,3810,2953,857,2416,1394,0,35.6,true,107.02,true
2024-02-05,2024,6,Watertown Town,7,212,149,63,131,81,0,5.4,true,39.26,false
2024-02-05,2024,6,unknown,7,164,125,39,0,164,164,0.0,true,NaN,false
2024-02-12,2024,7,Arlington,7,98,77,21,57,41,0,2.7,true,36.3,false
2024-02-12,2024,7,Boston,7,23630,19024,4606,14271,9359,0,193.9,true,121.87,true
2024-02-12,2024,7,Brookline,7,1300,1056,244,832,468,0,14.0,true,92.86,true
2024-02-12,2024,7,Cambridge,7,19862,17296,2566,14282,5580,0,84.3,true,235.61,true
2024-02-12,2024,7,Chelsea,7,46,30,16,24,22,0,3.9,true,11.79,false
2024-02-12,2024,7,Everett,7,149,101,48,68,81,0,9.6,true,15.52,false
2024-02-12,2024,7,Malden,7,31,22,9,25,6,0,2.6,true,11.92,false
2024-02-12,2024,7,Medford,7,123,89,34,66,57,0,6.7,true,18.36,false
2024-02-12,2024,7,Newton,7,40,19,21,10,30,0,1.0,true,40.0,false
2024-02-12,2024,7,Revere,4,10,3,7,3,7,0,1.8,true,5.56,false
2024-02-12,2024,7,Salem,7,50,24,26,46,4,0,5.1,true,9.8,false
2024-02-12,2024,7,Somerville,7,2911,2322,589,1811,1100,0,34.9,true,83.41,true
2024-02-12,2024,7,Watertown Town,7,117,83,34,58,59,0,5.0,true,23.4,false
2024-02-12,2024,7,unknown,7,38,35,3,0,38,38,0.0,true,NaN,false
2024-02-19,2024,8,Arlington,7,96,64,32,55,41,0,3.0,true,32.0,false
2024-02-19,2024,8,Boston,7,26332,20587,5745,15896,10436,0,196.4,true,134.07,true
2024-02-19,2024,8,Brookline,7,1531,1150,381,930,601,0,14.0,true,109.36,true
2024-02-19,2024,8,Cambridge,7,21304,18310,2994,15258,6046,0,84.3,true,252.72,true
2024-02-19,2024,8,Chelsea,7,41,32,9,17,24,0,3.1,true,13.23,false
2024-02-19,2024,8,Everett,7,204,119,85,84,120,0,10.7,true,19.07,false
2024-02-19,2024,8,Malden,7,42,25,17,24,18,0,2.4,true,17.5,false
2024-02-19,2024,8,Medford,7,137,88,49,66,71,0,8.3,true,16.51,false
2024-02-19,2024,8,Newton,7,38,17,21,25,13,0,1.0,true,38.0,false
2024-02-19,2024,8,Revere,5,20,14,6,5,15,0,2.0,true,10.0,false
2024-02-19,2024,8,Salem,7,83,46,37,79,4,0,7.1,true,11.69,false
2024-02-19,2024,8,Somerville,7,3189,2587,602,2001,1188,0,35.3,true,90.34,true
2024-02-19,2024,8,Watertown Town,7,177,124,53,91,86,0,5.9,true,30.0,false
2024-02-19,2024,8,unknown,4,5,4,1,0,5,5,0.0,true,NaN,false
2024-02-26,2024,9,Arlington,7,121,85,36,81,40,0,3.0,true,40.33,false
2024-02-26,2024,9,Boston,7,29495,22899,6596,18441,11054,0,198.7,true,148.44,true
2024-02-26,2024,9,Brookline,7,1764,1322,442,1032,732,0,13.9,true,126.91,true
2024-02-26,2024,9,Cambridge,7,22929,19787,3142,16562,6367,0,85.3,true,268.8,true
2024-02-26,2024,9,Chelsea,7,63,36,27,32,31,0,4.1,true,15.37,false
2024-02-26,2024,9,Everett,7,203,115,88,78,125,0,10.4,true,19.52,false
2024-02-26,2024,9,Malden,7,44,30,14,35,9,0,2.1,true,20.95,false
2024-02-26,2024,9,Medford,7,184,120,64,101,83,0,8.3,true,22.17,false
2024-02-26,2024,9,Newton,7,54,29,25,35,19,0,1.0,true,54.0,false
2024-02-26,2024,9,Revere,6,23,6,17,14,9,0,1.5,true,15.33,false
2024-02-26,2024,9,Salem,7,110,55,55,105,5,0,8.1,true,13.58,false
2024-02-26,2024,9,Somerville,7,3443,2684,759,2228,1215,0,35.6,true,96.71,true
2024-02-26,2024,9,Watertown Town,7,181,135,46,103,78,0,5.6,true,32.32,false
2024-02-26,2024,9,unknown,4,5,4,1,0,5,5,0.0,true,NaN,false
2024-03-04,2024,10,Arlington,7,123,86,37,80,43,0,2.9,true,42.41,false
2024-03-04,2024,10,Boston,7,27480,21222,6258,16852,10628,0,199.1,true,138.02,true
2024-03-04,2024,10,Brookline,7,1677,1288,389,1073,604,0,14.0,true,119.79,true
2024-03-04,2024,10,Cambridge,7,22310,19181,3129,15996,6314,0,86.7,true,257.32,true
2024-03-04,2024,10,Chelsea,7,66,46,20,21,45,0,4.4,true,15.0,false
2024-03-04,2024,10,Everett,7,205,122,83,87,118,0,10.4,true,19.71,false
2024-03-04,2024,10,Malden,7,47,23,24,37,10,0,2.7,true,17.41,false
2024-03-04,2024,10,Medford,7,165,109,56,86,79,0,7.7,true,21.43,false
2024-03-04,2024,10,Newton,7,19,4,15,7,12,0,1.0,true,19.0,false
2024-03-04,2024,10,Revere,7,29,20,9,11,18,0,2.4,true,12.08,false
2024-03-04,2024,10,Salem,7,67,37,30,60,7,0,6.3,true,10.63,false
2024-03-04,2024,10,Somerville,7,3564,2828,736,2358,1206,0,35.7,true,99.83,true
2024-03-04,2024,10,Watertown Town,7,176,118,58,106,70,0,5.4,true,32.59,false
2024-03-04,2024,10,unknown,4,6,4,2,0,6,6,0.0,true,NaN,false
2024-03-11,2024,11,Arlington,7,182,124,58,124,58,0,3.0,true,60.67,false
2024-03-11,2024,11,Boston,7,36270,25720,10550,24003,12267,0,205.7,true,176.32,true
2024-03-11,2024,11,Brookline,7,1934,1485,449,1285,649,0,14.0,true,138.14,true
2024-03-11,2024,11,Cambridge,7,24194,20182,4012,17998,6196,0,86.9,true,278.41,true
2024-03-11,2024,11,Chelsea,7,81,46,35,39,42,0,4.3,true,18.84,false
2024-03-11,2024,11,Everett,7,269,146,123,116,153,0,11.0,true,24.45,false
2024-03-11,2024,11,Malden,7,95,44,51,61,34,0,2.9,true,32.76,false
2024-03-11,2024,11,Medford,7,191,102,89,74,117,0,8.9,true,21.46,false
2024-03-11,2024,11,Newton,7,58,19,39,30,28,0,1.0,true,58.0,false
2024-03-11,2024,11,Revere,7,67,16,51,28,39,0,2.9,true,23.1,false
2024-03-11,2024,11,Salem,7,82,45,37,82,0,0,6.4,true,12.81,false
2024-03-11,2024,11,Somerville,7,4664,3398,1266,3010,1654,0,36.0,true,129.56,true
2024-03-11,2024,11,Watertown Town,7,223,132,91,134,89,0,5.3,true,42.08,false
2024-03-11,2024,11,unknown,5,15,7,8,0,15,15,0.0,true,NaN,false
2024-03-18,2024,12,Arlington,7,128,103,25,84,44,0,2.9,true,44.14,false
2024-03-18,2024,12,Boston,7,29812,23336,6476,18823,10989,0,203.0,true,146.86,true
2024-03-18,2024,12,Brookline,7,1506,1222,284,969,537,0,14.0,true,107.57,true
2024-03-18,2024,12,Cambridge,7,20071,17466,2605,14206,5865,0,85.7,true,234.2,true
2024-03-18,2024,12,Chelsea,7,65,48,17,36,29,0,3.7,true,17.57,false
2024-03-18,2024,12,Everett,7,205,121,84,96,109,0,9.6,true,21.35,false
2024-03-18,2024,12,Malden,7,60,45,15,41,19,0,2.7,true,22.22,false
2024-03-18,2024,12,Medford,7,158,99,59,81,77,0,8.6,true,18.37,false
2024-03-18,2024,12,Newton,7,35,20,15,17,18,0,1.0,true,35.0,false
2024-03-18,2024,12,Revere,6,25,11,14,11,14,0,2.2,true,11.36,false
2024-03-18,2024,12,Salem,7,90,32,58,90,0,0,6.4,true,14.06,false
2024-03-18,2024,12,Somerville,7,3482,2868,614,2234,1248,0,35.1,true,99.2,true
2024-03-18,2024,12,Watertown Town,7,158,106,52,96,62,0,5.1,true,30.98,false
2024-03-18,2024,12,unknown,3,7,6,1,0,7,7,0.0,true,NaN,false
2024-03-25,2024,13,Arlington,7,166,98,68,109,57,0,3.0,true,55.33,false
2024-03-25,2024,13,Boston,7,30176,21712,8464,19409,10767,0,212.6,true,141.94,true
2024-03-25,2024,13,Brookline,7,1623,1240,383,1066,557,0,14.0,true,115.93,true
2024-03-25,2024,13,Cambridge,7,19646,16074,3572,14298,5348,0,86.1,true,228.18,true
2024-03-25,2024,13,Chelsea,7,59,33,26,37,22,0,3.6,true,16.39,false
2024-03-25,2024,13,Everett,7,215,116,99,98,117,0,9.9,true,21.72,false
2024-03-25,2024,13,Malden,7,81,40,41,54,27,0,2.7,true,30.0,false
2024-03-25,2024,13,Medford,7,193,103,90,107,86,0,7.9,true,24.43,false
2024-03-25,2024,13,Newton,7,97,57,40,57,40,0,5.6,true,17.32,false
2024-03-25,2024,13,Revere,6,31,6,25,16,15,0,1.8,true,17.22,false
2024-03-25,2024,13,Salem,7,83,39,44,83,0,0,6.3,true,13.17,false
2024-03-25,2024,13,Somerville,7,3658,2720,938,2265,1393,0,36.0,true,101.61,true
2024-03-25,2024,13,Watertown Town,7,190,106,84,127,63,0,5.3,true,35.85,false
2024-03-25,2024,13,unknown,5,8,6,2,0,8,8,0.0,true,NaN,false
2024-04-01,2024,14,Arlington,7,124,84,40,88,36,0,3.0,true,41.33,false
2024-04-01,2024,14,Boston,7,28415,22288,6127,18114,10301,0,216.7,true,131.13,true
2024-04-01,2024,14,Brookline,7,1503,1198,305,966,537,0,14.0,true,107.36,true
2024-04-01,2024,14,Cambridge,7,21094,18164,2930,14822,6272,0,86.1,true,244.99,true
2024-04-01,2024,14,Chelsea,6,45,29,16,31,14,0,3.2,true,14.06,false
2024-04-01,2024,14,Everett,7,183,114,69,81,102,0,9.9,true,18.48,false
2024-04-01,2024,14,Malden,7,43,30,13,29,14,0,2.4,true,17.92,false
2024-04-01,2024,14,Medford,7,155,98,57,100,55,0,7.6,true,20.39,false
2024-04-01,2024,14,Newton,7,91,40,51,65,26,0,5.4,true,16.85,false
2024-04-01,2024,14,Revere,7,19,8,11,9,10,0,1.7,true,11.18,false
2024-04-01,2024,14,Salem,7,74,30,44,74,0,0,5.3,true,13.96,false
2024-04-01,2024,14,Somerville,7,3600,2826,774,2324,1276,0,35.4,true,101.69,true
2024-04-01,2024,14,Watertown Town,7,153,113,40,87,66,0,5.6,true,27.32,false
2024-04-01,2024,14,unknown,7,22,15,7,0,22,22,0.0,true,NaN,false
2024-04-08,2024,15,Arlington,7,213,139,74,154,59,0,3.6,true,59.17,false
2024-04-08,2024,15,Boston,7,43855,30261,13594,29433,14422,0,230.9,true,189.93,true
2024-04-08,2024,15,Brookline,7,2175,1545,630,1511,664,0,14.0,true,155.36,true
2024-04-08,2024,15,Cambridge,7,28859,23300,5559,21898,6961,0,87.0,true,331.71,true
2024-04-08,2024,15,Chelsea,7,67,47,20,42,25,0,4.1,true,16.34,false
2024-04-08,2024,15,Everett,7,309,144,165,178,131,0,10.7,true,28.88,false
2024-04-08,2024,15,Malden,7,95,44,51,55,40,0,2.7,true,35.19,false
2024-04-08,2024,15,Medford,7,262,144,118,146,116,0,9.4,true,27.87,false
2024-04-08,2024,15,Newton,7,231,83,148,156,75,0,10.7,true,21.59,false
2024-04-08,2024,15,Revere,7,52,16,36,30,22,0,3.0,true,17.33,false
2024-04-08,2024,15,Salem,7,158,54,104,157,1,0,8.1,true,19.51,false
2024-04-08,2024,15,Somerville,7,4940,3607,1333,3352,1588,0,35.9,true,137.6,true
2024-04-08,2024,15,Watertown Town,7,236,146,90,152,84,0,5.1,true,46.27,false
2024-04-08,2024,15,unknown,6,15,7,8,0,15,15,0.0,true,NaN,false
2024-04-15,2024,16,Arlington,7,271,153,118,198,73,0,4.0,true,67.75,false
2024-04-15,2024,16,Boston,7,50834,33606,17228,36483,14351,0,236.9,true,214.58,true
2024-04-15,2024,16,Brookline,7,2637,1848,789,1896,741,0,13.6,true,193.9,true
2024-04-15,2024,16,Cambridge,7,31483,24842,6641,25049,6434,0,86.9,true,362.29,true
2024-04-15,2024,16,Chelsea,7,95,49,46,54,41,0,5.0,true,19.0,false
2024-04-15,2024,16,Everett,7,408,172,236,235,173,0,11.9,true,34.29,false
2024-04-15,2024,16,Hingham,2,3,2,1,3,0,0,1.0,true,3.0,false
2024-04-15,2024,16,Malden,7,122,49,73,84,38,0,3.0,true,40.67,false
2024-04-15,2024,16,Medford,7,282,140,142,191,91,0,9.3,true,30.32,false
2024-04-15,2024,16,Newton,7,396,123,273,262,134,0,11.7,true,33.85,false
2024-04-15,2024,16,Revere,7,72,20,52,42,30,0,3.3,true,21.82,false
2024-04-15,2024,16,Salem,7,195,62,133,184,11,0,9.4,true,20.74,false
2024-04-15,2024,16,Somerville,7,5671,4029,1642,4064,1607,0,36.0,true,157.53,true
2024-04-15,2024,16,Watertown Town,7,298,170,128,183,115,0,5.6,true,53.21,false
2024-04-15,2024,16,unknown,7,13,5,8,0,13,13,0.0,true,NaN,false
2024-04-22,2024,17,Arlington,7,316,166,150,220,96,0,3.7,true,85.41,false
2024-04-22,2024,17,Boston,7,52900,36109,16791,39357,13543,0,235.7,true,224.44,true
2024-04-22,2024,17,Brookline,7,2752,1963,789,2010,742,0,14.0,true,196.57,true
2024-04-22,2024,17,Cambridge,7,32243,25753,6490,26127,6116,0,87.0,true,370.61,true
2024-04-22,2024,17,Chelsea,7,91,53,38,71,20,0,5.3,true,17.17,false
2024-04-22,2024,17,Everett,7,360,193,167,234,126,0,12.0,true,30.0,false
2024-04-22,2024,17,Malden,7,124,53,71,94,30,0,3.0,true,41.33,false
2024-04-22,2024,17,Medford,7,315,202,113,202,113,0,9.7,true,32.47,false
2024-04-22,2024,17,Newton,7,299,115,184,200,99,0,13.0,true,23.0,false
2024-04-22,2024,17,Revere,7,79,31,48,35,44,0,3.6,true,21.94,false
2024-04-22,2024,17,Salem,7,152,33,119,152,0,0,8.0,true,19.0,false
2024-04-22,2024,17,Somerville,7,5845,4133,1712,4336,1509,0,36.0,true,162.36,true
2024-04-22,2024,17,Watertown Town,7,365,207,158,255,110,0,6.0,true,60.83,false
2024-04-22,2024,17,unknown,3,10,8,2,0,10,10,0.0,true,NaN,false
2024-04-29,2024,18,Arlington,7,278,169,109,174,104,0,3.3,true,84.24,false
2024-04-29,2024,18,Boston,7,46804,32306,14498,35234,11570,0,237.6,true,196.99,true
2024-04-29,2024,18,Brookline,7,2543,1867,676,1947,596,0,14.0,true,181.64,true
2024-04-29,2024,18,Cambridge,7,31432,24969,6463,25914,5518,0,86.9,true,361.7,true
2024-04-29,2024,18,Chelsea,7,107,58,49,74,33,0,5.4,true,19.81,false
2024-04-29,2024,18,Everett,7,371,204,167,232,139,0,12.3,true,30.16,false
2024-04-29,2024,18,Hingham,4,4,4,0,4,0,0,1.0,true,4.0,false
2024-04-29,2024,18,Malden,7,103,47,56,73,30,0,3.0,true,34.33,false
2024-04-29,2024,18,Medford,7,286,172,114,175,111,0,9.6,true,29.79,false
2024-04-29,2024,18,Newton,7,291,118,173,202,89,0,12.0,true,24.25,false
2024-04-29,2024,18,Revere,7,64,27,37,30,34,0,3.3,true,19.39,false
2024-04-29,2024,18,Salem,7,140,41,99,140,0,0,8.3,true,16.87,false
2024-04-29,2024,18,Somerville,7,5569,4001,1568,4199,1370,0,36.0,true,154.69,true
2024-04-29,2024,18,Watertown Town,7,302,169,133,214,88,0,5.7,true,52.98,false
2024-04-29,2024,18,unknown,4,7,3,4,0,7,7,0.0,true,NaN,false
2024-05-06,2024,19,Arlington,7,311,170,141,229,82,0,3.6,true,86.39,false
2024-05-06,2024,19,Boston,7,52354,34530,17824,39724,12630,0,241.7,true,216.61,true
2024-05-06,2024,19,Brookline,7,2690,1879,811,2010,680,0,14.0,true,192.14,true
2024-05-06,2024,19,Cambridge,7,32444,25326,7118,26953,5491,0,87.6,true,370.37,true
2024-05-06,2024,19,Chelsea,7,118,74,44,70,48,0,5.0,true,23.6,false
2024-05-06,2024,19,Everett,7,457,227,230,274,183,0,12.4,true,36.85,false
2024-05-06,2024,19,Hingham,2,2,2,0,2,0,0,1.0,true,2.0,false
2024-05-06,2024,19,Malden,7,135,69,66,96,39,0,3.0,true,45.0,false
2024-05-06,2024,19,Medford,7,377,221,156,240,137,0,10.1,true,37.33,false
2024-05-06,2024,19,Newton,7,290,118,172,190,100,0,12.1,true,23.97,false
2024-05-06,2024,19,Revere,7,63,15,48,37,26,0,2.9,true,21.72,false
2024-05-06,2024,19,Salem,7,213,50,163,211,2,0,10.0,true,21.3,false
2024-05-06,2024,19,Somerville,7,6720,4439,2281,5156,1564,0,36.0,true,186.67,true
2024-05-06,2024,19,Watertown Town,7,392,207,185,275,117,0,5.9,true,66.44,false
2024-05-06,2024,19,unknown,4,9,4,5,0,9,9,0.0,true,NaN,false
2024-05-13,2024,20,Arlington,7,295,178,117,210,85,0,3.9,true,75.64,false
2024-05-13,2024,20,Boston,7,49325,33335,15990,36153,13172,0,245.4,true,201.0,true
2024-05-13,2024,20,Brookline,7,2649,1866,783,1875,774,0,14.0,true,189.21,true
2024-05-13,2024,20,Cambridge,7,32249,25471,6778,26439,5810,0,87.9,true,366.88,true
2024-05-13,2024,20,Chelsea,7,121,73,48,73,48,0,5.3,true,22.83,false
2024-05-13,2024,20,Everett,7,468,242,226,264,204,0,12.7,true,36.85,false
2024-05-13,2024,20,Malden,7,143,71,72,89,54,0,3.0,true,47.67,false
2024-05-13,2024,20,Medford,7,368,206,162,224,144,0,10.6,true,34.72,false
2024-05-13,2024,20,Newton,7,310,154,156,211,99,0,13.1,true,23.66,false
2024-05-13,2024,20,Revere,7,84,25,59,42,42,0,2.7,true,31.11,false
2024-05-13,2024,20,Salem,7,215,94,121,206,9,0,12.4,true,17.34,false
2024-05-13,2024,20,Somerville,7,5887,4204,1683,4376,1511,0,36.0,true,163.53,true
2024-05-13,2024,20,Watertown Town,7,397,230,167,273,124,0,6.0,true,66.17,false
2024-05-13,2024,20,unknown,6,6,3,3,0,6,6,0.0,true,NaN,false
2024-05-20,2024,21,Arlington,7,470,260,210,373,97,0,4.0,true,117.5,false
2024-05-20,2024,21,Boston,7,60793,37092,23701,46691,14102,0,247.6,true,245.53,true
2024-05-20,2024,21,Brookline,7,2928,1945,983,2199,729,0,14.0,true,209.14,true
2024-05-20,2024,21,Cambridge,7,36382,26262,10120,30250,6132,0,88.0,true,413.43,true
2024-05-20,2024,21,Chelsea,7,181,92,89,111,70,0,5.3,true,34.15,false
2024-05-20,2024,21,Everett,7,652,301,351,376,276,0,12.7,true,51.34,false
2024-05-20,2024,21,Hingham,4,10,4,6,10,0,0,1.0,true,10.0,false
2024-05-20,2024,21,Malden,7,224,83,141,145,79,0,3.0,true,74.67,false
2024-05-20,2024,21,Medford,7,488,240,248,283,205,0,10.9,true,44.77,false
2024-05-20,2024,21,Newton,7,339,134,205,257,82,0,13.4,true,25.3,false
2024-05-20,2024,21,Revere,7,184,41,143,93,91,0,3.6,true,51.11,false
2024-05-20,2024,21,Salem,7,329,73,256,325,4,0,12.3,true,26.75,false
2024-05-20,2024,21,Somerville,7,7149,4749,2400,5511,1638,0,36.0,true,198.58,true
2024-05-20,2024,21,Watertown Town,7,509,263,246,354,155,0,5.9,true,86.27,false
2024-05-20,2024,21,unknown,6,9,6,3,0,9,9,0.0,true,NaN,false
2024-05-27,2024,22,Arlington,7,403,234,169,318,85,0,4.0,true,100.75,false
2024-05-27,2024,22,Boston,7,59303,35413,23890,47529,11774,0,248.0,true,239.12,true
2024-05-27,2024,22,Brookline,7,2811,1873,938,2178,633,0,14.0,true,200.79,true
2024-05-27,2024,22,Cambridge,7,33449,23988,9461,28765,4684,0,88.0,true,380.1,true
2024-05-27,2024,22,Chelsea,7,147,66,81,73,74,0,4.9,true,30.0,false
2024-05-27,2024,22,Everett,7,662,279,383,359,303,0,12.6,true,52.54,false
2024-05-27,2024,22,Hingham,2,2,2,0,2,0,0,1.0,true,2.0,false
2024-05-27,2024,22,Malden,7,248,87,161,136,112,0,3.0,true,82.67,false
2024-05-27,2024,22,Medford,7,582,256,326,374,208,0,10.9,true,53.39,false
2024-05-27,2024,22,Newton,7,333,146,187,227,106,0,13.7,true,24.31,false
2024-05-27,2024,22,Revere,7,159,37,122,100,59,0,3.6,true,44.17,false
2024-05-27,2024,22,Salem,7,280,101,179,269,11,0,12.1,true,23.14,false
2024-05-27,2024,22,Somerville,7,7162,4618,2544,5507,1655,0,36.0,true,198.94,true
2024-05-27,2024,22,Watertown Town,7,506,267,239,388,118,0,5.6,true,90.36,false
2024-05-27,2024,22,unknown,5,9,5,4,0,9,9,0.0,true,NaN,false
2024-06-03,2024,23,Arlington,7,384,214,170,305,79,0,4.0,true,96.0,false
2024-06-03,2024,23,Boston,7,66277,41342,24935,51593,14684,0,250.0,true,265.11,true
2024-06-03,2024,23,Brookline,7,3050,2174,876,2370,680,0,13.9,true,219.42,true
2024-06-03,2024,23,Cambridge,7,34337,25583,8754,29395,4942,0,88.0,true,390.19,true
2024-06-03,2024,23,Chelsea,7,219,110,109,117,102,0,5.6,true,39.11,false
2024-06-03,2024,23,Everett,7,672,358,314,444,228,0,12.9,true,52.09,false
2024-06-03,2024,23,Hingham,3,3,3,0,3,0,0,1.0,true,3.0,false
2024-06-03,2024,23,Malden,7,260,106,154,171,89,0,3.0,true,86.67,false
2024-06-03,2024,23,Medford,7,488,254,234,336,152,0,10.9,true,44.77,false
2024-06-03,2024,23,Newton,7,325,145,180,224,101,0,12.9,true,25.19,false
2024-06-03,2024,23,Revere,7,160,46,114,80,80,0,4.0,true,40.0,false
2024-06-03,2024,23,Salem,7,317,88,229,308,9,0,12.7,true,24.96,false
2024-06-03,2024,23,Somerville,7,7271,4886,2385,5607,1664,0,36.0,true,201.97,true
2024-06-03,2024,23,Watertown Town,7,473,275,198,361,112,0,5.9,true,80.17,false
2024-06-03,2024,23,unknown,5,8,4,4,0,8,8,0.0,true,NaN,false
2024-06-10,2024,24,Arlington,7,457,239,218,352,105,0,4.9,true,93.27,false
2024-06-10,2024,24,Boston,7,66993,42204,24789,51715,15278,0,249.9,true,268.08,true
2024-06-10,2024,24,Brookline,7,3081,2088,993,2293,788,0,14.0,true,220.07,true
2024-06-10,2024,24,Cambridge,7,35506,26494,9012,29745,5761,0,88.0,true,403.48,true
2024-06-10,2024,24,Chelsea,7,174,87,87,97,77,0,5.3,true,32.83,false
2024-06-10,2024,24,Everett,7,650,305,345,405,245,0,12.9,true,50.39,false
2024-06-10,2024,24,Hingham,2,2,2,0,2,0,0,1.0,true,2.0,false
2024-06-10,2024,24,Malden,7,240,115,125,162,78,0,3.0,true,80.0,false
2024-06-10,2024,24,Medford,7,498,254,244,318,180,0,10.9,true,45.69,false
2024-06-10,2024,24,Newton,7,327,170,157,261,66,0,13.3,true,24.59,false
2024-06-10,2024,24,Revere,7,127,37,90,50,77,0,3.7,true,34.32,false
2024-06-10,2024,24,Salem,7,275,63,212,266,9,0,13.1,true,20.99,false
2024-06-10,2024,24,Somerville,7,7258,5006,2252,5547,1711,0,36.0,true,201.61,true
2024-06-10,2024,24,Watertown Town,7,486,286,200,352,134,0,6.0,true,81.0,false
2024-06-10,2024,24,unknown,4,8,5,3,0,8,8,0.0,true,NaN,false
2024-06-17,2024,25,Arlington,7,335,172,163,264,71,0,4.9,true,68.37,false
2024-06-17,2024,25,Boston,7,60210,37127,23083,45324,14886,0,250.9,true,239.98,true
2024-06-17,2024,25,Brookline,7,2748,1910,838,2073,675,0,14.0,true,196.29,true
2024-06-17,2024,25,Cambridge,7,30747,23157,7590,25558,5189,0,88.0,true,349.4,true
2024-06-17,2024,25,Chelsea,7,180,64,116,93,87,0,5.7,true,31.58,false
2024-06-17,2024,25,Everett,7,543,281,262,327,216,0,12.7,true,42.76,false
2024-06-17,2024,25,Hingham,2,3,3,0,3,0,0,1.0,true,3.0,false
2024-06-17,2024,25,Malden,7,217,82,135,156,61,0,3.0,true,72.33,false
2024-06-17,2024,25,Medford,7,371,186,185,234,137,0,10.7,true,34.67,false
2024-06-17,2024,25,Newton,7,277,135,142,194,83,0,12.4,true,22.34,false
2024-06-17,2024,25,Revere,7,141,35,106,69,72,0,3.6,true,39.17,false
2024-06-17,2024,25,Salem,7,219,60,159,213,6,0,10.9,true,20.09,false
2024-06-17,2024,25,Somerville,7,6312,4425,1887,4807,1505,0,36.0,true,175.33,true
2024-06-17,2024,25,Watertown Town,7,476,297,179,339,137,0,6.0,true,79.33,false
2024-06-17,2024,25,unknown,5,10,6,4,0,10,10,0.0,true,NaN,false
2024-06-24,2024,26,Arlington,7,431,267,164,338,93,0,5.0,true,86.2,false
2024-06-24,2024,26,Boston,7,63249,40202,23047,48061,15188,0,253.6,true,249.4,true
2024-06-24,2024,26,Brookline,7,2957,2095,862,2239,718,0,14.0,true,211.21,true
2024-06-24,2024,26,Cambridge,7,35000,26313,8687,29001,5999,0,88.0,true,397.73,true
2024-06-24,2024,26,Chelsea,7,184,93,91,88,96,0,5.0,true,36.8,false
2024-06-24,2024,26,Everett,7,627,316,311,397,230,0,13.0,true,48.23,false
2024-06-24,2024,26,Hingham,3,3,3,0,3,0,0,1.0,true,3.0,false
2024-06-24,2024,26,Malden,7,234,103,131,159,75,0,3.0,true,78.0,false
2024-06-24,2024,26,Medford,7,508,258,250,319,189,0,11.0,true,46.18,false
2024-06-24,2024,26,Newton,7,280,167,113,212,68,0,13.0,true,21.54,false
2024-06-24,2024,26,Revere,7,129,42,87,67,62,0,3.4,true,37.94,false
2024-06-24,2024,26,Salem,7,288,93,195,288,0,0,13.4,true,21.49,false
2024-06-24,2024,26,Somerville,7,7491,5174,2317,5613,1878,0,36.6,true,204.67,true
2024-06-24,2024,26,Watertown Town,7,499,304,195,333,166,0,6.4,true,77.97,false
2024-06-24,2024,26,unknown,5,10,3,7,0,10,10,0.0,true,NaN,false
2024-07-01,2024,27,Arlington,7,346,195,151,279,67,0,5.0,true,69.2,false
2024-07-01,2024,27,Boston,7,56957,33204,23753,42939,14018,0,253.7,true,224.51,true
2024-07-01,2024,27,Brookline,7,2842,1850,992,2018,824,0,14.0,true,203.0,true
2024-07-01,2024,27,Cambridge,7,32292,21829,10463,26819,5473,0,88.1,true,366.54,true
2024-07-01,2024,27,Chelsea,7,149,72,77,79,70,0,5.7,true,26.14,false
2024-07-01,2024,27,Everett,7,635,297,338,334,301,0,13.0,true,48.85,false
2024-07-01,2024,27,Hingham,2,2,2,0,2,0,0,1.0,true,2.0,false
2024-07-01,2024,27,Malden,7,232,106,126,141,91,0,3.0,true,77.33,false
2024-07-01,2024,27,Medford,7,482,232,250,313,169,0,10.9,true,44.22,false
2024-07-01,2024,27,Newton,7,330,157,173,220,110,0,13.3,true,24.81,false
2024-07-01,2024,27,Revere,7,174,46,128,107,67,0,4.0,true,43.5,false
2024-07-01,2024,27,Salem,7,360,101,259,360,0,0,13.6,true,26.47,false
2024-07-01,2024,27,Somerville,7,6354,4258,2096,4706,1648,0,36.9,true,172.2,true
2024-07-01,2024,27,Watertown Town,7,476,255,221,322,154,0,6.7,true,71.04,false
2024-07-01,2024,27,unknown,7,16,8,8,0,16,16,0.0,true,NaN,false
2024-07-08,2024,28,Arlington,7,378,243,135,285,93,0,5.0,true,75.6,false
2024-07-08,2024,28,Boston,7,66659,40131,26528,48807,17852,0,255.4,true,261.0,true
2024-07-08,2024,28,Brookline,7,3076,1993,1083,2229,847,0,14.0,true,219.71,true
2024-07-08,2024,28,Cambridge,7,37386,25399,11987,30553,6833,0,88.7,true,421.49,true
2024-07-08,2024,28,Chelsea,7,192,90,102,84,108,0,5.7,true,33.68,false
2024-07-08,2024,28,Everett,7,616,295,321,308,308,0,12.6,true,48.89,false
2024-07-08,2024,28,Hingham,1,1,1,0,1,0,0,1.0,true,1.0,false
2024-07-08,2024,28,Malden,7,210,105,105,139,71,0,3.0,true,70.0,false
2024-07-08,2024,28,Medford,7,442,243,199,293,149,0,11.0,true,40.18,false
2024-07-08,2024,28,Newton,7,339,184,155,233,106,0,12.1,true,28.02,false
2024-07-08,2024,28,Revere,7,135,47,88,83,52,0,3.7,true,36.49,false
2024-07-08,2024,28,Salem,7,277,102,175,263,14,0,12.4,true,22.34,false
2024-07-08,2024,28,Somerville,7,7180,4590,2590,5174,2006,0,36.9,true,194.58,true
2024-07-08,2024,28,Watertown Town,7,494,280,214,346,148,0,7.0,true,70.57,false
2024-07-08,2024,28,unknown,6,24,10,14,0,24,24,0.0,true,NaN,false
2024-07-15,2024,29,Arlington,7,464,268,196,344,120,0,5.0,true,92.8,false
2024-07-15,2024,29,Boston,7,74756,46491,28265,54983,19773,0,257.9,true,289.86,true
2024-07-15,2024,29,Brookline,7,3383,2324,1059,2470,913,0,14.0,true,241.64,true
2024-07-15,2024,29,Cambridge,7,42476,30000,12476,34569,7907,0,88.4,true,480.5,true
2024-07-15,2024,29,Chelsea,7,226,94,132,81,145,0,5.9,true,38.31,false
2024-07-15,2024,29,Everett,7,677,340,337,368,309,0,12.7,true,53.31,false
2024-07-15,2024,29,Hingham,1,1,1,0,1,0,0,1.0,true,1.0,false
2024-07-15,2024,29,Malden,7,258,118,140,161,97,0,3.0,true,86.0,false
2024-07-15,2024,29,Medford,7,525,269,256,323,202,0,11.0,true,47.73,false
2024-07-15,2024,29,Newton,7,367,191,176,235,132,0,13.7,true,26.79,false
2024-07-15,2024,29,Revere,7,182,43,139,100,82,0,4.0,true,45.5,false
2024-07-15,2024,29,Salem,7,377,164,213,373,4,0,15.4,true,24.48,false
2024-07-15,2024,29,Somerville,7,8251,5529,2722,6044,2207,0,37.0,true,223.0,true
2024-07-15,2024,29,Watertown Town,7,511,280,231,350,161,0,7.0,true,73.0,false
2024-07-15,2024,29,unknown,7,19,12,7,0,19,19,0.0,true,NaN,false
2024-07-22,2024,30,Arlington,7,493,247,246,396,97,0,5.0,true,98.6,false
2024-07-22,2024,30,Boston,7,77295,47233,30062,56911,20384,0,257.0,true,300.76,true
2024-07-22,2024,30,Brookline,7,3539,2444,1095,2577,962,0,14.0,true,252.79,true
2024-07-22,2024,30,Cambridge,7,43134,30356,12778,35141,7993,0,88.6,true,486.84,true
2024-07-22,2024,30,Chelsea,7,186,88,98,108,78,0,5.9,true,31.53,false
2024-07-22,2024,30,Everett,7,714,336,378,365,349,0,12.9,true,55.35,false
2024-07-22,2024,30,Hingham,1,1,1,0,1,0,0,1.0,true,1.0,false
2024-07-22,2024,30,Malden,7,234,115,119,155,79,0,3.0,true,78.0,false
2024-07-22,2024,30,Medford,7,540,287,253,323,217,0,10.6,true,50.94,false
2024-07-22,2024,30,Newton,7,358,196,162,235,123,0,13.1,true,27.33,false
2024-07-22,2024,30,Revere,7,126,33,93,77,49,0,3.6,true,35.0,false
2024-07-22,2024,30,Salem,7,279,86,193,279,0,0,11.6,true,24.05,false
2024-07-22,2024,30,Somerville,7,8203,5461,2742,6006,2197,0,37.0,true,221.7,true
2024-07-22,2024,30,Watertown Town,7,557,299,258,393,164,0,7.0,true,79.57,false
2024-07-22,2024,30,unknown,7,20,11,9,0,20,20,0.0,true,NaN,false
2024-07-29,2024,31,Arlington,7,367,212,155,274,93,0,5.0,true,73.4,false
2024-07-29,2024,31,Boston,7,67874,43791,24083,49143,18731,0,256.7,true,264.41,true
2024-07-29,2024,31,Brookline,7,3141,2189,952,2220,921,0,14.0,true,224.36,true
2024-07-29,2024,31,Cambridge,7,36917,27737,9180,30176,6741,0,88.7,true,416.2,true
2024-07-29,2024,31,Chelsea,7,146,71,75,68,78,0,5.7,true,25.61,false
2024-07-29,2024,31,Everett,7,641,287,354,309,332,0,12.9,true,49.69,false
2024-07-29,2024,31,Malden,7,221,108,113,120,101,0,3.0,true,73.67,false
2024-07-29,2024,31,Medford,7,442,217,225,261,181,0,12.1,true,36.53,false
2024-07-29,2024,31,Newton,7,347,169,178,207,140,0,12.7,true,27.32,false
2024-07-29,2024,31,Revere,7,92,32,60,39,53,0,3.6,true,25.56,false
2024-07-29,2024,31,Salem,7,323,126,197,321,2,0,13.6,true,23.75,false
2024-07-29,2024,31,Somerville,7,7289,5097,2192,5280,2009,0,37.0,true,197.0,true
2024-07-29,2024,31,Watertown Town,7,458,265,193,322,136,0,7.0,true,65.43,false
2024-07-29,2024,31,unknown,7,43,25,18,0,43,43,0.0,true,NaN,false
2024-08-05,2024,32,Arlington,7,354,208,146,273,81,0,5.0,true,70.8,false
2024-08-05,2024,32,Boston,7,64482,40942,23540,47935,16547,0,257.7,true,250.22,true
2024-08-05,2024,32,Brookline,7,3184,2243,941,2273,911,0,14.0,true,227.43,true
2024-08-05,2024,32,Cambridge,7,35526,26650,8876,29039,6487,0,88.4,true,401.88,true
2024-08-05,2024,32,Chelsea,7,167,68,99,73,94,0,5.4,true,30.93,false
2024-08-05,2024,32,Everett,7,602,303,299,349,253,0,12.6,true,47.78,false
2024-08-05,2024,32,Malden,7,220,111,109,143,77,0,3.0,true,73.33,false
2024-08-05,2024,32,Medford,7,484,227,257,294,190,0,13.4,true,36.12,false
2024-08-05,2024,32,Newton,7,299,136,163,194,105,0,13.7,true,21.82,false
2024-08-05,2024,32,Revere,7,96,15,81,30,66,0,3.1,true,30.97,false
2024-08-05,2024,32,Salem,7,273,69,204,265,8,0,12.3,true,22.2,false
2024-08-05,2024,32,Somerville,7,7007,4828,2179,4970,2037,0,37.0,true,189.38,true
2024-08-05,2024,32,Watertown Town,7,490,264,226,350,140,0,7.0,true,70.0,false
2024-08-05,2024,32,unknown,7,42,22,20,0,42,42,0.0,true,NaN,false
2024-08-12,2024,33,Arlington,7,375,233,142,283,92,0,5.0,true,75.0,false
2024-08-12,2024,33,Boston,7,68884,43967,24917,50695,18189,0,260.9,true,264.02,true
2024-08-12,2024,33,Brookline,7,3315,2315,1000,2477,838,0,14.0,true,236.79,true
2024-08-12,2024,33,Cambridge,7,36800,27590,9210,30047,6753,0,88.7,true,414.88,true
2024-08-12,2024,33,Chelsea,7,169,92,77,89,80,0,5.3,true,31.89,false
2024-08-12,2024,33,Everett,7,666,329,337,374,292,0,12.4,true,53.71,false
2024-08-12,2024,33,Malden,7,225,106,119,139,86,0,3.0,true,75.0,false
2024-08-12,2024,33,Medford,7,580,294,286,335,245,0,13.6,true,42.65,false
2024-08-12,2024,33,Newton,7,367,174,193,257,110,0,13.7,true,26.79,false
2024-08-12,2024,33,Revere,7,111,35,76,44,67,0,3.6,true,30.83,false
2024-08-12,2024,33,Salem,7,333,111,222,329,4,0,13.6,true,24.49,false
2024-08-12,2024,33,Somerville,7,7328,5084,2244,5202,2126,0,36.9,true,198.59,true
2024-08-12,2024,33,Watertown Town,7,516,299,217,366,150,0,7.0,true,73.71,false
2024-08-12,2024,33,unknown,6,40,27,13,0,40,40,0.0,true,NaN,false
2024-08-19,2024,34,Arlington,7,396,232,164,311,85,0,4.9,true,80.82,false
2024-08-19,2024,34,Boston,7,72584,44806,27778,52479,20105,0,261.0,true,278.1,true
2024-08-19,2024,34,Brookline,7,3444,2423,1021,2469,975,0,14.0,true,246.0,true
2024-08-19,2024,34,Cambridge,7,39836,28641,11195,32385,7451,0,89.3,true,446.09,true
2024-08-19,2024,34,Chelsea,7,186,115,71,99,87,0,5.6,true,33.21,false
2024-08-19,2024,34,Everett,7,710,326,384,427,283,0,12.7,true,55.91,false
2024-08-19,2024,34,Malden,7,221,109,112,143,78,0,3.0,true,73.67,false
2024-08-19,2024,34,Medford,7,578,293,285,356,222,0,13.6,true,42.5,false
2024-08-19,2024,34,Newton,7,463,257,206,292,171,0,14.4,true,32.15,false
2024-08-19,2024,34,Revere,7,154,56,98,62,92,0,3.9,true,39.49,false
2024-08-19,2024,34,Salem,7,293,102,191,287,6,0,12.9,true,22.71,false
2024-08-19,2024,34,Somerville,7,7799,5259,2540,5605,2194,0,37.0,true,210.78,true
2024-08-19,2024,34,Watertown Town,7,517,308,209,360,157,0,6.9,true,74.93,false
2024-08-19,2024,34,unknown,7,35,20,15,0,35,35,0.0,true,NaN,false
2024-08-26,2024,35,Arlington,7,417,223,194,305,112,0,5.0,true,83.4,false
2024-08-26,2024,35,Boston,7,73509,45282,28227,52755,20754,0,259.7,true,283.05,true
2024-08-26,2024,35,Brookline,7,3755,2624,1131,2531,1224,0,14.0,true,268.21,true
2024-08-26,2024,35,Cambridge,7,42487,31122,11365,34501,7986,0,89.9,true,472.6,true
2024-08-26,2024,35,Chelsea,7,160,78,82,82,78,0,5.9,true,27.12,false
2024-08-26,2024,35,Everett,7,715,349,366,429,286,0,13.4,true,53.36,false
2024-08-26,2024,35,Malden,7,289,157,132,158,131,0,3.0,true,96.33,false
2024-08-26,2024,35,Medford,7,588,348,240,338,250,0,13.6,true,43.24,false
2024-08-26,2024,35,Newton,7,445,238,207,309,136,0,13.4,true,33.21,false
2024-08-26,2024,35,Revere,7,120,39,81,51,69,0,3.7,true,32.43,false
2024-08-26,2024,35,Salem,7,352,114,238,343,9,0,13.4,true,26.27,false
2024-08-26,2024,35,Somerville,7,7607,5199,2408,5332,2275,0,36.9,true,206.15,true
2024-08-26,2024,35,Watertown Town,7,570,338,232,359,211,0,7.4,true,77.03,false
2024-08-26,2024,35,unknown,7,41,20,21,0,41,41,0.0,true,NaN,false
2024-09-02,2024,36,Arlington,7,438,262,176,297,141,0,5.0,true,87.6,false
2024-09-02,2024,36,Boston,7,76752,49275,27477,55751,21001,0,260.6,true,294.52,true
2024-09-02,2024,36,Brookline,7,3899,2666,1233,2775,1124,0,14.0,true,278.5,true
2024-09-02,2024,36,Cambridge,7,46503,34979,11524,38159,8344,0,89.6,true,519.01,true
2024-09-02,2024,36,Chelsea,7,151,88,63,74,77,0,5.7,true,26.49,false
2024-09-02,2024,36,Everett,7,714,362,352,378,336,0,13.3,true,53.68,false
2024-09-02,2024,36,Malden,7,290,166,124,154,136,0,3.0,true,96.67,false
2024-09-02,2024,36,Medford,7,586,309,277,350,236,0,13.3,true,44.06,false
2024-09-02,2024,36,Newton,7,504,230,274,343,161,0,13.4,true,37.61,false
2024-09-02,2024,36,Revere,7,83,36,47,41,42,0,3.4,true,24.41,false
2024-09-02,2024,36,Salem,7,484,110,374,461,23,0,14.9,true,32.48,false
2024-09-02,2024,36,Somerville,7,8021,5414,2607,5681,2340,0,37.0,true,216.78,true
2024-09-02,2024,36,Watertown Town,7,590,341,249,378,212,0,7.9,true,74.68,false
2024-09-02,2024,36,unknown,7,33,20,13,0,33,33,0.0,true,NaN,false
2024-09-09,2024,37,Arlington,7,448,278,170,311,137,0,5.0,true,89.6,false
2024-09-09,2024,37,Boston,7,82993,54802,28191,61650,21343,0,259.9,true,319.33,true
2024-09-09,2024,37,Brookline,7,4065,2810,1255,2984,1081,0,14.0,true,290.36,true
2024-09-09,2024,37,Cambridge,7,49787,38344,11443,40930,8857,0,89.6,true,555.66,true
2024-09-09,2024,37,Chelsea,7,196,124,72,94,102,0,5.4,true,36.3,false
2024-09-09,2024,37,Everett,7,749,421,328,425,324,0,14.0,true,53.5,false
2024-09-09,2024,37,Malden,7,246,157,89,176,70,0,3.0,true,82.0,false
2024-09-09,2024,37,Medford,7,638,360,278,382,256,0,13.7,true,46.57,false
2024-09-09,2024,37,Newton,7,475,237,238,304,171,0,13.3,true,35.71,false
2024-09-09,2024,37,Revere,7,143,73,70,59,84,0,3.6,true,39.72,false
2024-09-09,2024,37,Salem,7,453,119,334,453,0,0,13.3,true,34.06,false
2024-09-09,2024,37,Somerville,7,8473,5805,2668,6109,2364,0,37.0,true,229.0,true
2024-09-09,2024,37,Watertown Town,7,567,327,240,375,192,0,7.9,true,71.77,false
2024-09-09,2024,37,unknown,7,48,26,22,0,48,48,0.0,true,NaN,false
2024-09-16,2024,38,Arlington,7,348,253,95,233,115,0,5.0,true,69.6,false
2024-09-16,2024,38,Boston,7,69416,48858,20558,51450,17966,0,257.1,true,270.0,true
2024-09-16,2024,38,Brookline,7,3294,2408,886,2472,822,0,14.0,true,235.29,true
2024-09-16,2024,38,Cambridge,7,42241,33862,8379,35031,7210,0,89.1,true,474.09,true
2024-09-16,2024,38,Chelsea,7,171,111,60,86,85,0,5.3,true,32.26,false
2024-09-16,2024,38,Everett,7,592,305,287,308,284,0,13.6,true,43.53,false
2024-09-16,2024,38,Malden,7,215,134,81,137,78,0,2.7,true,79.63,false
2024-09-16,2024,38,Medford,7,575,353,222,356,219,0,13.0,true,44.23,false
2024-09-16,2024,38,Newton,7,377,196,181,201,176,0,11.4,true,33.07,false
2024-09-16,2024,38,Revere,7,127,63,64,66,61,0,4.9,true,25.92,false
2024-09-16,2024,38,Salem,7,373,100,273,320,53,0,13.1,true,28.47,false
2024-09-16,2024,38,Somerville,7,7081,5182,1899,5147,1934,0,36.9,true,191.9,true
2024-09-16,2024,38,Watertown Town,7,416,252,164,282,134,0,6.9,true,60.29,false
2024-09-16,2024,38,unknown,7,36,24,12,0,36,36,0.0,true,NaN,false
2024-09-23,2024,39,Arlington,7,436,246,190,301,135,0,5.7,true,76.49,false
2024-09-23,2024,39,Boston,7,73375,50178,23197,54151,19224,0,259.1,true,283.19,true
2024-09-23,2024,39,Brookline,7,3548,2564,984,2623,925,0,14.0,true,253.43,true
2024-09-23,2024,39,Cambridge,7,44479,35154,9325,36632,7847,0,89.7,true,495.86,true
2024-09-23,2024,39,Chelsea,7,167,108,59,85,82,0,5.4,true,30.93,false
2024-09-23,2024,39,Everett,7,720,399,321,405,315,0,13.9,true,51.8,false
2024-09-23,2024,39,Malden,7,201,138,63,132,69,0,3.0,true,67.0,false
2024-09-23,2024,39,Medford,7,587,362,225,374,213,0,14.4,true,40.76,false
2024-09-23,2024,39,Newton,7,393,231,162,235,158,0,11.9,true,33.03,false
2024-09-23,2024,39,Revere,7,166,65,101,92,74,0,5.3,true,31.32,false
2024-09-23,2024,39,Salem,7,489,118,371,485,4,0,13.9,true,35.18,false
2024-09-23,2024,39,Somerville,7,7374,5222,2152,5400,1974,0,37.0,true,199.3,true
2024-09-23,2024,39,Watertown Town,7,446,257,189,310,136,0,7.9,true,56.46,false
2024-09-23,2024,39,unknown,7,40,29,11,0,40,40,0.0,true,NaN,false
2024-09-30,2024,40,Arlington,7,433,244,189,311,122,0,6.0,true,72.17,false
2024-09-30,2024,40,Boston,7,77483,53128,24355,57306,20177,0,264.9,true,292.5,true
2024-09-30,2024,40,Brookline,7,3926,2822,1104,2859,1067,0,14.0,true,280.43,true
2024-09-30,2024,40,Cambridge,7,46153,36165,9988,38100,8053,0,89.3,true,516.83,true
2024-09-30,2024,40,Chelsea,7,182,124,58,71,111,0,5.7,true,31.93,false
2024-09-30,2024,40,Everett,7,698,408,290,407,291,0,14.0,true,49.86,false
2024-09-30,2024,40,Malden,7,204,116,88,140,64,0,3.0,true,68.0,false
2024-09-30,2024,40,Medford,7,556,324,232,357,199,0,14.0,true,39.71,false
2024-09-30,2024,40,Newton,7,386,230,156,238,148,0,11.9,true,32.44,false
2024-09-30,2024,40,Revere,7,162,48,114,75,87,0,5.3,true,30.57,false
2024-09-30,2024,40,Salem,7,791,154,637,758,33,0,14.6,true,54.18,false
2024-09-30,2024,40,Somerville,7,8284,5617,2667,5990,2294,0,37.0,true,223.89,true
2024-09-30,2024,40,Watertown Town,7,475,272,203,326,149,0,7.6,true,62.5,false
2024-09-30,2024,40,unknown,7,43,21,22,0,43,43,0.0,true,NaN,false
2024-10-07,2024,41,Arlington,7,392,229,163,290,102,0,7.7,true,50.91,false
2024-10-07,2024,41,Boston,7,66770,45614,21156,48523,18247,0,265.1,true,251.87,true
2024-10-07,2024,41,Brookline,7,3092,2238,854,2194,898,0,14.0,true,220.86,true
2024-10-07,2024,41,Cambridge,7,39378,31111,8267,32005,7373,0,89.1,true,441.95,true
2024-10-07,2024,41,Chelsea,7,180,108,72,83,97,0,5.7,true,31.58,false
2024-10-07,2024,41,Everett,7,555,343,212,280,275,0,13.9,true,39.93,false
2024-10-07,2024,41,Malden,7,175,114,61,103,72,0,3.0,true,58.33,false
2024-10-07,2024,41,Medford,7,477,293,184,270,207,0,14.0,true,34.07,false
2024-10-07,2024,41,Newton,7,319,191,128,185,134,0,10.9,true,29.27,false
2024-10-07,2024,41,Revere,7,121,56,65,59,62,0,4.7,true,25.74,false
2024-10-07,2024,41,Salem,7,646,169,477,642,4,0,14.4,true,44.86,false
2024-10-07,2024,41,Somerville,7,6485,4688,1797,4551,1934,0,37.0,true,175.27,true
2024-10-07,2024,41,Watertown Town,7,385,213,172,259,126,0,7.7,true,50.0,false
2024-10-07,2024,41,unknown,7,46,25,21,0,46,46,0.0,true,NaN,false
2024-10-14,2024,42,Arlington,7,460,270,190,319,141,0,8.9,true,51.69,false
2024-10-14,2024,42,Boston,7,67031,45079,21952,48709,18322,0,263.1,true,254.77,true
2024-10-14,2024,42,Brookline,7,3116,2191,925,2235,881,0,14.0,true,222.57,true
2024-10-14,2024,42,Cambridge,7,40596,30287,10309,33070,7526,0,89.7,true,452.58,true
2024-10-14,2024,42,Chelsea,7,193,118,75,66,127,0,5.7,true,33.86,false
2024-10-14,2024,42,Everett,7,589,361,228,270,319,0,13.3,true,44.29,false
2024-10-14,2024,42,Malden,7,173,98,75,81,92,0,3.0,true,57.67,false
2024-10-14,2024,42,Medford,7,471,280,191,297,174,0,14.3,true,32.94,false
2024-10-14,2024,42,Newton,7,396,212,184,232,164,0,11.4,true,34.74,false
2024-10-14,2024,42,Revere,7,129,51,78,74,55,0,5.3,true,24.34,false
2024-10-14,2024,42,Salem,7,769,177,592,769,0,0,14.4,true,53.4,false
2024-10-14,2024,42,Somerville,7,6615,4642,1973,4544,2071,0,37.0,true,178.78,true
2024-10-14,2024,42,Watertown Town,7,498,258,240,322,176,0,8.0,true,62.25,false
2024-10-14,2024,42,unknown,7,46,26,20,0,46,46,0.0,true,NaN,false
2024-10-21,2024,43,Arlington,7,458,296,162,359,99,0,8.7,true,52.64,false
2024-10-21,2024,43,Boston,7,73808,51023,22785,53633,20175,0,266.6,true,276.85,true
2024-10-21,2024,43,Brookline,7,3516,2547,969,2473,1043,0,14.0,true,251.14,true
2024-10-21,2024,43,Cambridge,7,42965,33757,9208,35103,7862,0,89.7,true,478.99,true
2024-10-21,2024,43,Chelsea,7,186,113,73,74,112,0,5.3,true,35.09,false
2024-10-21,2024,43,Everett,7,669,392,277,369,300,0,13.6,true,49.19,false
2024-10-21,2024,43,Malden,7,195,131,64,101,94,0,3.0,true,65.0,false
2024-10-21,2024,43,Medford,7,526,334,192,315,211,0,14.3,true,36.78,false
2024-10-21,2024,43,Newton,7,484,236,248,280,204,0,12.3,true,39.35,false
2024-10-21,2024,43,Revere,7,100,37,63,59,41,0,4.9,true,20.41,false
2024-10-21,2024,43,Salem,7,899,192,707,894,5,0,16.0,true,56.19,false
2024-10-21,2024,43,Somerville,7,7292,5183,2109,5079,2213,0,37.0,true,197.08,true
2024-10-21,2024,43,Watertown Town,7,513,314,199,314,199,0,7.9,true,64.94,false
2024-10-21,2024,43,unknown,7,32,20,12,0,32,32,0.0,true,NaN,false
2024-10-28,2024,44,Arlington,7,440,303,137,328,112,0,8.6,true,51.16,false
2024-10-28,2024,44,Boston,7,65668,47016,18652,47213,18455,0,265.7,true,247.15,true
2024-10-28,2024,44,Brookline,7,3129,2287,842,2219,910,0,14.0,true,223.5,true
2024-10-28,2024,44,Cambridge,7,41500,33164,8336,33605,7895,0,89.6,true,463.17,true
2024-10-28,2024,44,Chelsea,7,155,98,57,71,84,0,5.4,true,28.7,false
2024-10-28,2024,44,Everett,7,530,329,201,265,265,0,13.6,true,38.97,false
2024-10-28,2024,44,Malden,7,192,111,81,71,121,0,3.0,true,64.0,false
2024-10-28,2024,44,Medford,7,529,333,196,315,214,0,13.9,true,38.06,false
2024-10-28,2024,44,Newton,7,380,202,178,204,176,0,11.6,true,32.76,false
2024-10-28,2024,44,Revere,7,109,59,50,73,36,0,5.0,true,21.8,false
2024-10-28,2024,44,Salem,7,642,156,486,641,1,0,15.6,true,41.15,false
2024-10-28,2024,44,Somerville,7,7016,5016,2000,4915,2101,0,37.0,true,189.62,true
2024-10-28,2024,44,Watertown Town,7,414,263,151,263,151,0,7.7,true,53.77,false
2024-10-28,2024,44,unknown,6,24,17,7,0,24,24,0.0,true,NaN,false
2024-11-04,2024,45,Arlington,7,416,292,124,317,99,0,8.6,true,48.37,false
2024-11-04,2024,45,Boston,7,64429,45624,18805,45688,18741,0,267.3,true,241.04,true
2024-11-04,2024,45,Brookline,7,3087,2235,852,2160,927,0,14.0,true,220.5,true
2024-11-04,2024,45,Cambridge,7,38761,31492,7269,31241,7520,0,89.9,true,431.16,true
2024-11-04,2024,45,Chelsea,7,117,77,40,57,60,0,4.4,true,26.59,false
2024-11-04,2024,45,Everett,7,460,289,171,245,215,0,13.7,true,33.58,false
2024-11-04,2024,45,Hingham,2,2,2,0,2,0,0,1.0,true,2.0,false
2024-11-04,2024,45,Malden,7,140,94,46,74,66,0,3.0,true,46.67,false
2024-11-04,2024,45,Medford,7,523,310,213,313,210,0,14.6,true,35.82,false
2024-11-04,2024,45,Newton,7,353,213,140,172,181,0,12.1,true,29.17,false
2024-11-04,2024,45,Revere,7,115,35,80,81,34,0,4.9,true,23.47,false
2024-11-04,2024,45,Salem,7,305,127,178,305,0,0,12.1,true,25.21,false
2024-11-04,2024,45,Somerville,7,6579,4843,1736,4660,1919,0,37.0,true,177.81,true
2024-11-04,2024,45,Watertown Town,7,371,238,133,221,150,0,7.6,true,48.82,false
2024-11-04,2024,45,unknown,7,27,17,10,0,27,27,0.0,true,NaN,false
2024-11-11,2024,46,Arlington,7,370,233,137,271,99,0,8.9,true,41.57,false
2024-11-11,2024,46,Boston,7,54704,40140,14564,38216,16488,0,262.3,true,208.56,true
2024-11-11,2024,46,Brookline,7,2650,1993,657,1804,846,0,14.0,true,189.29,true
2024-11-11,2024,46,Cambridge,7,34640,28430,6210,27771,6869,0,89.6,true,386.61,true
2024-11-11,2024,46,Chelsea,7,95,55,40,45,50,0,4.1,true,23.17,false
2024-11-11,2024,46,Everett,7,389,260,129,182,207,0,13.4,true,29.03,false
2024-11-11,2024,46,Hingham,1,1,1,0,1,0,0,1.0,true,1.0,false
2024-11-11,2024,46,Malden,7,149,99,50,68,81,0,3.0,true,49.67,false
2024-11-11,2024,46,Medford,7,383,255,128,227,156,0,13.4,true,28.58,false
2024-11-11,2024,46,Newton,7,284,170,114,145,139,0,10.7,true,26.54,false
2024-11-11,2024,46,Revere,7,89,53,36,42,47,0,4.3,true,20.7,false
2024-11-11,2024,46,Salem,7,198,82,116,198,0,0,10.0,true,19.8,false
2024-11-11,2024,46,Somerville,7,5967,4433,1534,4180,1787,0,37.1,true,160.84,true
2024-11-11,2024,46,Watertown Town,7,321,193,128,213,108,0,7.4,true,43.38,false
2024-11-11,2024,46,unknown,6,43,25,18,0,43,43,0.0,true,NaN,false
2024-11-18,2024,47,Arlington,7,313,238,75,220,93,0,8.6,true,36.4,false
2024-11-18,2024,47,Boston,7,46993,35283,11710,32570,14423,0,253.4,true,185.45,true
2024-11-18,2024,47,Brookline,7,2237,1755,482,1554,683,0,14.0,true,159.79,true
2024-11-18,2024,47,Cambridge,7,32079,25835,6244,25661,6418,0,89.3,true,359.23,true
2024-11-18,2024,47,Chelsea,7,71,50,21,33,38,0,4.0,true,17.75,false
2024-11-18,2024,47,Everett,7,321,217,104,147,174,0,12.9,true,24.88,false
2024-11-18,2024,47,Hingham,2,2,2,0,2,0,0,1.0,true,2.0,false
2024-11-18,2024,47,Malden,7,133,101,32,65,68,0,2.9,true,45.86,false
2024-11-18,2024,47,Medford,7,317,228,89,170,147,0,13.3,true,23.83,false
2024-11-18,2024,47,Newton,7,232,141,91,128,104,0,9.1,true,25.49,false
2024-11-18,2024,47,Revere,7,37,16,21,28,9,0,3.3,true,11.21,false
2024-11-18,2024,47,Salem,7,100,44,56,100,0,0,6.0,true,16.67,false
2024-11-18,2024,47,Somerville,7,4996,3803,1193,3573,1423,0,37.0,true,135.03,true
2024-11-18,2024,47,Watertown Town,7,248,154,94,144,104,0,7.1,true,34.93,false
2024-11-18,2024,47,unknown,5,16,14,2,0,16,16,0.0,true,NaN,false
2024-11-25,2024,48,Arlington,7,199,141,58,162,37,0,8.0,true,24.88,false
2024-11-25,2024,48,Boston,7,25700,19749,5951,17009,8691,0,237.0,true,108.44,true
2024-11-25,2024,48,Brookline,7,1392,1148,244,947,445,0,14.0,true,99.43,true
2024-11-25,2024,48,Cambridge,7,18315,15511,2804,14395,3920,0,88.3,true,207.42,true
2024-11-25,2024,48,Chelsea,7,59,46,13,33,26,0,4.3,true,13.72,false
2024-11-25,2024,48,Everett,7,264,178,86,118,146,0,11.9,true,22.18,false
2024-11-25,2024,48,Hingham,2,2,2,0,2,0,0,1.0,true,2.0,false
2024-11-25,2024,48,Malden,7,90,57,33,43,47,0,3.0,true,30.0,false
2024-11-25,2024,48,Medford,7,224,159,65,116,108,0,11.0,true,20.36,false
2024-11-25,2024,48,Newton,7,150,87,63,74,76,0,8.0,true,18.75,false
2024-11-25,2024,48,Revere,7,28,16,12,22,6,0,2.6,true,10.77,false
2024-11-25,2024,48,Salem,7,73,39,34,73,0,0,6.7,true,10.9,false
2024-11-25,2024,48,Somerville,7,3097,2418,679,2040,1057,0,36.4,true,85.08,true
2024-11-25,2024,48,Watertown Town,7,164,120,44,98,66,0,6.7,true,24.48,false
2024-11-25,2024,48,unknown,7,16,12,4,0,16,16,0.0,true,NaN,false
2024-12-02,2024,49,Arlington,7,247,198,49,173,74,0,8.7,true,28.39,false
2024-12-02,2024,49,Boston,7,34211,27782,6429,22677,11534,0,235.6,true,145.21,true
2024-12-02,2024,49,Brookline,7,1679,1371,308,1098,581,0,14.0,true,119.93,true
2024-12-02,2024,49,Cambridge,7,23700,20628,3072,18627,5073,0,89.4,true,265.1,true
2024-12-02,2024,49,Chelsea,7,68,45,23,17,51,0,4.0,true,17.0,false
2024-12-02,2024,49,Everett,7,215,158,57,84,131,0,11.7,true,18.38,false
2024-12-02,2024,49,Hingham,2,2,2,0,2,0,0,1.0,true,2.0,false
2024-12-02,2024,49,Malden,7,78,61,17,29,49,0,2.9,true,26.9,false
2024-12-02,2024,49,Medford,7,242,192,50,126,116,0,11.4,true,21.23,false
2024-12-02,2024,49,Newton,7,164,120,44,70,94,0,9.1,true,18.02,false
2024-12-02,2024,49,Revere,7,28,15,13,14,14,0,2.9,true,9.66,false
2024-12-02,2024,49,Salem,7,111,63,48,109,2,0,7.1,true,15.63,false
2024-12-02,2024,49,Somerville,7,3857,3087,770,2581,1276,0,37.0,true,104.24,true
2024-12-02,2024,49,Watertown Town,7,188,135,53,99,89,0,7.4,true,25.41,false
2024-12-02,2024,49,unknown,5,9,7,2,0,9,9,0.0,true,NaN,false
2024-12-09,2024,50,Arlington,7,195,151,44,159,36,0,7.7,true,25.32,false
2024-12-09,2024,50,Boston,7,26631,21461,5170,16576,10055,0,224.7,true,118.52,true
2024-12-09,2024,50,Brookline,7,1416,1148,268,884,532,0,14.0,true,101.14,true
2024-12-09,2024,50,Cambridge,7,18450,15877,2573,13853,4597,0,88.3,true,208.95,true
2024-12-09,2024,50,Chelsea,7,57,40,17,20,37,0,4.1,true,13.9,false
2024-12-09,2024,50,Everett,7,183,127,56,75,108,0,10.1,true,18.12,false
2024-12-09,2024,50,Malden,7,76,58,18,39,37,0,2.7,true,28.15,false
2024-12-09,2024,50,Medford,7,224,161,63,119,105,0,11.6,true,19.31,false
2024-12-09,2024,50,Newton,7,119,85,34,62,57,0,8.0,true,14.88,false
2024-12-09,2024,50,Revere,6,17,8,9,12,5,0,2.5,true,6.8,false
2024-12-09,2024,50,Salem,7,50,22,28,46,4,0,4.6,true,10.87,false
2024-12-09,2024,50,Somerville,7,3347,2664,683,2071,1276,0,36.4,true,91.95,true
2024-12-09,2024,50,Watertown Town,7,154,119,35,70,84,0,7.1,true,21.69,false
2024-12-09,2024,50,unknown,7,54,37,17,0,54,54,0.0,true,NaN,false
2024-12-16,2024,51,Arlington,7,171,134,37,121,50,0,6.0,true,28.5,false
2024-12-16,2024,51,Boston,7,23006,18918,4088,14155,8851,0,209.9,true,109.6,true
2024-12-16,2024,51,Brookline,7,1129,918,211,741,388,0,13.9,true,81.22,true
2024-12-16,2024,51,Cambridge,7,15345,13335,2010,11456,3889,0,87.6,true,175.17,true
2024-12-16,2024,51,Chelsea,6,60,39,21,24,36,0,4.0,true,15.0,false
2024-12-16,2024,51,Everett,7,166,124,42,81,85,0,9.7,true,17.11,false
2024-12-16,2024,51,Malden,7,63,45,18,27,36,0,2.4,true,26.25,false
2024-12-16,2024,51,Medford,7,220,172,48,109,111,0,9.7,true,22.68,false
2024-12-16,2024,51,Newton,6,59,34,25,29,30,0,3.5,true,16.86,false
2024-12-16,2024,51,Revere,6,35,19,16,21,14,0,3.7,true,9.46,false
2024-12-16,2024,51,Salem,6,57,34,23,54,3,0,5.7,true,10.0,false
2024-12-16,2024,51,Somerville,7,2944,2348,596,1922,1022,0,36.6,true,80.44,true
2024-12-16,2024,51,Watertown Town,7,167,119,48,103,64,0,6.9,true,24.2,false
2024-12-16,2024,51,unknown,7,17,15,2,0,17,17,0.0,true,NaN,false
2024-12-23,2024,52,Arlington,7,75,53,22,59,16,0,5.1,true,14.71,false
2024-12-23,2024,52,Boston,7,8479,6584,1895,4687,3792,0,197.4,true,42.95,true
2024-12-23,2024,52,Brookline,7,439,376,63,259,180,0,12.6,true,34.84,true
2024-12-23,2024,52,Cambridge,7,5284,4453,831,3762,1522,0,85.6,true,61.73,true
2024-12-23,2024,52,Chelsea,7,38,30,8,12,26,0,3.0,true,12.67,false
2024-12-23,2024,52,Everett,7,124,84,40,59,65,0,8.6,true,14.42,false
2024-12-23,2024,52,Malden,6,29,19,10,10,19,0,2.3,true,12.61,false
2024-12-23,2024,52,Medford,7,125,92,33,69,56,0,9.6,true,13.02,false
2024-12-23,2024,52,Newton,2,3,2,1,1,2,0,1.0,true,3.0,false
2024-12-23,2024,52,Revere,5,22,11,11,9,13,0,2.6,true,8.46,false
2024-12-23,2024,52,Salem,4,9,3,6,9,0,0,2.2,true,4.09,false
2024-12-23,2024,52,Somerville,7,1215,941,274,676,539,0,34.0,true,35.74,true
2024-12-23,2024,52,Watertown Town,7,72,57,15,42,30,0,4.7,true,15.32,false
2024-12-23,2024,52,unknown,6,8,4,4,0,8,8,0.0,true,NaN,false
2024-12-30,2025,1,Arlington,7,164,127,37,116,48,0,7.1,true,23.1,false
2024-12-30,2025,1,Boston,7,15123,11763,3360,9515,5608,0,214.7,true,70.44,true
2024-12-30,2025,1,Brookline,7,797,647,150,509,288,0,13.9,true,57.34,true
2024-12-30,2025,1,Cambridge,7,9164,7649,1515,6843,2321,0,88.9,true,103.08,true
2024-12-30,2025,1,Chelsea,7,45,34,11,13,32,0,3.1,true,14.52,false
2024-12-30,2025,1,Everett,7,167,114,53,75,92,0,10.1,true,16.53,false
2024-12-30,2025,1,Malden,7,74,53,21,22,52,0,3.0,true,24.67,false
2024-12-30,2025,1,Medford,7,191,148,43,111,80,0,11.6,true,16.47,false
2024-12-30,2025,1,Newton,6,9,7,2,6,3,0,1.0,true,9.0,false
2024-12-30,2025,1,Revere,7,36,19,17,20,16,0,3.1,true,11.61,false
2024-12-30,2025,1,Salem,7,26,14,12,26,0,0,2.7,true,9.63,false
2024-12-30,2025,1,Somerville,7,2404,1859,545,1451,953,0,36.6,true,65.68,true
2024-12-30,2025,1,Watertown Town,7,158,116,42,87,71,0,7.3,true,21.64,false
2024-12-30,2025,1,unknown,5,9,4,5,0,9,9,0.0,true,NaN,false
2025-01-06,2025,2,Arlington,7,142,105,37,87,55,0,5.6,true,25.36,false
2025-01-06,2025,2,Boston,7,17855,15565,2290,10848,7007,0,215.1,true,83.01,true
2025-01-06,2025,2,Brookline,7,888,752,136,557,331,0,13.9,true,63.88,true
2025-01-06,2025,2,Cambridge,7,12249,11149,1100,8977,3272,0,88.7,true,138.09,true
2025-01-06,2025,2,Chelsea,7,36,28,8,16,20,0,3.7,true,9.73,false
2025-01-06,2025,2,Everett,7,138,115,23,63,75,0,8.1,true,17.04,false
2025-01-06,2025,2,Malden,7,73,62,11,27,46,0,2.9,true,25.17,false
2025-01-06,2025,2,Medford,7,150,139,11,82,68,0,9.6,true,15.62,false
2025-01-06,2025,2,Newton,7,19,17,2,12,7,0,1.0,true,19.0,false
2025-01-06,2025,2,Revere,3,11,11,0,10,1,0,3.0,true,3.67,false
2025-01-06,2025,2,Salem,6,26,24,2,26,0,0,3.0,true,8.67,false
2025-01-06,2025,2,Somerville,7,2258,1920,338,1364,894,0,36.3,true,62.2,true
2025-01-06,2025,2,Watertown Town,7,98,79,19,35,63,0,6.4,true,15.31,false
2025-01-06,2025,2,unknown,5,17,15,2,0,17,17,0.0,true,NaN,false
2025-01-13,2025,3,Arlington,7,142,116,26,93,49,0,6.1,true,23.28,false
2025-01-13,2025,3,Boston,7,22976,19451,3525,14082,8894,0,223.0,true,103.03,true
2025-01-13,2025,3,Brookline,7,1142,951,191,717,425,0,14.0,true,81.57,true
2025-01-13,2025,3,Cambridge,7,15439,13794,1645,11577,3862,0,89.9,true,171.74,true
2025-01-13,2025,3,Chelsea,7,36,29,7,7,29,0,2.6,true,13.85,false
2025-01-13,2025,3,Everett,7,176,134,42,77,99,0,10.3,true,17.09,false
2025-01-13,2025,3,Malden,7,65,53,12,45,20,0,2.7,true,24.07,false
2025-01-13,2025,3,Medford,7,167,143,24,87,80,0,9.7,true,17.22,false
2025-01-13,2025,3,Newton,7,40,27,13,25,15,0,1.0,true,40.0,false
2025-01-13,2025,3,Revere,7,17,5,12,5,12,0,2.0,true,8.5,false
2025-01-13,2025,3,Salem,7,41,28,13,41,0,0,4.3,true,9.53,false
2025-01-13,2025,3,Somerville,7,2913,2457,456,1881,1032,0,36.6,true,79.59,true
2025-01-13,2025,3,Watertown Town,7,148,114,34,69,79,0,8.3,true,17.83,false
2025-01-13,2025,3,unknown,7,11,6,5,0,11,11,0.0,true,NaN,false
2025-01-20,2025,4,Arlington,7,103,81,22,70,33,0,5.1,true,20.2,false
2025-01-20,2025,4,Boston,7,16958,14503,2455,9686,7272,0,215.0,true,78.87,true
2025-01-20,2025,4,Brookline,7,882,762,120,551,331,0,13.4,true,65.82,true
2025-01-20,2025,4,Cambridge,7,12373,11130,1243,9031,3342,0,88.7,true,139.49,true
2025-01-20,2025,4,Chelsea,7,22,15,7,3,19,0,2.4,true,9.17,false
2025-01-20,2025,4,Everett,7,127,101,26,48,79,0,8.6,true,14.77,false
2025-01-20,2025,4,Malden,7,44,38,6,19,25,0,2.1,true,20.95,false
2025-01-20,2025,4,Medford,7,125,115,10,60,65,0,8.9,true,14.04,false
2025-01-20,2025,4,Newton,7,22,19,3,12,10,0,1.0,true,22.0,false
2025-01-20,2025,4,Revere,5,10,5,5,2,8,0,1.4,true,7.14,false
2025-01-20,2025,4,Salem,7,27,16,11,27,0,0,2.9,true,9.31,false
2025-01-20,2025,4,Somerville,7,2340,1972,368,1452,888,0,37.1,true,63.07,true
2025-01-20,2025,4,Watertown Town,7,104,72,32,56,48,0,6.7,true,15.52,false
2025-01-20,2025,4,unknown,6,21,15,6,0,21,21,0.0,true,NaN,false
2025-01-27,2025,5,Arlington,7,131,104,27,90,41,0,6.7,true,19.55,false
2025-01-27,2025,5,Boston,7,21046,18001,3045,12265,8781,0,221.4,true,95.06,true
2025-01-27,2025,5,Brookline,7,989,853,136,601,388,0,14.0,true,70.64,true
2025-01-27,2025,5,Cambridge,7,15193,13668,1525,11280,3913,0,89.1,true,170.52,true
2025-01-27,2025,5,Chelsea,7,30,16,14,2,28,0,2.9,true,10.34,false
2025-01-27,2025,5,Everett,7,133,97,36,63,70,0,9.9,true,13.43,false
2025-01-27,2025,5,Malden,7,41,34,7,25,16,0,2.3,true,17.83,false
2025-01-27,2025,5,Medford,7,153,136,17,82,71,0,9.4,true,16.28,false
2025-01-27,2025,5,Newton,7,32,21,11,14,18,0,1.0,true,32.0,false
2025-01-27,2025,5,Revere,5,11,6,5,4,7,0,1.6,true,6.88,false
2025-01-27,2025,5,Salem,7,33,29,4,33,0,0,3.9,true,8.46,false
2025-01-27,2025,5,Somerville,7,2617,2275,342,1791,826,0,37.3,true,70.16,true
2025-01-27,2025,5,Watertown Town,7,113,92,21,42,71,0,6.7,true,16.87,false
2025-01-27,2025,5,unknown,5,10,6,4,0,10,10,0.0,true,NaN,false
2025-02-03,2025,6,Arlington,7,162,133,29,105,57,0,6.6,true,24.55,false
2025-02-03,2025,6,Boston,7,20882,17822,3060,13114,7768,0,222.6,true,93.81,true
2025-02-03,2025,6,Brookline,7,1007,838,169,668,339,0,13.9,true,72.45,true
2025-02-03,2025,6,Cambridge,7,16303,14695,1608,12265,4038,0,89.1,true,182.97,true
2025-02-03,2025,6,Chelsea,6,25,16,9,5,20,0,2.7,true,9.26,false
2025-02-03,2025,6,Everett,7,96,80,16,45,51,0,7.4,true,12.97,false
2025-02-03,2025,6,Malden,7,32,26,6,24,8,0,2.3,true,13.91,false
2025-02-03,2025,6,Medford,7,125,100,25,65,60,0,9.1,true,13.74,false
2025-02-03,2025,6,Newton,7,34,22,12,13,21,0,1.0,true,34.0,false
2025-02-03,2025,6,Revere,5,14,12,2,7,7,0,2.4,true,5.83,false
2025-02-03,2025,6,Salem,6,33,26,7,31,2,0,4.2,true,7.86,false
2025-02-03,2025,6,Somerville,7,2643,2274,369,1729,914,0,37.3,true,70.86,true
2025-02-03,2025,6,Watertown Town,7,141,114,27,65,76,0,8.3,true,16.99,false
2025-02-03,2025,6,unknown,5,10,9,1,0,10,10,0.0,true,NaN,false
2025-02-10,2025,7,Arlington,7,131,101,30,85,46,0,5.9,true,22.2,false
2025-02-10,2025,7,Boston,7,19022,16359,2663,11714,7308,0,212.1,true,89.68,true
2025-02-10,2025,7,Brookline,7,896,763,133,554,342,0,13.6,true,65.88,true
2025-02-10,2025,7,Cambridge,7,15247,13736,1511,11235,4012,0,87.3,true,174.65,true
2025-02-10,2025,7,Chelsea,6,18,9,9,2,16,0,2.2,true,8.18,false
2025-02-10,2025,7,Everett,7,99,75,24,49,50,0,8.6,true,11.51,false
2025-02-10,2025,7,Malden,6,33,26,7,19,14,0,2.2,true,15.0,false
2025-02-10,2025,7,Medford,7,117,95,22,49,68,0,8.9,true,13.15,false
2025-02-10,2025,7,Newton,7,46,27,19,20,26,0,1.0,true,46.0,false
2025-02-10,2025,7,Revere,5,9,3,6,3,6,0,1.6,true,5.62,false
2025-02-10,2025,7,Salem,6,22,16,6,19,3,0,2.8,true,7.86,false
2025-02-10,2025,7,Somerville,7,2406,2056,350,1496,910,0,35.9,true,67.02,true
2025-02-10,2025,7,Watertown Town,7,111,86,25,48,63,0,6.9,true,16.09,false
2025-02-10,2025,7,unknown,6,11,6,5,0,11,11,0.0,true,NaN,false
2025-02-17,2025,8,Arlington,7,114,89,25,84,30,0,5.6,true,20.36,false
2025-02-17,2025,8,Boston,7,17733,14600,3133,10180,7553,0,211.9,true,83.69,true
2025-02-17,2025,8,Brookline,7,888,735,153,528,360,0,13.9,true,63.88,true
2025-02-17,2025,8,Cambridge,7,13806,12314,1492,10025,3781,0,88.3,true,156.35,true
2025-02-17,2025,8,Chelsea,6,18,13,5,3,15,0,2.5,true,7.2,false
2025-02-17,2025,8,Everett,7,103,75,28,64,39,0,7.9,true,13.04,false
2025-02-17,2025,8,Malden,7,32,22,10,13,19,0,2.0,true,16.0,false
2025-02-17,2025,8,Medford,7,107,92,15,28,79,0,7.6,true,14.08,false
2025-02-17,2025,8,Newton,7,33,19,14,14,19,0,1.0,true,33.0,false
2025-02-17,2025,8,Revere,5,8,2,6,4,4,0,1.4,true,5.71,false
2025-02-17,2025,8,Salem,7,22,11,11,22,0,0,2.6,true,8.46,false
2025-02-17,2025,8,Somerville,7,2216,1893,323,1340,876,0,36.7,true,60.38,true
2025-02-17,2025,8,Watertown Town,7,80,68,12,39,41,0,6.3,true,12.7,false
2025-02-17,2025,8,unknown,4,8,6,2,0,8,8,0.0,true,NaN,false
2025-02-24,2025,9,Arlington,7,225,173,52,161,64,0,7.1,true,31.69,false
2025-02-24,2025,9,Boston,7,28664,23020,5644,18131,10533,0,231.3,true,123.93,true
2025-02-24,2025,9,Brookline,7,1456,1170,286,935,521,0,14.0,true,104.0,true
2025-02-24,2025,9,Cambridge,7,19888,17440,2448,14919,4969,0,89.1,true,223.21,true
2025-02-24,2025,9,Chelsea,7,63,31,32,19,44,0,4.1,true,15.37,false
2025-02-24,2025,9,Everett,7,202,137,65,101,101,0,9.9,true,20.4,false
2025-02-24,2025,9,Malden,6,52,39,13,26,26,0,3.0,true,17.33,false
2025-02-24,2025,9,Medford,7,225,175,50,116,109,0,11.6,true,19.4,false
2025-02-24,2025,9,Newton,7,39,23,16,22,17,0,1.0,true,39.0,false
2025-02-24,2025,9,Revere,7,34,14,20,16,18,0,2.7,true,12.59,false
2025-02-24,2025,9,Salem,7,55,29,26,55,0,0,5.0,true,11.0,false
2025-02-24,2025,9,Somerville,7,3453,2824,629,2272,1181,0,37.4,true,92.33,true
2025-02-24,2025,9,Watertown Town,7,174,127,47,89,85,0,8.0,true,21.75,false
2025-02-24,2025,9,unknown,7,14,10,4,0,14,14,0.0,true,NaN,false
2025-03-03,2025,10,Arlington,7,262,193,69,186,76,0,7.3,true,35.89,false
2025-03-03,2025,10,Boston,7,25581,21128,4453,15641,9940,0,232.3,true,110.12,true
2025-03-03,2025,10,Brookline,7,1344,1102,242,835,509,0,14.0,true,96.0,true
2025-03-03,2025,10,Cambridge,7,19159,16774,2385,14257,4902,0,89.7,true,213.59,true
2025-03-03,2025,10,Chelsea,7,50,38,12,22,28,0,3.7,true,13.51,false
2025-03-03,2025,10,Everett,7,208,146,62,118,90,0,11.0,true,18.91,false
2025-03-03,2025,10,Malden,7,52,41,11,20,32,0,2.4,true,21.67,false
2025-03-03,2025,10,Medford,7,216,169,47,107,109,0,11.6,true,18.62,false
2025-03-03,2025,10,Newton,7,65,43,22,40,25,0,5.3,true,12.26,false
2025-03-03,2025,10,Revere,7,48,29,19,30,18,0,3.4,true,14.12,false
2025-03-03,2025,10,Salem,7,49,34,15,47,2,0,4.7,true,10.43,false
2025-03-03,2025,10,Somerville,7,3362,2750,612,2207,1155,0,37.6,true,89.41,true
2025-03-03,2025,10,Watertown Town,7,175,125,50,72,103,0,8.1,true,21.6,false
2025-03-03,2025,10,unknown,6,14,11,3,0,14,14,0.0,true,NaN,false
2025-03-10,2025,11,Arlington,7,390,247,143,295,95,0,8.1,true,48.15,false
2025-03-10,2025,11,Boston,7,41181,29173,12008,27348,13833,0,246.7,true,166.93,true
2025-03-10,2025,11,Brookline,7,2017,1533,484,1328,689,0,13.9,true,145.11,true
2025-03-10,2025,11,Cambridge,7,25875,21061,4814,19600,6275,0,90.1,true,287.18,true
2025-03-10,2025,11,Chelsea,7,87,51,36,27,60,0,4.0,true,21.75,false
2025-03-10,2025,11,Everett,7,350,214,136,198,152,0,12.1,true,28.93,false
2025-03-10,2025,11,Malden,7,115,55,60,50,65,0,3.0,true,38.33,false
2025-03-10,2025,11,Medford,7,368,261,107,210,158,0,12.9,true,28.53,false
2025-03-10,2025,11,Newton,7,212,110,102,119,93,0,9.4,true,22.55,false
2025-03-10,2025,11,Revere,7,56,16,40,35,21,0,3.6,true,15.56,false
2025-03-10,2025,11,Salem,7,124,60,64,109,15,0,8.4,true,14.76,false
2025-03-10,2025,11,Somerville,7,5052,3767,1285,3359,1693,0,37.4,true,135.08,true
2025-03-10,2025,11,Watertown Town,7,361,238,123,220,141,0,9.4,true,38.4,false
2025-03-10,2025,11,unknown,7,28,13,15,0,28,28,0.0,true,NaN,false
2025-03-17,2025,12,Arlington,7,292,168,124,216,76,0,8.0,true,36.5,false
2025-03-17,2025,12,Boston,7,34191,25496,8695,22114,12077,0,243.9,true,140.18,true
2025-03-17,2025,12,Brookline,7,1801,1409,392,1136,665,0,14.0,true,128.64,true
2025-03-17,2025,12,Cambridge,7,20079,16660,3419,15099,4980,0,90.0,true,223.1,true
2025-03-17,2025,12,Chelsea,7,80,33,47,39,41,0,4.9,true,16.33,false
2025-03-17,2025,12,Everett,7,288,194,94,134,154,0,12.1,true,23.8,false
2025-03-17,2025,12,Hingham,1,1,1,0,1,0,0,1.0,true,1.0,false
2025-03-17,2025,12,Malden,7,109,74,35,47,62,0,2.9,true,37.59,false
2025-03-17,2025,12,Medford,7,251,164,87,127,124,0,11.6,true,21.64,false
2025-03-17,2025,12,Newton,7,201,121,80,117,84,0,10.1,true,19.9,false
2025-03-17,2025,12,Revere,7,65,22,43,31,34,0,3.6,true,18.06,false
2025-03-17,2025,12,Salem,7,119,71,48,119,0,0,7.4,true,16.08,false
2025-03-17,2025,12,Somerville,7,4104,3072,1032,2614,1490,0,37.7,true,108.86,true
2025-03-17,2025,12,Watertown Town,7,279,202,77,145,134,0,9.6,true,29.06,false
2025-03-17,2025,12,unknown,7,31,20,11,0,31,31,0.0,true,NaN,false
2025-03-24,2025,13,Arlington,7,257,173,84,172,85,0,8.1,true,31.73,false
2025-03-24,2025,13,Boston,7,34397,26709,7688,22005,12392,0,252.4,true,136.28,true
2025-03-24,2025,13,Brookline,7,1710,1356,354,1075,635,0,13.9,true,123.02,true
2025-03-24,2025,13,Cambridge,7,19657,16490,3167,14393,5264,0,89.6,true,219.39,true
2025-03-24,2025,13,Chelsea,7,75,42,33,29,46,0,4.1,true,18.29,false
2025-03-24,2025,13,Everett,7,240,175,65,119,121,0,12.4,true,19.35,false
2025-03-24,2025,13,Hingham,3,3,3,0,3,0,0,1.0,true,3.0,false
2025-03-24,2025,13,Malden,7,72,53,19,48,24,0,2.9,true,24.83,false
2025-03-24,2025,13,Medford,7,268,195,73,138,130,0,11.0,true,24.36,false
2025-03-24,2025,13,Newton,7,178,101,77,103,75,0,9.0,true,19.78,false
2025-03-24,2025,13,Revere,7,51,16,35,18,33,0,3.6,true,14.17,false
2025-03-24,2025,13,Salem,7,85,36,49,85,0,0,5.6,true,15.18,false
2025-03-24,2025,13,Somerville,7,4185,3283,902,2679,1506,0,37.1,true,112.8,true
2025-03-24,2025,13,Watertown Town,7,236,162,74,123,113,0,9.4,true,25.11,false
2025-03-24,2025,13,unknown,7,17,11,6,0,17,17,0.0,true,NaN,false
2025-03-31,2025,14,Arlington,7,332,218,114,232,100,0,8.0,true,41.5,false
2025-03-31,2025,14,Boston,7,40194,29988,10206,26770,13424,0,262.3,true,153.24,true
2025-03-31,2025,14,Brookline,7,2027,1513,514,1293,734,0,14.0,true,144.79,true
2025-03-31,2025,14,Cambridge,7,24323,20140,4183,18554,5769,0,90.3,true,269.36,true
2025-03-31,2025,14,Chelsea,7,84,41,43,41,43,0,4.4,true,19.09,false
2025-03-31,2025,14,Everett,7,287,180,107,149,138,0,11.9,true,24.12,false
2025-03-31,2025,14,Hingham,4,4,4,0,3,1,0,1.0,true,4.0,false
2025-03-31,2025,14,Malden,7,112,70,42,70,42,0,2.9,true,38.62,false
2025-03-31,2025,14,Medford,7,283,194,89,140,143,0,12.0,true,23.58,false
2025-03-31,2025,14,Newton,7,221,123,98,125,96,0,10.6,true,20.85,false
2025-03-31,2025,14,Revere,7,69,25,44,47,22,0,4.4,true,15.68,false
2025-03-31,2025,14,Salem,7,97,44,53,96,1,0,6.4,true,15.16,false
2025-03-31,2025,14,Somerville,7,4498,3460,1038,3054,1444,0,37.3,true,120.59,true
2025-03-31,2025,14,Watertown Town,7,280,182,98,149,131,0,9.1,true,30.77,false
2025-03-31,2025,14,unknown,6,30,20,10,0,30,30,0.0,true,NaN,false
2025-04-07,2025,15,Arlington,7,212,167,45,159,53,0,7.7,true,27.53,false
2025-04-07,2025,15,Boston,7,31942,25456,6486,19824,12118,0,255.7,true,124.92,true
2025-04-07,2025,15,Brookline,7,1544,1235,309,884,660,0,14.0,true,110.29,true
2025-04-07,2025,15,Cambridge,7,21239,18373,2866,15494,5745,0,89.6,true,237.04,true
2025-04-07,2025,15,Chelsea,7,37,15,22,17,20,0,3.4,true,10.88,false
2025-04-07,2025,15,Everett,7,178,117,61,81,97,0,9.9,true,17.98,false
2025-04-07,2025,15,Hingham,2,2,2,0,2,0,0,1.0,true,2.0,false
2025-04-07,2025,15,Malden,7,58,43,15,37,21,0,2.4,true,24.17,false
2025-04-07,2025,15,Medford,7,230,183,47,127,103,0,11.7,true,19.66,false
2025-04-07,2025,15,Newton,7,145,96,49,95,50,0,7.7,true,18.83,false
2025-04-07,2025,15,Revere,7,25,12,13,14,11,0,2.3,true,10.87,false
2025-04-07,2025,15,Salem,7,66,25,41,66,0,0,5.3,true,12.45,false
2025-04-07,2025,15,Somerville,7,3713,2951,762,2366,1347,0,37.7,true,98.49,true
2025-04-07,2025,15,Watertown Town,7,222,161,61,106,116,0,8.9,true,24.94,false
2025-04-07,2025,15,unknown,7,27,22,5,0,27,27,0.0,true,NaN,false
2025-04-14,2025,16,Arlington,7,563,324,239,411,152,0,8.7,true,64.71,false
2025-04-14,2025,16,Boston,7,58016,37260,20756,39483,18533,0,278.0,true,208.69,true
2025-04-14,2025,16,Brookline,7,2617,1848,769,1604,1013,0,14.0,true,186.93,true
2025-04-14,2025,16,Cambridge,7,32888,24886,8002,25241,7647,0,90.7,true,362.6,true
2025-04-14,2025,16,Chelsea,7,81,37,44,39,42,0,4.6,true,17.61,false
2025-04-14,2025,16,Everett,7,419,229,190,269,150,0,13.1,true,31.98,false
2025-04-14,2025,16,Hingham,4,6,4,2,4,2,0,1.0,true,6.0,false
2025-04-14,2025,16,Malden,7,145,73,72,108,37,0,3.0,true,48.33,false
2025-04-14,2025,16,Medford,7,415,276,139,254,161,0,13.3,true,31.2,false
2025-04-14,2025,16,Newton,7,340,141,199,236,104,0,12.0,true,28.33,false
2025-04-14,2025,16,Revere,7,217,29,188,165,52,0,5.7,true,38.07,false
2025-04-14,2025,16,Salem,7,189,73,116,189,0,0,10.9,true,17.34,false
2025-04-14,2025,16,Somerville,7,6072,4199,1873,4133,1939,0,38.0,true,159.79,true
2025-04-14,2025,16,Watertown Town,7,484,279,205,319,165,0,10.0,true,48.4,false
2025-04-14,2025,16,unknown,7,36,19,17,0,36,36,0.0,true,NaN,false
2025-04-21,2025,17,Arlington,7,453,273,180,360,93,0,8.7,true,52.07,false
2025-04-21,2025,17,Boston,7,55514,35855,19659,37943,17571,0,280.9,true,197.63,true
2025-04-21,2025,17,Brookline,7,2565,1689,876,1663,902,0,13.3,true,192.86,true
2025-04-21,2025,17,Cambridge,7,31417,24371,7046,24029,7388,0,90.3,true,347.92,true
2025-04-21,2025,17,Chelsea,7,127,63,64,79,48,0,5.3,true,23.96,false
2025-04-21,2025,17,Everett,7,380,207,173,207,173,0,13.0,true,29.23,false
2025-04-21,2025,17,Hingham,3,5,5,0,5,0,0,1.0,true,5.0,false
2025-04-21,2025,17,Malden,7,128,58,70,76,52,0,3.0,true,42.67,false
2025-04-21,2025,17,Medford,7,358,229,129,217,141,0,12.4,true,28.87,false
2025-04-21,2025,17,Newton,7,433,169,264,321,112,0,12.6,true,34.37,false
2025-04-21,2025,17,Revere,7,139,34,105,112,27,0,5.1,true,27.25,false
2025-04-21,2025,17,Salem,7,165,63,102,165,0,0,9.9,true,16.67,false
2025-04-21,2025,17,Somerville,7,6007,4210,1797,4032,1975,0,37.6,true,159.76,true
2025-04-21,2025,17,Watertown Town,7,519,289,230,334,185,0,9.7,true,53.51,false
2025-04-21,2025,17,unknown,7,38,16,22,0,38,38,0.0,true,NaN,false
2025-04-28,2025,18,Arlington,7,589,345,244,443,146,0,8.4,true,70.12,false
2025-04-28,2025,18,Boston,7,62786,41598,21188,44209,18577,0,285.4,true,219.99,true
2025-04-28,2025,18,Brookline,7,2917,2017,900,1988,929,0,14.0,true,208.36,true
2025-04-28,2025,18,Cambridge,7,35766,27582,8184,28009,7757,0,90.1,true,396.96,true
2025-04-28,2025,18,Chelsea,7,122,60,62,65,57,0,5.0,true,24.4,false
2025-04-28,2025,18,Everett,7,449,250,199,231,218,0,12.4,true,36.21,false
2025-04-28,2025,18,Hingham,3,4,4,0,3,1,0,1.0,true,4.0,false
2025-04-28,2025,18,Malden,7,198,96,102,118,80,0,3.0,true,66.0,false
2025-04-28,2025,18,Medford,7,478,278,200,268,210,0,13.4,true,35.67,false
2025-04-28,2025,18,Newton,7,372,180,192,225,147,0,12.1,true,30.74,false
2025-04-28,2025,18,Revere,7,224,43,181,169,55,0,6.1,true,36.72,false
2025-04-28,2025,18,Salem,7,228,82,146,228,0,0,11.3,true,20.18,false
2025-04-28,2025,18,Somerville,7,6932,4725,2207,4847,2085,0,37.7,true,183.87,true
2025-04-28,2025,18,Watertown Town,7,537,328,209,363,174,0,10.0,true,53.7,false
2025-04-28,2025,18,unknown,7,36,21,15,0,36,36,0.0,true,NaN,false
2025-05-05,2025,19,Arlington,7,427,238,189,346,81,0,8.6,true,49.65,false
2025-05-05,2025,19,Boston,7,46796,32444,14352,31682,15114,0,281.6,true,166.18,true
2025-05-05,2025,19,Brookline,7,2304,1658,646,1506,798,0,14.0,true,164.57,true
2025-05-05,2025,19,Cambridge,7,27095,21470,5625,20930,6165,0,90.0,true,301.06,true
2025-05-05,2025,19,Chelsea,7,73,44,29,48,25,0,4.3,true,16.98,false
2025-05-05,2025,19,Everett,7,412,220,192,247,165,0,12.7,true,32.44,false
2025-05-05,2025,19,Hingham,1,1,1,0,1,0,0,1.0,true,1.0,false
2025-05-05,2025,19,Malden,7,160,91,69,119,41,0,4.1,true,39.02,false
2025-05-05,2025,19,Medford,7,391,244,147,241,150,0,12.3,true,31.79,false
2025-05-05,2025,19,Newton,7,285,130,155,181,104,0,11.1,true,25.68,false
2025-05-05,2025,19,Revere,7,137,47,90,72,65,0,5.0,true,27.4,false
2025-05-05,2025,19,Salem,7,110,41,69,110,0,0,6.9,true,15.94,false
2025-05-05,2025,19,Somerville,7,6081,4063,2018,4235,1846,0,38.0,true,160.03,true
2025-05-05,2025,19,Watertown Town,7,424,289,135,263,161,0,9.6,true,44.17,false
2025-05-05,2025,19,unknown,6,20,17,3,0,20,20,0.0,true,NaN,false
2025-05-12,2025,20,Arlington,7,552,320,232,430,122,0,8.9,true,62.02,false
2025-05-12,2025,20,Boston,7,64367,41067,23300,46378,17989,0,289.6,true,222.26,true
2025-05-12,2025,20,Brookline,7,3112,2142,970,2109,1003,0,14.0,true,222.29,true
2025-05-12,2025,20,Cambridge,7,35460,26926,8534,28737,6723,0,91.0,true,389.67,true
2025-05-12,2025,20,Chelsea,7,131,78,53,54,77,0,6.0,true,21.83,false
2025-05-12,2025,20,Everett,7,616,350,266,369,247,0,13.4,true,45.97,false
2025-05-12,2025,20,Hingham,2,4,2,2,4,0,0,1.0,true,4.0,false
2025-05-12,2025,20,Malden,7,284,115,169,193,91,0,5.0,true,56.8,false
2025-05-12,2025,20,Medford,7,553,316,237,338,215,0,13.7,true,40.36,false
2025-05-12,2025,20,Newton,7,384,215,169,249,135,0,13.3,true,28.87,false
2025-05-12,2025,20,Revere,7,223,58,165,151,72,0,6.3,true,35.4,false
2025-05-12,2025,20,Salem,7,271,82,189,271,0,0,12.0,true,22.58,false
2025-05-12,2025,20,Somerville,7,7140,4791,2349,5144,1996,0,37.9,true,188.39,true
2025-05-12,2025,20,Watertown Town,7,609,374,235,404,205,0,9.9,true,61.52,false
2025-05-12,2025,20,unknown,7,25,15,10,0,25,25,0.0,true,NaN,false
2025-05-19,2025,21,Arlington,7,374,220,154,277,97,0,8.0,true,46.75,false
2025-05-19,2025,21,Boston,7,42852,29199,13653,29580,13272,0,282.3,true,151.8,true
2025-05-19,2025,21,Brookline,7,1987,1415,572,1273,714,0,14.0,true,141.93,true
2025-05-19,2025,21,Cambridge,7,24820,19336,5484,19083,5737,0,90.0,true,275.78,true
2025-05-19,2025,21,Chelsea,7,79,48,31,47,32,0,4.9,true,16.12,false
2025-05-19,2025,21,Everett,7,352,192,160,190,162,0,12.0,true,29.33,false
2025-05-19,2025,21,Hingham,2,2,1,1,2,0,0,1.0,true,2.0,false
2025-05-19,2025,21,Malden,7,162,115,47,108,54,0,4.6,true,35.22,false
2025-05-19,2025,21,Medford,7,391,264,127,227,164,0,12.1,true,32.31,false
2025-05-19,2025,21,Newton,7,238,131,107,157,81,0,11.7,true,20.34,false
2025-05-19,2025,21,Revere,7,99,27,72,72,27,0,4.9,true,20.2,false
2025-05-19,2025,21,Salem,7,146,60,86,142,4,0,8.9,true,16.4,false
2025-05-19,2025,21,Somerville,7,4809,3439,1370,3264,1545,0,37.7,true,127.56,true
2025-05-19,2025,21,Watertown Town,7,384,250,134,254,130,0,8.9,true,43.15,false
2025-05-19,2025,21,unknown,5,13,8,5,0,13,13,0.0,true,NaN,false
2025-05-26,2025,22,Arlington,7,568,319,249,477,91,0,8.4,true,67.62,false
2025-05-26,2025,22,Boston,7,60432,38856,21576,44254,16178,0,293.4,true,205.97,true
2025-05-26,2025,22,Brookline,7,2623,1813,810,1851,772,0,14.0,true,187.36,true
2025-05-26,2025,22,Cambridge,7,32799,24365,8434,26570,6229,0,90.6,true,362.02,true
2025-05-26,2025,22,Chelsea,7,128,72,56,70,58,0,5.4,true,23.7,false
2025-05-26,2025,22,Everett,7,508,255,253,282,226,0,13.3,true,38.2,false
2025-05-26,2025,22,Hingham,3,3,1,2,3,0,0,1.0,true,3.0,false
2025-05-26,2025,22,Malden,7,301,148,153,186,115,0,4.9,true,61.43,false
2025-05-26,2025,22,Medford,7,552,299,253,343,209,0,13.9,true,39.71,false
2025-05-26,2025,22,Newton,7,335,167,168,253,82,0,13.6,true,24.63,false
2025-05-26,2025,22,Revere,7,231,64,167,177,54,0,6.0,true,38.5,false
2025-05-26,2025,22,Salem,7,245,94,151,240,5,0,11.7,true,20.94,false
2025-05-26,2025,22,Somerville,7,7147,4921,2226,5133,2014,0,38.0,true,188.08,true
2025-05-26,2025,22,Watertown Town,7,625,387,238,447,178,0,9.9,true,63.13,false
2025-05-26,2025,22,unknown,7,39,20,19,0,39,39,0.0,true,NaN,false
2025-06-02,2025,23,Arlington,7,609,373,236,489,120,0,10.1,true,60.3,false
2025-06-02,2025,23,Boston,7,67807,43740,24067,48394,19413,0,294.4,true,230.32,true
2025-06-02,2025,23,Brookline,7,3233,2172,1061,2217,1016,0,14.0,true,230.93,true
2025-06-02,2025,23,Cambridge,7,33223,25261,7962,26556,6667,0,90.6,true,366.7,true
2025-06-02,2025,23,Chelsea,7,161,103,58,78,83,0,5.6,true,28.75,false
2025-06-02,2025,23,Everett,7,532,312,220,277,255,0,13.3,true,40.0,false
2025-06-02,2025,23,Hingham,3,3,3,0,3,0,0,1.0,true,3.0,false
2025-06-02,2025,23,Malden,7,315,187,128,202,113,0,5.0,true,63.0,false
2025-06-02,2025,23,Medford,7,521,334,187,297,224,0,13.6,true,38.31,false
2025-06-02,2025,23,Newton,7,348,185,163,255,93,0,12.9,true,26.98,false
2025-06-02,2025,23,Revere,7,305,83,222,178,127,0,6.6,true,46.21,false
2025-06-02,2025,23,Salem,7,244,97,147,244,0,0,12.4,true,19.68,false
2025-06-02,2025,23,Somerville,7,7357,5212,2145,5012,2345,0,37.9,true,194.12,true
2025-06-02,2025,23,Watertown Town,7,587,357,230,404,183,0,10.0,true,58.7,false
2025-06-02,2025,23,unknown,7,34,25,9,0,34,34,0.0,true,NaN,false
2025-06-09,2025,24,Arlington,7,697,419,278,578,119,0,10.7,true,65.14,false
2025-06-09,2025,24,Boston,7,66436,43446,22990,45997,20439,0,293.1,true,226.67,true
2025-06-09,2025,24,Brookline,7,2871,2039,832,1916,955,0,14.0,true,205.07,true
2025-06-09,2025,24,Cambridge,7,32555,25062,7493,25516,7039,0,90.4,true,360.12,true
2025-06-09,2025,24,Chelsea,7,133,93,40,57,76,0,5.6,true,23.75,false
2025-06-09,2025,24,Everett,7,548,300,248,308,240,0,13.9,true,39.42,false
2025-06-09,2025,24,Hingham,3,6,6,0,6,0,0,1.0,true,6.0,false
2025-06-09,2025,24,Malden,7,269,151,118,174,95,0,5.0,true,53.8,false
2025-06-09,2025,24,Medford,7,539,345,194,307,232,0,14.0,true,38.5,false
2025-06-09,2025,24,Newton,7,376,193,183,246,130,0,14.0,true,26.86,false
2025-06-09,2025,24,Revere,7,249,77,172,185,64,0,6.6,true,37.73,false
2025-06-09,2025,24,Salem,7,253,75,178,253,0,0,10.9,true,23.21,false
2025-06-09,2025,24,Somerville,7,7233,5102,2131,4968,2265,0,37.9,true,190.84,true
2025-06-09,2025,24,Watertown Town,7,597,373,224,394,203,0,9.9,true,60.3,false
2025-06-09,2025,24,unknown,7,29,17,12,0,29,29,0.0,true,NaN,false
2025-06-16,2025,25,Arlington,7,708,433,275,534,174,0,10.7,true,66.17,false
2025-06-16,2025,25,Boston,7,66484,42096,24388,45125,21359,0,299.0,true,222.35,true
2025-06-16,2025,25,Brookline,7,2914,2043,871,1926,988,0,14.0,true,208.14,true
2025-06-16,2025,25,Cambridge,7,32884,24619,8265,25522,7362,0,90.3,true,364.16,true
2025-06-16,2025,25,Chelsea,7,131,75,56,50,81,0,5.6,true,23.39,false
2025-06-16,2025,25,Everett,7,605,321,284,316,289,0,13.4,true,45.15,false
2025-06-16,2025,25,Hingham,3,3,3,0,3,0,0,1.0,true,3.0,false
2025-06-16,2025,25,Malden,7,273,146,127,159,114,0,5.0,true,54.6,false
2025-06-16,2025,25,Medford,7,581,338,243,344,237,0,14.0,true,41.5,false
2025-06-16,2025,25,Newton,7,377,192,185,227,150,0,13.3,true,28.35,false
2025-06-16,2025,25,Revere,7,300,80,220,192,108,0,6.9,true,43.48,false
2025-06-16,2025,25,Salem,7,277,77,200,277,0,0,11.9,true,23.28,false
2025-06-16,2025,25,Somerville,7,7358,5079,2279,4859,2499,0,37.7,true,195.17,true
2025-06-16,2025,25,Watertown Town,7,608,351,257,399,209,0,9.9,true,61.41,false
2025-06-16,2025,25,unknown,6,26,15,11,0,26,26,0.0,true,NaN,false
2025-06-23,2025,26,Arlington,7,615,367,248,465,150,0,10.4,true,59.13,false
2025-06-23,2025,26,Boston,7,67956,43525,24431,46323,21633,0,298.3,true,227.81,true
2025-06-23,2025,26,Brookline,7,2888,2024,864,1867,1021,0,14.0,true,206.29,true
2025-06-23,2025,26,Cambridge,7,34446,26070,8376,26707,7739,0,89.9,true,383.16,true
2025-06-23,2025,26,Chelsea,7,122,66,56,46,76,0,5.4,true,22.59,false
2025-06-23,2025,26,Everett,7,600,338,262,310,290,0,14.0,true,42.86,false
2025-06-23,2025,26,Hingham,4,4,4,0,4,0,0,1.0,true,4.0,false
2025-06-23,2025,26,Malden,7,269,150,119,178,91,0,5.0,true,53.8,false
2025-06-23,2025,26,Medford,7,539,312,227,311,228,0,13.7,true,39.34,false
2025-06-23,2025,26,Newton,7,329,190,139,176,153,0,13.0,true,25.31,false
2025-06-23,2025,26,Revere,7,341,83,258,240,101,0,7.1,true,48.03,false
2025-06-23,2025,26,Salem,7,224,74,150,224,0,0,12.0,true,18.67,false
2025-06-23,2025,26,Somerville,7,7145,4969,2176,4714,2431,0,38.0,true,188.03,true
2025-06-23,2025,26,Watertown Town,7,610,387,223,387,223,0,9.9,true,61.62,false
2025-06-23,2025,26,unknown,7,34,17,17,0,34,34,0.0,true,NaN,false
2025-06-30,2025,27,Arlington,7,653,351,302,498,155,0,10.7,true,61.03,false
2025-06-30,2025,27,Boston,7,66255,39304,26951,46373,19882,0,297.1,true,223.01,true
2025-06-30,2025,27,Brookline,7,2822,1845,977,1900,922,0,14.0,true,201.57,true
2025-06-30,2025,27,Cambridge,7,33654,23921,9733,26395,7259,0,89.6,true,375.6,true
2025-06-30,2025,27,Chelsea,7,134,69,65,61,73,0,5.7,true,23.51,false
2025-06-30,2025,27,Everett,7,629,316,313,375,254,0,13.4,true,46.94,false
2025-06-30,2025,27,Hingham,3,3,3,0,3,0,0,1.0,true,3.0,false
2025-06-30,2025,27,Malden,7,285,147,138,196,89,0,5.6,true,50.89,false
2025-06-30,2025,27,Medford,7,533,285,248,306,227,0,14.0,true,38.07,false
2025-06-30,2025,27,Newton,7,378,200,178,233,145,0,13.9,true,27.19,false
2025-06-30,2025,27,Revere,7,353,90,263,231,122,0,6.6,true,53.48,false
2025-06-30,2025,27,Salem,7,365,99,266,250,115,0,13.4,true,27.24,false
2025-06-30,2025,27,Somerville,7,6790,4550,2240,4575,2215,0,37.9,true,179.16,true
2025-06-30,2025,27,Watertown Town,7,657,356,301,421,236,0,10.0,true,65.7,false
2025-06-30,2025,27,unknown,7,47,23,24,0,47,47,0.0,true,NaN,false
2025-07-07,2025,28,Arlington,7,596,330,266,493,103,0,10.6,true,56.23,false
2025-07-07,2025,28,Boston,7,69817,43941,25876,50075,19742,0,300.0,true,232.72,true
2025-07-07,2025,28,Brookline,7,2936,2010,926,1999,937,0,14.0,true,209.71,true
2025-07-07,2025,28,Cambridge,7,35430,25938,9492,28554,6876,0,89.4,true,396.31,true
2025-07-07,2025,28,Chelsea,7,165,98,67,66,99,0,5.4,true,30.56,false
2025-07-07,2025,28,Everett,7,576,312,264,301,275,0,13.7,true,42.04,false
2025-07-07,2025,28,Malden,7,297,170,127,186,111,0,5.7,true,52.11,false
2025-07-07,2025,28,Medford,7,505,310,195,328,177,0,14.4,true,35.07,false
2025-07-07,2025,28,Newton,7,366,201,165,244,122,0,12.9,true,28.37,false
2025-07-07,2025,28,Revere,7,329,91,238,220,109,0,6.9,true,47.68,false
2025-07-07,2025,28,Salem,7,347,135,212,201,146,0,12.7,true,27.32,false
2025-07-07,2025,28,Somerville,7,7504,5026,2478,5337,2167,0,37.9,true,197.99,true
2025-07-07,2025,28,Watertown Town,7,663,415,248,442,221,0,10.0,true,66.3,false
2025-07-07,2025,28,unknown,7,64,42,22,0,64,64,0.0,true,NaN,false
2025-07-14,2025,29,Arlington,7,688,401,287,556,132,0,10.6,true,64.91,false
2025-07-14,2025,29,Boston,7,75770,47421,28349,55943,19827,0,301.9,true,250.98,true
2025-07-14,2025,29,Brookline,7,3242,2212,1030,2286,956,0,14.0,true,231.57,true
2025-07-14,2025,29,Cambridge,7,38375,28130,10245,31479,6896,0,89.6,true,428.29,true
2025-07-14,2025,29,Chelsea,7,195,98,97,105,90,0,5.7,true,34.21,false
2025-07-14,2025,29,Everett,7,670,305,365,407,263,0,13.9,true,48.2,false
2025-07-14,2025,29,Hingham,2,2,2,0,2,0,0,1.0,true,2.0,false
2025-07-14,2025,29,Malden,7,297,152,145,163,134,0,5.6,true,53.04,false
2025-07-14,2025,29,Medford,7,585,346,239,389,196,0,14.1,true,41.49,false
2025-07-14,2025,29,Newton,7,399,219,180,240,159,0,13.4,true,29.78,false
2025-07-14,2025,29,Revere,7,370,92,278,215,155,0,6.7,true,55.22,false
2025-07-14,2025,29,Salem,7,412,131,281,271,141,0,15.1,true,27.28,false
2025-07-14,2025,29,Somerville,7,7831,5273,2558,5734,2097,0,38.0,true,206.08,true
2025-07-14,2025,29,Watertown Town,7,668,402,266,426,242,0,10.0,true,66.8,false
2025-07-14,2025,29,unknown,7,77,39,38,0,77,77,0.0,true,NaN,false
2025-07-21,2025,30,Arlington,7,703,424,279,575,128,0,10.3,true,68.25,false
2025-07-21,2025,30,Boston,7,75518,48036,27482,55874,19644,0,303.6,true,248.74,true
2025-07-21,2025,30,Brookline,7,3070,2121,949,2114,956,0,14.0,true,219.29,true
2025-07-21,2025,30,Cambridge,7,37283,28045,9238,30780,6503,0,89.7,true,415.64,true
2025-07-21,2025,30,Chelsea,7,174,95,79,114,60,0,5.7,true,30.53,false
2025-07-21,2025,30,Everett,7,663,364,299,400,263,0,13.7,true,48.39,false
2025-07-21,2025,30,Hingham,4,4,4,0,4,0,0,1.0,true,4.0,false
2025-07-21,2025,30,Malden,7,408,214,194,278,130,0,6.0,true,68.0,false
2025-07-21,2025,30,Medford,7,585,351,234,371,214,0,14.0,true,41.79,false
2025-07-21,2025,30,Newton,7,374,214,160,225,149,0,13.3,true,28.12,false
2025-07-21,2025,30,Revere,7,365,103,262,281,84,0,6.9,true,52.9,false
2025-07-21,2025,30,Salem,7,460,134,326,287,173,0,15.0,true,30.67,false
2025-07-21,2025,30,Somerville,7,7844,5351,2493,5674,2170,0,37.7,true,208.06,true
2025-07-21,2025,30,Watertown Town,7,670,415,255,492,178,0,10.0,true,67.0,false
2025-07-21,2025,30,unknown,7,66,41,25,0,66,66,0.0,true,NaN,false
2025-07-28,2025,31,Arlington,7,745,445,300,615,130,0,11.0,true,67.73,false
2025-07-28,2025,31,Boston,7,71138,44705,26433,50753,20385,0,309.7,true,229.7,true
2025-07-28,2025,31,Brookline,7,3013,2134,879,2038,975,0,14.0,true,215.21,true
2025-07-28,2025,31,Cambridge,7,34398,25505,8893,27993,6405,0,89.9,true,382.63,true
2025-07-28,2025,31,Chelsea,7,187,93,94,108,79,0,5.6,true,33.39,false
2025-07-28,2025,31,Everett,7,637,315,322,368,269,0,13.9,true,45.83,false
2025-07-28,2025,31,Hingham,3,3,3,0,3,0,0,1.0,true,3.0,false
2025-07-28,2025,31,Malden,7,364,202,162,232,132,0,5.9,true,61.69,false
2025-07-28,2025,31,Medford,7,507,304,203,311,196,0,14.3,true,35.45,false
2025-07-28,2025,31,Newton,7,394,180,214,237,157,0,12.6,true,31.27,false
2025-07-28,2025,31,Revere,7,296,86,210,217,79,0,6.9,true,42.9,false
2025-07-28,2025,31,Salem,7,386,135,251,282,104,0,13.7,true,28.18,false
2025-07-28,2025,31,Somerville,7,7536,5224,2312,5448,2088,0,38.0,true,198.32,true
2025-07-28,2025,31,Watertown Town,7,596,353,243,412,184,0,9.9,true,60.2,false
2025-07-28,2025,31,unknown,7,41,21,20,0,41,41,0.0,true,NaN,false
2025-08-04,2025,32,Arlington,7,707,410,297,541,166,0,10.9,true,64.86,false
2025-08-04,2025,32,Boston,7,78581,48806,29775,55443,23138,0,313.0,true,251.06,true
2025-08-04,2025,32,Brookline,7,3279,2281,998,2243,1036,0,14.0,true,234.21,true
2025-08-04,2025,32,Cambridge,7,37691,27826,9865,29912,7779,0,89.9,true,419.25,true
2025-08-04,2025,32,Chelsea,7,192,120,72,94,98,0,5.7,true,33.68,false
2025-08-04,2025,32,Everett,7,744,395,349,411,333,0,14.0,true,53.14,false
2025-08-04,2025,32,Hingham,2,2,2,0,2,0,0,1.0,true,2.0,false
2025-08-04,2025,32,Malden,7,449,228,221,269,180,0,6.0,true,74.83,false
2025-08-04,2025,32,Medford,7,668,408,260,423,245,0,14.4,true,46.39,false
2025-08-04,2025,32,Newton,7,416,208,208,272,144,0,13.6,true,30.59,false
2025-08-04,2025,32,Revere,7,408,124,284,283,125,0,6.9,true,59.13,false
2025-08-04,2025,32,Salem,7,428,147,281,304,124,0,14.0,true,30.57,false
2025-08-04,2025,32,Somerville,7,8150,5529,2621,5717,2433,0,38.0,true,214.47,true
2025-08-04,2025,32,Watertown Town,7,700,426,274,463,237,0,10.0,true,70.0,false
2025-08-04,2025,32,unknown,7,50,34,16,0,50,50,0.0,true,NaN,false
2025-08-11,2025,33,Arlington,7,710,413,297,546,164,0,11.0,true,64.55,false
2025-08-11,2025,33,Boston,7,72203,45738,26465,50706,21497,0,313.9,true,230.02,true
2025-08-11,2025,33,Brookline,7,3039,2108,931,2022,1017,0,14.0,true,217.07,true
2025-08-11,2025,33,Cambridge,7,35313,26299,9014,28238,7075,0,89.7,true,393.68,true
2025-08-11,2025,33,Chelsea,7,196,119,77,88,108,0,5.9,true,33.22,false
2025-08-11,2025,33,Everett,7,675,341,334,328,347,0,14.0,true,48.21,false
2025-08-11,2025,33,Malden,7,413,218,195,257,156,0,6.0,true,68.83,false
2025-08-11,2025,33,Medford,7,625,345,280,394,231,0,14.6,true,42.81,false
2025-08-11,2025,33,Newton,7,362,212,150,168,194,0,13.1,true,27.63,false
2025-08-11,2025,33,Revere,7,445,126,319,245,200,0,6.9,true,64.49,false
2025-08-11,2025,33,Salem,7,349,114,235,264,85,0,12.9,true,27.05,false
2025-08-11,2025,33,Somerville,7,7449,5158,2291,5157,2292,0,38.0,true,196.03,true
2025-08-11,2025,33,Watertown Town,7,654,383,271,427,227,0,10.0,true,65.4,false
2025-08-11,2025,33,unknown,7,63,33,30,0,63,63,0.0,true,NaN,false
2025-08-18,2025,34,Arlington,7,693,378,315,553,140,0,10.9,true,63.58,false
2025-08-18,2025,34,Boston,7,67551,43048,24503,46904,20647,0,315.1,true,214.38,true
2025-08-18,2025,34,Brookline,7,2855,1977,878,1938,917,0,14.0,true,203.93,true
2025-08-18,2025,34,Cambridge,7,33723,24604,9119,27378,6345,0,89.9,true,375.12,true
2025-08-18,2025,34,Chelsea,7,212,108,104,102,110,0,5.7,true,37.19,false
2025-08-18,2025,34,Everett,7,668,364,304,324,344,0,13.4,true,49.85,false
2025-08-18,2025,34,Malden,7,361,216,145,220,141,0,6.0,true,60.17,false
2025-08-18,2025,34,Medford,7,587,356,231,341,246,0,14.6,true,40.21,false
2025-08-18,2025,34,Newton,7,414,229,185,264,150,0,13.9,true,29.78,false
2025-08-18,2025,34,Revere,7,345,105,240,200,145,0,6.6,true,52.27,false
2025-08-18,2025,34,Salem,7,348,129,219,234,114,0,14.1,true,24.68,false
2025-08-18,2025,34,Somerville,7,7269,4964,2305,4976,2293,0,38.0,true,191.29,true
2025-08-18,2025,34,Watertown Town,7,606,360,246,411,195,0,9.7,true,62.47,false
2025-08-18,2025,34,unknown,7,47,29,18,0,47,47,0.0,true,NaN,false
2025-08-25,2025,35,Arlington,7,679,391,288,501,178,0,11.0,true,61.73,false
2025-08-25,2025,35,Boston,7,71080,44281,26799,51311,19769,0,316.7,true,224.44,true
2025-08-25,2025,35,Brookline,7,2971,2011,960,1972,999,0,14.0,true,212.21,true
2025-08-25,2025,35,Cambridge,7,37518,27655,9863,30859,6659,0,89.7,true,418.26,true
2025-08-25,2025,35,Chelsea,7,215,145,70,69,146,0,5.9,true,36.44,false
2025-08-25,2025,35,Everett,7,676,327,349,296,380,0,13.3,true,50.83,false
2025-08-25,2025,35,Malden,7,368,208,160,163,205,0,6.0,true,61.33,false
2025-08-25,2025,35,Medford,7,584,339,245,336,248,0,14.0,true,41.71,false
2025-08-25,2025,35,Newton,7,480,250,230,276,204,0,13.7,true,35.04,false
2025-08-25,2025,35,Revere,7,323,112,211,181,142,0,6.7,true,48.21,false
2025-08-25,2025,35,Salem,7,395,125,270,253,142,0,14.1,true,28.01,false
2025-08-25,2025,35,Somerville,7,7368,5009,2359,5203,2165,0,38.0,true,193.89,true
2025-08-25,2025,35,Watertown Town,7,601,333,268,390,211,0,10.0,true,60.1,false
2025-08-25,2025,35,unknown,7,34,15,19,0,34,34,0.0,true,NaN,false
2025-09-01,2025,36,Arlington,7,638,378,260,480,158,0,10.7,true,59.63,false
2025-09-01,2025,36,Boston,7,71980,46277,25703,52380,19600,0,315.9,true,227.86,true
2025-09-01,2025,36,Brookline,7,3185,2176,1009,2244,941,0,14.0,true,227.5,true
2025-09-01,2025,36,Cambridge,7,39343,29586,9757,32714,6629,0,90.3,true,435.69,true
2025-09-01,2025,36,Chelsea,7,207,126,81,100,107,0,5.7,true,36.32,false
2025-09-01,2025,36,Everett,7,563,314,249,275,288,0,12.9,true,43.64,false
2025-09-01,2025,36,Malden,7,289,171,118,167,122,0,5.9,true,48.98,false
2025-09-01,2025,36,Medford,7,555,302,253,330,225,0,14.9,true,37.25,false
2025-09-01,2025,36,Newton,7,446,234,212,264,182,0,12.6,true,35.4,false
2025-09-01,2025,36,Revere,7,251,71,180,159,92,0,6.1,true,41.15,false
2025-09-01,2025,36,Salem,7,504,163,341,334,170,0,14.1,true,35.74,false
2025-09-01,2025,36,Somerville,7,7350,4966,2384,5251,2099,0,37.7,true,194.96,true
2025-09-01,2025,36,Watertown Town,7,623,350,273,434,189,0,9.7,true,64.23,false
2025-09-01,2025,36,unknown,7,40,26,14,0,40,40,0.0,true,NaN,false
2025-09-08,2025,37,Arlington,7,771,457,314,584,187,0,11.0,true,70.09,false
2025-09-08,2025,37,Boston,7,83988,54041,29947,61483,22505,0,318.9,true,263.37,true
2025-09-08,2025,37,Brookline,7,3582,2447,1135,2474,1108,0,14.0,true,255.86,true
2025-09-08,2025,37,Cambridge,7,44497,34056,10441,36834,7663,0,91.1,true,488.44,true
2025-09-08,2025,37,Chelsea,7,184,118,66,87,97,0,5.6,true,32.86,false
2025-09-08,2025,37,Everett,7,635,347,288,328,307,0,13.3,true,47.74,false
2025-09-08,2025,37,Malden,7,351,196,155,203,148,0,6.0,true,58.5,false
2025-09-08,2025,37,Medford,7,717,451,266,417,300,0,15.6,true,45.96,false
2025-09-08,2025,37,Newton,7,543,330,213,359,184,0,13.1,true,41.45,false
2025-09-08,2025,37,Revere,7,286,95,191,183,103,0,6.6,true,43.33,false
2025-09-08,2025,37,Salem,7,510,140,370,339,171,0,15.1,true,33.77,false
2025-09-08,2025,37,Somerville,7,8615,5929,2686,6190,2425,0,38.0,true,226.71,true
2025-09-08,2025,37,Watertown Town,7,695,423,272,501,194,0,9.9,true,70.2,false
2025-09-08,2025,37,unknown,7,39,16,23,0,39,39,0.0,true,NaN,false
2025-09-15,2025,38,Arlington,7,808,494,314,615,193,0,11.0,true,73.45,false
2025-09-15,2025,38,Boston,7,83834,55234,28600,60883,22951,0,324.6,true,258.27,true
2025-09-15,2025,38,Brookline,7,3667,2553,1114,2487,1180,0,14.0,true,261.93,true
2025-09-15,2025,38,Cambridge,7,44555,34304,10251,36836,7719,0,91.9,true,484.82,true
2025-09-15,2025,38,Chelsea,7,174,111,63,73,101,0,5.4,true,32.22,false
2025-09-15,2025,38,Everett,7,663,394,269,338,325,0,13.4,true,49.48,false
2025-09-15,2025,38,Malden,7,327,201,126,184,143,0,6.0,true,54.5,false
2025-09-15,2025,38,Medford,7,646,394,252,386,260,0,15.0,true,43.07,false
2025-09-15,2025,38,Newton,7,552,323,229,332,220,0,13.0,true,42.46,false
2025-09-15,2025,38,Revere,7,205,72,133,136,69,0,6.3,true,32.54,false
2025-09-15,2025,38,Salem,7,487,140,347,321,166,0,15.3,true,31.83,false
2025-09-15,2025,38,Somerville,7,8570,5896,2674,6115,2455,0,38.0,true,225.53,true
2025-09-15,2025,38,Watertown Town,7,648,411,237,418,230,0,10.0,true,64.8,false
2025-09-15,2025,38,unknown,7,42,25,17,0,42,42,0.0,true,NaN,false
2025-09-22,2025,39,Arlington,7,754,477,277,549,205,0,11.0,true,68.55,false
2025-09-22,2025,39,Boston,7,74997,48423,26574,54337,20660,0,324.6,true,231.04,true
2025-09-22,2025,39,Brookline,7,3223,2253,970,2196,1027,0,14.0,true,230.21,true
2025-09-22,2025,39,Cambridge,7,39160,30199,8961,32136,7024,0,91.6,true,427.51,true
2025-09-22,2025,39,Chelsea,7,158,100,58,65,93,0,5.4,true,29.26,false
2025-09-22,2025,39,Everett,7,582,331,251,293,289,0,13.7,true,42.48,false
2025-09-22,2025,39,Malden,7,298,162,136,161,137,0,6.0,true,49.67,false
2025-09-22,2025,39,Medford,7,541,344,197,320,221,0,14.9,true,36.31,false
2025-09-22,2025,39,Newton,7,404,224,180,277,127,0,12.1,true,33.39,false
2025-09-22,2025,39,Revere,7,171,34,137,124,47,0,6.1,true,28.03,false
2025-09-22,2025,39,Salem,7,482,93,389,324,158,0,14.1,true,34.18,false
2025-09-22,2025,39,Somerville,7,7318,5048,2270,5046,2272,0,38.0,true,192.58,true
2025-09-22,2025,39,Watertown Town,7,575,365,210,401,174,0,9.6,true,59.9,false
2025-09-22,2025,39,unknown,7,35,25,10,0,35,35,0.0,true,NaN,false
2025-09-29,2025,40,Arlington,7,752,442,310,573,179,0,10.9,true,68.99,false
2025-09-29,2025,40,Boston,7,82273,54348,27925,59044,23229,0,328.4,true,250.53,true
2025-09-29,2025,40,Brookline,7,3584,2531,1053,2461,1123,0,14.0,true,256.0,true
2025-09-29,2025,40,Cambridge,7,43744,33757,9987,35407,8337,0,91.7,true,477.03,true
2025-09-29,2025,40,Chelsea,7,142,80,62,81,61,0,5.4,true,26.3,false
2025-09-29,2025,40,Everett,7,633,359,274,356,277,0,13.9,true,45.54,false
2025-09-29,2025,40,Malden,7,364,225,139,219,145,0,5.9,true,61.69,false
2025-09-29,2025,40,Medford,7,595,375,220,316,279,0,14.6,true,40.75,false
2025-09-29,2025,40,Newton,7,498,279,219,289,209,0,14.1,true,35.32,false
2025-09-29,2025,40,Revere,7,211,69,142,165,46,0,6.4,true,32.97,false
2025-09-29,2025,40,Salem,7,844,135,709,509,335,0,15.0,true,56.27,false
2025-09-29,2025,40,Somerville,7,8415,5858,2557,5947,2468,0,37.9,true,222.03,true
2025-09-29,2025,40,Watertown Town,7,624,387,237,400,224,0,9.9,true,63.03,false
2025-09-29,2025,40,unknown,7,42,20,22,0,42,42,0.0,true,NaN,false
2025-10-06,2025,41,Arlington,7,599,373,226,443,156,0,10.9,true,54.95,false
2025-10-06,2025,41,Boston,7,69331,46778,22553,48507,20824,0,327.1,true,211.96,true
2025-10-06,2025,41,Brookline,7,2917,2084,833,1960,957,0,14.0,true,208.36,true
2025-10-06,2025,41,Cambridge,7,36171,28417,7754,29153,7018,0,91.6,true,394.88,true
2025-10-06,2025,41,Chelsea,7,120,86,34,62,58,0,5.3,true,22.64,false
2025-10-06,2025,41,Everett,7,559,317,242,278,281,0,13.7,true,40.8,false
2025-10-06,2025,41,Malden,7,341,217,124,205,136,0,5.7,true,59.82,false
2025-10-06,2025,41,Medford,7,494,311,183,276,218,0,14.4,true,34.31,false
2025-10-06,2025,41,Newton,7,406,231,175,228,178,0,13.6,true,29.85,false
2025-10-06,2025,41,Revere,7,157,69,88,120,37,0,6.1,true,25.74,false
2025-10-06,2025,41,Salem,7,615,127,488,382,233,0,14.4,true,42.71,false
2025-10-06,2025,41,Somerville,7,6940,5068,1872,4818,2122,0,38.0,true,182.63,true
2025-10-06,2025,41,Watertown Town,7,523,337,186,335,188,0,9.6,true,54.48,false
2025-10-06,2025,41,unknown,7,47,25,22,0,47,47,0.0,true,NaN,false
2025-10-13,2025,42,Arlington,7,570,334,236,430,140,0,10.6,true,53.77,false
2025-10-13,2025,42,Boston,7,59449,38657,20792,41149,18300,0,315.9,true,188.19,true
2025-10-13,2025,42,Brookline,7,2593,1788,805,1711,882,0,14.0,true,185.21,true
2025-10-13,2025,42,Cambridge,7,33645,24680,8965,26661,6984,0,91.0,true,369.73,true
2025-10-13,2025,42,Chelsea,7,100,61,39,54,46,0,5.0,true,20.0,false
2025-10-13,2025,42,Everett,7,402,251,151,220,182,0,12.1,true,33.22,false
2025-10-13,2025,42,Malden,7,242,177,65,148,94,0,5.4,true,44.81,false
2025-10-13,2025,42,Medford,7,438,286,152,239,199,0,13.7,true,31.97,false
2025-10-13,2025,42,Newton,7,375,202,173,227,148,0,12.4,true,30.24,false
2025-10-13,2025,42,Revere,7,111,41,70,92,19,0,4.7,true,23.62,false
2025-10-13,2025,42,Salem,7,622,146,476,422,200,0,13.1,true,47.48,false
2025-10-13,2025,42,Somerville,7,6144,4235,1909,4259,1885,0,37.3,true,164.72,true
2025-10-13,2025,42,Watertown Town,7,510,284,226,349,161,0,9.0,true,56.67,false
2025-10-13,2025,42,unknown,7,55,33,22,0,55,55,0.0,true,NaN,false
2025-10-20,2025,43,Arlington,7,647,427,220,484,163,0,10.9,true,59.36,false
2025-10-20,2025,43,Boston,7,65665,45215,20450,45040,20625,0,328.4,true,199.95,true
2025-10-20,2025,43,Brookline,7,2799,1975,824,1834,965,0,14.0,true,199.93,true
2025-10-20,2025,43,Cambridge,7,34837,27226,7611,27230,7607,0,91.6,true,380.32,true
2025-10-20,2025,43,Chelsea,7,123,81,42,71,52,0,5.3,true,23.21,false
2025-10-20,2025,43,Everett,7,426,251,175,231,195,0,13.1,true,32.52,false
2025-10-20,2025,43,Malden,7,270,168,102,159,111,0,5.7,true,47.37,false
2025-10-20,2025,43,Medford,7,412,273,139,224,188,0,14.4,true,28.61,false
2025-10-20,2025,43,Newton,7,453,244,209,271,182,0,12.9,true,35.12,false
2025-10-20,2025,43,Revere,7,160,66,94,113,47,0,6.4,true,25.0,false
2025-10-20,2025,43,Salem,7,773,169,604,535,238,0,14.7,true,52.59,false
2025-10-20,2025,43,Somerville,7,6514,4665,1849,4524,1990,0,38.6,true,168.76,true
2025-10-20,2025,43,Watertown Town,7,546,328,218,387,159,0,9.7,true,56.29,false
2025-10-20,2025,43,unknown,7,44,31,13,0,44,44,0.0,true,NaN,false
2025-10-27,2025,44,Arlington,7,515,356,159,352,163,0,11.0,true,46.82,false
2025-10-27,2025,44,Boston,7,58172,40983,17189,38827,19345,0,327.9,true,177.41,true
2025-10-27,2025,44,Brookline,7,2616,1841,775,1728,888,0,14.0,true,186.86,true
2025-10-27,2025,44,Cambridge,7,33805,26956,6849,25994,7811,0,91.9,true,367.85,true
2025-10-27,2025,44,Chelsea,7,105,70,35,39,66,0,5.4,true,19.44,false
2025-10-27,2025,44,Everett,7,362,247,115,192,170,0,12.7,true,28.5,false
2025-10-27,2025,44,Hingham,1,1,1,0,1,0,0,1.0,true,1.0,false
2025-10-27,2025,44,Malden,7,224,171,53,115,109,0,5.4,true,41.48,false
2025-10-27,2025,44,Medford,7,380,248,132,207,173,0,14.1,true,26.95,false
2025-10-27,2025,44,Newton,7,352,196,156,188,164,0,12.1,true,29.09,false
2025-10-27,2025,44,Revere,7,80,37,43,54,26,0,5.0,true,16.0,false
2025-10-27,2025,44,Salem,7,440,143,297,306,134,0,14.0,true,31.43,false
2025-10-27,2025,44,Somerville,7,5973,4383,1590,3927,2046,0,38.6,true,154.74,true
2025-10-27,2025,44,Watertown Town,7,433,280,153,283,150,0,9.7,true,44.64,false
2025-10-27,2025,44,unknown,6,28,24,4,0,28,28,0.0,true,NaN,false
2025-11-03,2025,45,Arlington,7,514,369,145,379,135,0,11.0,true,46.73,false
2025-11-03,2025,45,Boston,7,58582,41895,16687,40007,18575,0,322.3,true,181.76,true
2025-11-03,2025,45,Brookline,7,2358,1733,625,1562,796,0,14.0,true,168.43,true
2025-11-03,2025,45,Cambridge,7,31837,25765,6072,24841,6996,0,91.6,true,347.57,true
2025-11-03,2025,45,Chelsea,7,119,78,41,31,88,0,5.3,true,22.45,false
2025-11-03,2025,45,Everett,7,407,239,168,173,234,0,12.1,true,33.64,false
2025-11-03,2025,45,Hingham,2,2,2,0,2,0,0,1.0,true,2.0,false
2025-11-03,2025,45,Malden,7,242,165,77,136,106,0,5.7,true,42.46,false
2025-11-03,2025,45,Medford,7,374,249,125,175,199,0,13.3,true,28.12,false
2025-11-03,2025,45,Newton,7,342,193,149,166,176,0,12.4,true,27.58,false
2025-11-03,2025,45,Revere,7,85,36,49,63,22,0,4.6,true,18.48,false
2025-11-03,2025,45,Salem,7,265,95,170,153,112,0,12.6,true,21.03,false
2025-11-03,2025,45,Somerville,7,6207,4459,1748,4277,1930,0,38.3,true,162.06,true
2025-11-03,2025,45,Watertown Town,7,430,311,119,272,158,0,9.7,true,44.33,false
2025-11-03,2025,45,unknown,7,29,19,10,0,29,29,0.0,true,NaN,false
2025-11-10,2025,46,Arlington,7,372,267,105,253,119,0,10.7,true,34.77,false
2025-11-10,2025,46,Boston,7,45615,34121,11494,29279,16336,0,308.0,true,148.1,true
2025-11-10,2025,46,Brookline,7,2081,1608,473,1315,766,0,14.0,true,148.64,true
2025-11-10,2025,46,Cambridge,7,26237,21777,4460,19998,6239,0,91.3,true,287.37,true
2025-11-10,2025,46,Chelsea,7,61,34,27,18,43,0,3.9,true,15.64,false
2025-11-10,2025,46,Everett,7,268,198,70,119,149,0,11.4,true,23.51,false
2025-11-10,2025,46,Hingham,1,1,1,0,1,0,0,1.0,true,1.0,false
2025-11-10,2025,46,Malden,7,148,108,40,89,59,0,5.3,true,27.92,false
2025-11-10,2025,46,Medford,7,331,225,106,162,169,0,13.3,true,24.89,false
2025-11-10,2025,46,Newton,7,232,133,99,113,119,0,10.4,true,22.31,false
2025-11-10,2025,46,Revere,7,51,29,22,23,28,0,4.3,true,11.86,false
2025-11-10,2025,46,Salem,7,170,71,99,94,76,0,9.6,true,17.71,false
2025-11-10,2025,46,Somerville,7,4948,3728,1220,3259,1689,0,38.4,true,128.85,true
2025-11-10,2025,46,Watertown Town,7,335,250,85,211,124,0,9.1,true,36.81,false
2025-11-10,2025,46,unknown,7,43,31,12,0,43,43,0.0,true,NaN,false
2025-11-17,2025,47,Arlington,7,368,278,90,263,105,0,10.6,true,34.72,false
2025-11-17,2025,47,Boston,7,44499,34578,9921,28534,15965,0,302.4,true,147.15,true
2025-11-17,2025,47,Brookline,7,1932,1540,392,1225,707,0,14.0,true,138.0,true
2025-11-17,2025,47,Cambridge,7,26623,22724,3899,20363,6260,0,90.9,true,292.88,true
2025-11-17,2025,47,Chelsea,7,74,47,27,21,53,0,4.1,true,18.05,false
2025-11-17,2025,47,Everett,7,289,203,86,120,169,0,12.3,true,23.5,false
2025-11-17,2025,47,Malden,7,195,144,51,108,87,0,5.7,true,34.21,false
2025-11-17,2025,47,Medford,7,306,221,85,160,146,0,13.7,true,22.34,false
2025-11-17,2025,47,Newton,7,223,155,68,104,119,0,11.3,true,19.73,false
2025-11-17,2025,47,Revere,7,53,22,31,45,8,0,2.7,true,19.63,false
2025-11-17,2025,47,Salem,7,153,66,87,64,89,0,9.3,true,16.45,false
2025-11-17,2025,47,Somerville,7,4657,3682,975,3028,1629,0,38.7,true,120.34,true
2025-11-17,2025,47,Watertown Town,7,295,220,75,181,114,0,8.7,true,33.91,false
2025-11-17,2025,47,unknown,7,32,24,8,0,32,32,0.0,true,NaN,false
2025-11-24,2025,48,Arlington,7,279,200,79,201,78,0,9.9,true,28.18,false
2025-11-24,2025,48,Boston,7,28387,21299,7088,17629,10758,0,289.1,true,98.19,true
2025-11-24,2025,48,Brookline,7,1357,1020,337,842,515,0,13.9,true,97.63,true
2025-11-24,2025,48,Cambridge,7,17493,14697,2796,13159,4334,0,88.6,true,197.44,true
2025-11-24,2025,48,Chelsea,7,65,36,29,30,35,0,4.3,true,15.12,false
2025-11-24,2025,48,Everett,7,221,151,70,83,138,0,10.9,true,20.28,false
2025-11-24,2025,48,Hingham,1,1,1,0,1,0,0,1.0,true,1.0,false
2025-11-24,2025,48,Malden,7,124,86,38,86,38,0,5.4,true,22.96,false
2025-11-24,2025,48,Medford,7,223,152,71,127,96,0,11.4,true,19.56,false
2025-11-24,2025,48,Newton,7,226,145,81,115,111,0,10.1,true,22.38,false
2025-11-24,2025,48,Revere,7,51,26,25,35,16,0,3.6,true,14.17,false
2025-11-24,2025,48,Salem,7,124,55,69,63,61,0,9.3,true,13.33,false
2025-11-24,2025,48,Somerville,7,3244,2515,729,2051,1193,0,38.3,true,84.7,true
2025-11-24,2025,48,Watertown Town,7,281,189,92,166,115,0,8.9,true,31.57,false
2025-11-24,2025,48,unknown,6,17,8,9,0,17,17,0.0,true,NaN,false
2025-12-01,2025,49,Arlington,7,278,219,59,184,94,0,9.6,true,28.96,false
2025-12-01,2025,49,Boston,7,33212,26572,6640,19773,13439,0,285.3,true,116.41,true
2025-12-01,2025,49,Brookline,7,1429,1158,271,908,521,0,14.0,true,102.07,true
2025-12-01,2025,49,Cambridge,7,19550,16990,2560,14182,5368,0,90.1,true,216.98,true
2025-12-01,2025,49,Chelsea,7,44,30,14,28,16,0,3.3,true,13.33,false
2025-12-01,2025,49,Everett,7,173,131,42,85,88,0,10.3,true,16.8,false
2025-12-01,2025,49,Hingham,2,2,2,0,2,0,0,1.0,true,2.0,false
2025-12-01,2025,49,Malden,7,114,88,26,77,37,0,5.1,true,22.35,false
2025-12-01,2025,49,Medford,7,200,142,58,88,112,0,12.1,true,16.53,false
2025-12-01,2025,49,Newton,7,150,101,49,67,83,0,10.0,true,15.0,false
2025-12-01,2025,49,Revere,7,36,25,11,21,15,0,3.3,true,10.91,false
2025-12-01,2025,49,Salem,7,89,44,45,38,51,0,8.3,true,10.72,false
2025-12-01,2025,49,Somerville,7,3632,2966,666,2416,1216,0,38.3,true,94.83,true
2025-12-01,2025,49,Watertown Town,7,194,153,41,128,66,0,7.9,true,24.56,false
2025-12-01,2025,49,unknown,6,47,42,5,0,47,47,0.0,true,NaN,false
2025-12-08,2025,50,Arlington,7,261,211,50,165,96,0,8.7,true,30.0,false
2025-12-08,2025,50,Boston,7,30666,24406,6260,17640,13026,0,275.9,true,111.15,true
2025-12-08,2025,50,Brookline,7,1486,1192,294,881,605,0,14.0,true,106.14,true
2025-12-08,2025,50,Cambridge,7,17775,15556,2219,12668,5107,0,90.1,true,197.28,true
2025-12-08,2025,50,Chelsea,7,43,27,16,23,20,0,3.3,true,13.03,false
2025-12-08,2025,50,Everett,7,137,105,32,52,85,0,10.6,true,12.92,false
2025-12-08,2025,50,Malden,7,101,76,25,49,52,0,4.6,true,21.96,false
2025-12-08,2025,50,Medford,7,199,154,45,87,112,0,11.3,true,17.61,false
2025-12-08,2025,50,Newton,7,99,82,17,40,59,0,7.1,true,13.94,false
2025-12-08,2025,50,Revere,6,19,16,3,14,5,0,3.0,true,6.33,false
2025-12-08,2025,50,Salem,7,93,43,50,34,59,0,7.6,true,12.24,false
2025-12-08,2025,50,Somerville,7,3273,2723,550,2073,1200,0,38.9,true,84.14,true
2025-12-08,2025,50,Watertown Town,7,229,182,47,143,86,0,8.3,true,27.59,false
2025-12-08,2025,50,unknown,7,19,14,5,0,19,19,0.0,true,NaN,false
2025-12-15,2025,51,Arlington,7,220,183,37,155,65,0,8.7,true,25.29,false
2025-12-15,2025,51,Boston,7,27032,21369,5663,15345,11687,0,272.3,true,99.27,true
2025-12-15,2025,51,Brookline,7,1330,1048,282,726,604,0,13.9,true,95.68,true
2025-12-15,2025,51,Cambridge,7,15075,13057,2018,10609,4466,0,91.9,true,164.04,true
2025-12-15,2025,51,Chelsea,7,31,19,12,23,8,0,3.3,true,9.39,false
2025-12-15,2025,51,Everett,7,191,128,63,83,108,0,10.4,true,18.37,false
2025-12-15,2025,51,Malden,7,119,88,31,51,68,0,5.1,true,23.33,false
2025-12-15,2025,51,Medford,7,164,123,41,85,79,0,10.7,true,15.33,false
2025-12-15,2025,51,Newton,7,118,82,36,67,51,0,9.1,true,12.97,false
2025-12-15,2025,51,Revere,7,47,28,19,28,19,0,3.3,true,14.24,false
2025-12-15,2025,51,Salem,7,77,40,37,33,44,0,6.6,true,11.67,false
2025-12-15,2025,51,Somerville,7,3034,2439,595,1896,1138,0,38.4,true,79.01,true
2025-12-15,2025,51,Watertown Town,7,216,167,49,136,80,0,8.4,true,25.71,false
2025-12-15,2025,51,unknown,7,26,22,4,0,26,26,0.0,true,NaN,false
2025-12-22,2025,52,Arlington,7,102,80,22,69,33,0,6.0,true,17.0,false
2025-12-22,2025,52,Boston,7,10354,8356,1998,5300,5054,0,245.6,true,42.16,true
2025-12-22,2025,52,Brookline,7,510,414,96,286,224,0,13.1,true,38.93,true
2025-12-22,2025,52,Cambridge,7,5408,4685,723,3406,2002,0,85.1,true,63.55,true
2025-12-22,2025,52,Chelsea,7,19,12,7,7,12,0,2.1,true,9.05,false
2025-12-22,2025,52,Everett,7,130,93,37,62,68,0,8.4,true,15.48,false
2025-12-22,2025,52,Malden,7,78,51,27,42,36,0,4.1,true,19.02,false
2025-12-22,2025,52,Medford,7,86,67,19,39,47,0,7.7,true,11.17,false
2025-12-22,2025,52,Newton,7,54,45,9,27,27,0,5.3,true,10.19,false
2025-12-22,2025,52,Revere,7,26,16,10,13,13,0,2.4,true,10.83,false
2025-12-22,2025,52,Salem,6,15,11,4,5,10,0,2.0,true,7.5,false
2025-12-22,2025,52,Somerville,7,1254,1022,232,683,571,0,35.0,true,35.83,true
2025-12-22,2025,52,Watertown Town,7,97,78,19,47,50,0,5.9,true,16.44,false
2025-12-22,2025,52,unknown,7,12,10,2,0,12,12,0.0,true,NaN,false
2025-12-29,2026,1,Arlington,7,112,90,22,78,34,0,7.1,true,15.77,false
2025-12-29,2026,1,Boston,7,10623,8549,2074,5359,5264,0,249.0,true,42.66,true
2025-12-29,2026,1,Brookline,7,464,372,92,270,194,0,12.9,true,35.97,true
2025-12-29,2026,1,Cambridge,7,5592,4806,786,3501,2091,0,86.0,true,65.02,true
2025-12-29,2026,1,Chelsea,6,19,9,10,8,11,0,2.0,true,9.5,false
2025-12-29,2026,1,Everett,7,95,73,22,47,48,0,7.4,true,12.84,false
2025-12-29,2026,1,Malden,7,50,32,18,38,12,0,3.0,true,16.67,false
2025-12-29,2026,1,Medford,7,98,70,28,53,45,0,7.9,true,12.41,false
2025-12-29,2026,1,Newton,7,45,31,14,30,15,0,4.7,true,9.57,false
2025-12-29,2026,1,Revere,7,21,11,10,11,10,0,2.3,true,9.13,false
2025-12-29,2026,1,Salem,7,20,8,12,9,11,0,2.6,true,7.69,false
2025-12-29,2026,1,Somerville,7,1364,1095,269,867,497,0,36.6,true,37.27,true
2025-12-29,2026,1,Watertown Town,7,110,83,27,62,48,0,6.1,true,18.03,false
2025-12-29,2026,1,unknown,7,12,11,1,0,12,12,0.0,true,NaN,false
2026-01-05,2026,2,Arlington,7,208,160,48,143,65,0,8.4,true,24.76,false
2026-01-05,2026,2,Boston,7,24796,20217,4579,14537,10259,0,276.4,true,89.71,true
2026-01-05,2026,2,Brookline,7,1005,813,192,603,402,0,13.9,true,72.3,true
2026-01-05,2026,2,Cambridge,7,13511,11752,1759,9973,3538,0,91.6,true,147.5,true
2026-01-05,2026,2,Chelsea,7,30,19,11,16,14,0,3.0,true,10.0,false
2026-01-05,2026,2,Everett,7,124,87,37,59,65,0,8.1,true,15.31,false
2026-01-05,2026,2,Malden,7,93,73,20,56,37,0,4.7,true,19.79,false
2026-01-05,2026,2,Medford,7,180,135,45,88,92,0,9.9,true,18.18,false
2026-01-05,2026,2,Newton,7,95,60,35,53,42,0,9.0,true,10.56,false
2026-01-05,2026,2,Revere,7,37,26,11,29,8,0,2.9,true,12.76,false
2026-01-05,2026,2,Salem,7,56,27,29,27,29,0,5.0,true,11.2,false
2026-01-05,2026,2,Somerville,7,2798,2321,477,1770,1028,0,38.7,true,72.3,true
2026-01-05,2026,2,Watertown Town,7,210,164,46,126,84,0,7.9,true,26.58,false
2026-01-05,2026,2,unknown,6,33,26,7,0,33,33,0.0,true,NaN,false
2026-01-12,2026,3,Arlington,7,282,214,68,176,106,0,9.0,true,31.33,false
2026-01-12,2026,3,Boston,7,27892,22997,4895,17344,10548,0,277.1,true,100.66,true
2026-01-12,2026,3,Brookline,7,1197,993,204,701,496,0,13.6,true,88.01,true
2026-01-12,2026,3,Cambridge,7,16037,14089,1948,11650,4387,0,91.3,true,175.65,true
2026-01-12,2026,3,Chelsea,7,56,34,22,25,31,0,3.7,true,15.14,false
2026-01-12,2026,3,Everett,7,156,101,55,51,105,0,9.0,true,17.33,false
2026-01-12,2026,3,Malden,7,126,92,34,72,54,0,5.0,true,25.2,false
2026-01-12,2026,3,Medford,7,199,165,34,84,115,0,11.4,true,17.46,false
2026-01-12,2026,3,Newton,7,146,100,46,70,76,0,9.1,true,16.04,false
2026-01-12,2026,3,Revere,7,42,23,19,25,17,0,3.4,true,12.35,false
2026-01-12,2026,3,Salem,6,60,38,22,21,39,0,6.7,true,8.96,false
2026-01-12,2026,3,Somerville,7,3250,2678,572,2133,1117,0,38.4,true,84.64,true
2026-01-12,2026,3,Watertown Town,7,212,169,43,131,81,0,7.1,true,29.86,false
2026-01-12,2026,3,unknown,7,35,26,9,0,35,35,0.0,true,NaN,false
2026-01-19,2026,4,Arlington,7,165,141,24,121,44,0,8.1,true,20.37,false
2026-01-19,2026,4,Boston,7,19208,16415,2793,11421,7787,0,255.9,true,75.06,true
2026-01-19,2026,4,Brookline,7,799,664,135,480,319,0,13.3,true,60.08,true
2026-01-19,2026,4,Cambridge,7,11182,10044,1138,8169,3013,0,87.0,true,128.53,true
2026-01-19,2026,4,Chelsea,7,27,19,8,11,16,0,2.4,true,11.25,false
2026-01-19,2026,4,Everett,7,85,66,19,34,51,0,7.3,true,11.64,false
2026-01-19,2026,4,Malden,6,82,62,20,33,49,0,4.3,true,19.07,false
2026-01-19,2026,4,Medford,7,102,87,15,55,47,0,8.1,true,12.59,false
2026-01-19,2026,4,Newton,7,79,61,18,33,46,0,6.3,true,12.54,false
2026-01-19,2026,4,Revere,6,11,9,2,7,4,0,1.5,true,7.33,false
2026-01-19,2026,4,Salem,6,46,24,22,13,33,0,4.8,true,9.58,false
2026-01-19,2026,4,Somerville,7,2087,1768,319,1285,802,0,37.0,true,56.41,true
2026-01-19,2026,4,Watertown Town,7,124,110,14,64,60,0,5.6,true,22.14,false
2026-01-19,2026,4,unknown,6,20,19,1,0,20,20,0.0,true,NaN,false
2026-01-26,2026,5,Arlington,6,78,61,17,52,26,0,6.3,true,12.38,false
2026-01-26,2026,5,Boston,7,8619,7387,1232,4707,3912,0,211.3,true,40.79,true
2026-01-26,2026,5,Brookline,7,317,276,41,167,150,0,11.3,true,28.05,true
2026-01-26,2026,5,Cambridge,7,6550,5757,793,4789,1761,0,81.9,true,79.98,true
2026-01-26,2026,5,Chelsea,5,7,5,2,1,6,0,1.4,true,5.0,false
2026-01-26,2026,5,Everett,6,40,28,12,13,27,0,5.7,true,7.02,false
2026-01-26,2026,5,Malden,7,21,17,4,11,10,0,2.4,true,8.75,false
2026-01-26,2026,5,Medford,7,44,27,17,19,25,0,4.4,true,10.0,false
2026-01-26,2026,5,Newton,7,43,39,4,17,26,0,4.3,true,10.0,false
2026-01-26,2026,5,Revere,1,1,0,1,0,1,0,1.0,true,1.0,false
2026-01-26,2026,5,Salem,4,14,12,2,0,14,0,2.5,true,5.6,false
2026-01-26,2026,5,Somerville,7,1165,990,175,731,434,0,33.3,true,34.98,true
2026-01-26,2026,5,Watertown Town,7,49,43,6,25,24,0,3.7,true,13.24,false
2026-01-26,2026,5,unknown,7,35,29,6,0,35,35,0.0,true,NaN,false
2026-02-02,2026,6,Arlington,7,136,120,16,94,42,0,6.6,true,20.61,false
2026-02-02,2026,6,Boston,7,16425,14235,2190,9079,7346,0,248.4,true,66.12,true
2026-02-02,2026,6,Brookline,7,680,564,116,396,284,0,12.9,true,52.71,true
2026-02-02,2026,6,Cambridge,7,11926,10768,1158,8538,3388,0,89.9,true,132.66,true
2026-02-02,2026,6,Chelsea,6,16,11,5,5,11,0,2.3,true,6.96,false
2026-02-02,2026,6,Everett,7,72,53,19,28,44,0,5.9,true,12.2,false
2026-02-02,2026,6,Malden,7,50,38,12,26,24,0,3.7,true,13.51,false
2026-02-02,2026,6,Medford,6,76,66,10,42,34,0,7.8,true,9.74,false
2026-02-02,2026,6,Newton,7,68,49,19,29,39,0,5.6,true,12.14,false
2026-02-02,2026,6,Revere,3,6,4,2,3,3,0,1.7,true,3.53,false
2026-02-02,2026,6,Salem,6,35,19,16,5,30,0,4.2,true,8.33,false
2026-02-02,2026,6,Somerville,7,1895,1616,279,1110,785,0,35.9,true,52.79,true
2026-02-02,2026,6,Watertown Town,7,122,105,17,59,63,0,6.6,true,18.48,false
2026-02-02,2026,6,unknown,7,19,16,3,0,19,19,0.0,true,NaN,false
2026-02-09,2026,7,Arlington,7,190,143,47,137,53,0,8.1,true,23.46,false
2026-02-09,2026,7,Boston,7,19834,16509,3325,11139,8695,0,261.7,true,75.79,true
2026-02-09,2026,7,Brookline,7,833,686,147,487,346,0,13.9,true,59.93,true
2026-02-09,2026,7,Cambridge,7,14531,12826,1705,10542,3989,0,90.9,true,159.86,true
2026-02-09,2026,7,Chelsea,7,33,26,7,15,18,0,2.9,true,11.38,false
2026-02-09,2026,7,Everett,7,112,89,23,57,55,0,6.9,true,16.23,false
2026-02-09,2026,7,Malden,7,70,54,16,39,31,0,3.7,true,18.92,false
2026-02-09,2026,7,Medford,7,128,99,29,58,70,0,8.9,true,14.38,false
2026-02-09,2026,7,Newton,7,89,61,28,46,43,0,6.4,true,13.91,false
2026-02-09,2026,7,Revere,6,24,13,11,14,10,0,2.7,true,8.89,false
2026-02-09,2026,7,Salem,7,52,33,19,12,40,0,5.6,true,9.29,false
2026-02-09,2026,7,Somerville,7,2409,2009,400,1465,944,0,37.7,true,63.9,true
2026-02-09,2026,7,Watertown Town,7,146,104,42,79,67,0,7.0,true,20.86,false
2026-02-09,2026,7,unknown,7,23,18,5,0,23,23,0.0,true,NaN,false
2026-02-16,2026,8,Arlington,7,209,168,41,142,67,0,9.3,true,22.47,false
2026-02-16,2026,8,Boston,7,20440,16873,3567,11652,8788,0,265.3,true,77.04,true
2026-02-16,2026,8,Brookline,7,892,725,167,546,346,0,13.4,true,66.57,true
2026-02-16,2026,8,Cambridge,7,14024,12376,1648,10332,3692,0,90.0,true,155.82,true
2026-02-16,2026,8,Chelsea,7,28,14,14,13,15,0,3.0,true,9.33,false
2026-02-16,2026,8,Everett,7,101,79,22,57,44,0,6.7,true,15.07,false
2026-02-16,2026,8,Malden,7,70,61,9,40,30,0,4.4,true,15.91,false
2026-02-16,2026,8,Medford,7,119,93,26,56,63,0,9.1,true,13.08,false
2026-02-16,2026,8,Newton,7,87,59,28,42,45,0,5.3,true,16.42,false
2026-02-16,2026,8,Revere,6,8,6,2,7,1,0,1.3,true,6.15,false
2026-02-16,2026,8,Salem,7,81,46,35,49,32,0,6.1,true,13.28,false
2026-02-16,2026,8,Somerville,7,2456,2039,417,1456,1000,0,38.0,true,64.63,true
2026-02-16,2026,8,Watertown Town,7,132,104,28,74,58,0,6.7,true,19.7,false
2026-02-16,2026,8,unknown,5,20,16,4,0,20,20,0.0,true,NaN,false
2026-02-23,2026,9,Arlington,6,141,105,36,85,56,0,6.8,true,20.74,false
2026-02-23,2026,9,Boston,7,15128,12027,3101,8913,6215,0,217.9,true,69.43,true
2026-02-23,2026,9,Brookline,6,677,520,157,401,276,0,13.2,true,51.29,true
2026-02-23,2026,9,Cambridge,6,11211,9630,1581,8384,2827,0,90.0,true,124.57,true
2026-02-23,2026,9,Chelsea,4,11,10,1,5,6,0,2.0,true,5.5,false
2026-02-23,2026,9,Everett,6,85,56,29,37,48,0,6.0,true,14.17,false
2026-02-23,2026,9,Malden,6,34,27,7,17,17,0,3.3,true,10.3,false
2026-02-23,2026,9,Medford,6,97,70,27,49,48,0,8.7,true,11.15,false
2026-02-23,2026,9,Newton,6,65,41,24,35,30,0,5.8,true,11.21,false
2026-02-23,2026,9,Revere,5,19,7,12,10,9,0,2.8,true,6.79,false
2026-02-23,2026,9,Salem,6,44,13,31,32,12,0,4.3,true,10.23,false
2026-02-23,2026,9,Somerville,6,1818,1426,392,1091,727,0,36.8,true,49.4,true
2026-02-23,2026,9,Watertown Town,6,113,86,27,63,50,0,7.0,true,16.14,false
2026-02-23,2026,9,unknown,6,17,12,5,0,17,17,0.0,true,NaN,false
2026-03-02,2026,10,Arlington,7,271,206,65,179,92,0,9.1,true,29.78,false
2026-03-02,2026,10,Boston,7,22554,17961,4593,13692,8862,0,269.3,true,83.75,true
2026-03-02,2026,10,Brookline,7,964,791,173,622,342,0,14.0,true,68.86,true
2026-03-02,2026,10,Cambridge,7,16025,13845,2180,12158,3867,0,91.3,true,175.52,true
2026-03-02,2026,10,Chelsea,7,29,19,10,21,8,0,3.0,true,9.67,false
2026-03-02,2026,10,Everett,7,118,85,33,66,52,0,7.4,true,15.95,false
2026-03-02,2026,10,Malden,7,104,84,20,61,43,0,4.6,true,22.61,false
2026-03-02,2026,10,Medford,7,141,98,43,54,87,0,8.9,true,15.84,false
2026-03-02,2026,10,Newton,7,109,70,39,63,46,0,6.9,true,15.8,false
2026-03-02,2026,10,Revere,7,42,19,23,23,19,0,3.1,true,13.55,false
2026-03-02,2026,10,Salem,7,72,34,38,34,38,0,6.6,true,10.91,false
2026-03-02,2026,10,Somerville,7,2762,2251,511,1719,1043,0,38.1,true,72.49,true
2026-03-02,2026,10,Watertown Town,7,164,117,47,101,63,0,8.0,true,20.5,false
2026-03-02,2026,10,unknown,7,22,19,3,0,22,22,0.0,true,NaN,false
2026-03-09,2026,11,Arlington,7,423,306,117,312,111,0,9.9,true,42.73,false
2026-03-09,2026,11,Boston,7,37974,27202,10772,24624,13350,0,285.1,true,133.2,true
2026-03-09,2026,11,Brookline,7,1650,1258,392,1050,600,0,14.0,true,117.86,true
2026-03-09,2026,11,Cambridge,7,23096,18948,4148,17945,5151,0,92.6,true,249.42,true
2026-03-09,2026,11,Chelsea,7,65,39,26,33,32,0,4.3,true,15.12,false
2026-03-09,2026,11,Everett,7,258,152,106,145,113,0,10.0,true,25.8,false
2026-03-09,2026,11,Malden,7,168,115,53,118,50,0,5.1,true,32.94,false
2026-03-09,2026,11,Medford,7,290,197,93,167,123,0,12.1,true,23.97,false
2026-03-09,2026,11,Newton,7,212,118,94,114,98,0,10.4,true,20.38,false
2026-03-09,2026,11,Revere,7,106,48,58,55,51,0,5.0,true,21.2,false
2026-03-09,2026,11,Salem,7,179,91,88,90,89,0,9.1,true,19.67,false
2026-03-09,2026,11,Somerville,7,4445,3348,1097,3007,1438,0,38.9,true,114.27,true
2026-03-09,2026,11,Watertown Town,7,313,207,106,196,117,0,9.6,true,32.6,false
2026-03-09,2026,11,unknown,7,27,20,7,0,27,27,0.0,true,NaN,false
2026-03-16,2026,12,Arlington,7,338,257,81,249,89,0,9.3,true,36.34,false
2026-03-16,2026,12,Boston,7,29203,21821,7382,17694,11509,0,278.9,true,104.71,true
2026-03-16,2026,12,Brookline,7,1381,1066,315,839,542,0,14.0,true,98.64,true
2026-03-16,2026,12,Cambridge,7,16437,13671,2766,11889,4548,0,91.6,true,179.44,true
2026-03-16,2026,12,Chelsea,7,57,40,17,30,27,0,3.7,true,15.41,false
2026-03-16,2026,12,Everett,7,195,119,76,99,96,0,10.0,true,19.5,false
2026-03-16,2026,12,Malden,7,130,90,40,72,58,0,4.6,true,28.26,false
2026-03-16,2026,12,Medford,7,248,167,81,132,116,0,11.6,true,21.38,false
2026-03-16,2026,12,Newton,7,170,105,65,86,84,0,10.4,true,16.35,false
2026-03-16,2026,12,Revere,7,52,28,24,30,22,0,4.3,true,12.09,false
2026-03-16,2026,12,Salem,7,82,38,44,31,51,0,6.4,true,12.81,false
2026-03-16,2026,12,Somerville,7,3361,2634,727,2158,1203,0,38.7,true,86.85,true
2026-03-16,2026,12,Watertown Town,7,243,182,61,129,114,0,8.6,true,28.26,false
2026-03-16,2026,12,unknown,7,22,15,7,0,22,22,0.0,true,NaN,false
2026-03-23,2026,13,Arlington,7,389,273,116,291,98,0,9.7,true,40.1,false
2026-03-23,2026,13,Boston,7,35421,26334,9087,22355,13066,0,285.9,true,123.89,true
2026-03-23,2026,13,Brookline,7,1620,1210,410,984,636,0,14.0,true,115.71,true
2026-03-23,2026,13,Cambridge,7,19763,16125,3638,14809,4954,0,92.0,true,214.82,true
2026-03-23,2026,13,Chelsea,7,49,34,15,32,17,0,3.1,true,15.81,false
2026-03-23,2026,13,Everett,7,214,147,67,106,108,0,10.7,true,20.0,false
2026-03-23,2026,13,Malden,7,151,99,52,76,75,0,5.6,true,26.96,false
2026-03-23,2026,13,Medford,7,235,160,75,141,94,0,11.1,true,21.17,false
2026-03-23,2026,13,Newton,7,271,147,124,157,114,0,12.3,true,22.03,false
2026-03-23,2026,13,Revere,7,88,44,44,51,37,0,4.7,true,18.72,false
2026-03-23,2026,13,Salem,7,163,71,92,65,98,0,9.1,true,17.91,false
2026-03-23,2026,13,Somerville,7,4060,3072,988,2658,1402,0,38.9,true,104.37,true
2026-03-23,2026,13,Watertown Town,7,262,196,66,145,117,0,8.7,true,30.11,false
2026-03-23,2026,13,unknown,7,37,28,9,0,37,37,0.0,true,NaN,false
2026-03-30,2026,14,Arlington,7,362,261,101,255,107,0,10.9,true,33.21,false
2026-03-30,2026,14,Boston,7,38655,27833,10822,24982,13673,0,296.4,true,130.41,true
2026-03-30,2026,14,Brookline,7,1603,1187,416,1013,590,0,13.9,true,115.32,true
2026-03-30,2026,14,Cambridge,7,22337,18002,4335,16680,5657,0,91.6,true,243.85,true
2026-03-30,2026,14,Chelsea,7,68,44,24,24,44,0,4.3,true,15.81,false
2026-03-30,2026,14,Everett,7,295,179,116,165,130,0,11.0,true,26.82,false
2026-03-30,2026,14,Malden,7,180,136,44,89,91,0,5.4,true,33.33,false
2026-03-30,2026,14,Medford,7,250,170,80,143,107,0,11.6,true,21.55,false
2026-03-30,2026,14,Newton,7,214,131,83,123,91,0,10.4,true,20.58,false
2026-03-30,2026,14,Revere,7,69,32,37,42,27,0,4.9,true,14.08,false
2026-03-30,2026,14,Salem,7,162,61,101,74,88,0,10.4,true,15.58,false
2026-03-30,2026,14,Somerville,7,4129,3119,1010,2646,1483,0,38.7,true,106.69,true
2026-03-30,2026,14,Watertown Town,7,344,245,99,206,138,0,9.4,true,36.6,false
2026-03-30,2026,14,unknown,6,23,16,7,0,23,23,0.0,true,NaN,false
2026-04-06,2026,15,Arlington,7,526,337,189,415,111,0,10.7,true,49.16,false
2026-04-06,2026,15,Boston,7,45971,32188,13783,30307,15664,0,308.4,true,149.06,true
2026-04-06,2026,15,Brookline,7,2016,1474,542,1276,740,0,14.0,true,144.0,true
2026-04-06,2026,15,Cambridge,7,26692,21039,5653,20355,6337,0,92.6,true,288.25,true
2026-04-06,2026,15,Chelsea,7,88,53,35,37,51,0,5.0,true,17.6,false
2026-04-06,2026,15,Everett,7,342,190,152,182,160,0,10.7,true,31.96,false
2026-04-06,2026,15,Malden,7,220,138,82,125,95,0,5.7,true,38.6,false
2026-04-06,2026,15,Medford,7,378,244,134,204,174,0,13.1,true,28.85,false
2026-04-06,2026,15,Newton,7,308,173,135,172,136,0,12.4,true,24.84,false
2026-04-06,2026,15,Revere,7,117,54,63,77,40,0,5.4,true,21.67,false
2026-04-06,2026,15,Salem,7,223,86,137,125,98,0,12.3,true,18.13,false
2026-04-06,2026,15,Somerville,7,5098,3672,1426,3412,1686,0,38.9,true,131.05,true
2026-04-06,2026,15,Watertown Town,7,377,242,135,262,115,0,9.4,true,40.11,false
2026-04-06,2026,15,unknown,7,40,31,9,0,40,40,0.0,true,NaN,false
2026-04-13,2026,16,Arlington,7,487,320,167,388,99,0,10.3,true,47.28,false
2026-04-13,2026,16,Boston,7,51991,35422,16569,34790,17201,0,316.7,true,164.16,true
2026-04-13,2026,16,Brookline,7,2274,1643,631,1487,787,0,14.0,true,162.43,true
2026-04-13,2026,16,Cambridge,7,29024,22730,6294,22623,6401,0,92.1,true,315.14,true
2026-04-13,2026,16,Chelsea,7,83,39,44,59,24,0,3.9,true,21.28,false
2026-04-13,2026,16,Everett,7,320,166,154,177,143,0,11.1,true,28.83,false
2026-04-13,2026,16,Hingham,1,1,1,0,1,0,0,1.0,true,1.0,false
2026-04-13,2026,16,Malden,7,200,122,78,128,72,0,5.6,true,35.71,false
2026-04-13,2026,16,Medford,7,364,224,140,207,157,0,12.7,true,28.66,false
2026-04-13,2026,16,Newton,7,378,190,188,239,139,0,13.0,true,29.08,false
2026-04-13,2026,16,Revere,7,134,39,95,74,60,0,5.4,true,24.81,false
2026-04-13,2026,16,Salem,7,221,99,122,135,86,0,11.0,true,20.09,false
2026-04-13,2026,16,Somerville,7,5395,3839,1556,3769,1626,0,38.4,true,140.49,true
2026-04-13,2026,16,Watertown Town,7,453,277,176,305,148,0,9.7,true,46.7,false
2026-04-13,2026,16,unknown,7,71,43,28,0,71,71,0.0,true,NaN,false
2026-04-20,2026,17,Arlington,7,522,337,185,397,125,0,10.7,true,48.79,false
2026-04-20,2026,17,Boston,7,53566,34408,19158,36276,17290,0,323.6,true,165.53,true
2026-04-20,2026,17,Brookline,7,2574,1605,969,1683,891,0,13.6,true,189.26,true
2026-04-20,2026,17,Cambridge,7,27983,21413,6570,21959,6024,0,92.7,true,301.87,true
2026-04-20,2026,17,Chelsea,7,77,35,42,38,39,0,4.7,true,16.38,false
2026-04-20,2026,17,Everett,7,367,212,155,190,177,0,11.7,true,31.37,false
2026-04-20,2026,17,Malden,7,244,135,109,168,76,0,5.6,true,43.57,false
2026-04-20,2026,17,Medford,7,379,216,163,229,150,0,13.1,true,28.93,false
2026-04-20,2026,17,Newton,7,425,179,246,292,133,0,12.0,true,35.42,false
2026-04-20,2026,17,Revere,7,121,47,74,73,48,0,5.4,true,22.41,false
2026-04-20,2026,17,Salem,7,225,76,149,130,95,0,13.0,true,17.31,false
2026-04-20,2026,17,Somerville,7,5294,3731,1563,3631,1663,0,38.7,true,136.8,true
2026-04-20,2026,17,Watertown Town,7,470,273,197,346,124,0,9.7,true,48.45,false
2026-04-20,2026,17,unknown,7,37,23,14,0,37,37,0.0,true,NaN,false
2026-04-27,2026,18,Arlington,7,517,343,174,363,154,0,10.7,true,48.32,false
2026-04-27,2026,18,Boston,7,53594,36743,16851,34897,18697,0,328.4,true,163.2,true
2026-04-27,2026,18,Brookline,7,2435,1749,686,1538,897,0,14.0,true,173.93,true
2026-04-27,2026,18,Cambridge,7,29322,23021,6301,22454,6868,0,92.1,true,318.37,true
2026-04-27,2026,18,Chelsea,7,89,45,44,28,61,0,4.7,true,18.94,false
2026-04-27,2026,18,Everett,7,359,196,163,182,177,0,12.0,true,29.92,false
2026-04-27,2026,18,Hingham,2,2,2,0,2,0,0,1.0,true,2.0,false
2026-04-27,2026,18,Malden,7,237,150,87,115,122,0,5.9,true,40.17,false
2026-04-27,2026,18,Medford,7,391,258,133,218,173,0,13.6,true,28.75,false
2026-04-27,2026,18,Newton,7,350,174,176,204,146,0,12.6,true,27.78,false
2026-04-27,2026,18,Revere,7,109,38,71,73,36,0,5.7,true,19.12,false
2026-04-27,2026,18,Salem,7,172,64,108,112,60,0,10.7,true,16.07,false
2026-04-27,2026,18,Somerville,7,5585,4013,1572,3707,1878,0,39.0,true,143.21,true
2026-04-27,2026,18,Watertown Town,7,434,294,140,279,155,0,9.7,true,44.74,false
2026-04-27,2026,18,unknown,7,38,26,12,0,38,38,0.0,true,NaN,false
2026-05-04,2026,19,Arlington,7,643,393,250,489,154,0,11.0,true,58.45,false
2026-05-04,2026,19,Boston,7,56369,37585,18784,38435,17934,0,329.1,true,171.28,true
2026-05-04,2026,19,Brookline,7,2812,1896,916,1834,978,0,14.0,true,200.86,true
2026-05-04,2026,19,Cambridge,7,30659,23666,6993,23855,6804,0,92.0,true,333.25,true
2026-05-04,2026,19,Chelsea,7,106,71,35,51,55,0,5.0,true,21.2,false
2026-05-04,2026,19,Everett,7,476,265,211,246,230,0,13.0,true,36.62,false
2026-05-04,2026,19,Malden,7,276,151,125,145,131,0,5.9,true,46.78,false
2026-05-04,2026,19,Medford,7,488,300,188,253,235,0,14.0,true,34.86,false
2026-05-04,2026,19,Newton,7,408,195,213,224,184,0,13.0,true,31.38,false
2026-05-04,2026,19,Revere,7,172,55,117,95,77,0,6.0,true,28.67,false
2026-05-04,2026,19,Salem,7,293,104,189,164,129,0,13.3,true,22.03,false
2026-05-04,2026,19,Somerville,7,6387,4323,2064,4405,1982,0,39.0,true,163.77,true
2026-05-04,2026,19,Watertown Town,7,544,334,210,326,218,0,9.7,true,56.08,false
2026-05-04,2026,19,unknown,7,43,30,13,0,43,43,0.0,true,NaN,false
2026-05-11,2026,20,Arlington,7,618,367,251,460,158,0,11.0,true,56.18,false
2026-05-11,2026,20,Boston,7,57143,37162,19981,38579,18564,0,332.4,true,171.91,true
2026-05-11,2026,20,Brookline,7,2677,1798,879,1751,926,0,14.0,true,191.21,true
2026-05-11,2026,20,Cambridge,7,30554,23092,7462,23550,7004,0,92.7,true,329.6,true
2026-05-11,2026,20,Chelsea,7,118,51,67,56,62,0,5.0,true,23.6,false
2026-05-11,2026,20,Everett,7,469,246,223,250,219,0,12.6,true,37.22,false
2026-05-11,2026,20,Malden,7,300,170,130,178,122,0,6.0,true,50.0,false
2026-05-11,2026,20,Medford,7,497,285,212,282,215,0,14.3,true,34.76,false
2026-05-11,2026,20,Newton,7,379,165,214,229,150,0,13.0,true,29.15,false
2026-05-11,2026,20,Revere,7,217,47,170,135,82,0,6.3,true,34.44,false
2026-05-11,2026,20,Salem,7,294,115,179,166,128,0,12.4,true,23.71,false
2026-05-11,2026,20,Somerville,7,5975,3979,1996,4109,1866,0,39.0,true,153.21,true
2026-05-11,2026,20,Watertown Town,7,539,318,221,315,224,0,9.9,true,54.44,false
2026-05-11,2026,20,unknown,7,39,23,16,0,39,39,0.0,true,NaN,false
2026-05-18,2026,21,Arlington,7,630,409,221,484,146,0,10.9,true,57.8,false
2026-05-18,2026,21,Boston,7,56755,37878,18877,38256,18499,0,332.7,true,170.59,true
2026-05-18,2026,21,Brookline,7,2423,1747,676,1552,871,0,14.0,true,173.07,true
2026-05-18,2026,21,Cambridge,7,28234,21472,6762,21823,6411,0,92.3,true,305.89,true
2026-05-18,2026,21,Chelsea,7,142,81,61,69,73,0,4.9,true,28.98,false
2026-05-18,2026,21,Everett,7,432,236,196,249,183,0,13.0,true,33.23,false
2026-05-18,2026,21,Malden,7,310,176,134,195,115,0,5.6,true,55.36,false
2026-05-18,2026,21,Medford,7,434,272,162,214,220,0,13.6,true,31.91,false
2026-05-18,2026,21,Newton,7,339,194,145,171,168,0,12.4,true,27.34,false
2026-05-18,2026,21,Revere,7,287,63,224,160,127,0,6.3,true,45.56,false
2026-05-18,2026,21,Salem,7,241,97,144,165,76,0,12.4,true,19.44,false
2026-05-18,2026,21,Somerville,7,5659,3956,1703,3893,1766,0,38.6,true,146.61,true
2026-05-18,2026,21,Watertown Town,7,506,322,184,315,191,0,9.4,true,53.83,false
2026-05-18,2026,21,unknown,7,53,38,15,0,53,53,0.0,true,NaN,false
2026-05-25,2026,22,Arlington,7,623,380,243,460,163,0,10.4,true,59.9,false
2026-05-25,2026,22,Boston,7,56991,37443,19548,39023,17968,0,334.7,true,170.27,true
2026-05-25,2026,22,Brookline,7,2373,1683,690,1489,884,0,14.0,true,169.5,true
2026-05-25,2026,22,Cambridge,7,29254,21438,7816,22357,6897,0,92.4,true,316.6,true
2026-05-25,2026,22,Chelsea,7,118,74,44,58,60,0,5.1,true,23.14,false
2026-05-25,2026,22,Everett,7,510,255,255,307,203,0,13.0,true,39.23,false
2026-05-25,2026,22,Malden,7,278,139,139,172,106,0,5.9,true,47.12,false
2026-05-25,2026,22,Medford,7,510,309,201,278,232,0,14.4,true,35.42,false
2026-05-25,2026,22,Newton,7,339,201,138,180,159,0,12.3,true,27.56,false
2026-05-25,2026,22,Revere,7,268,82,186,133,135,0,6.7,true,40.0,false
2026-05-25,2026,22,Salem,7,250,102,148,173,77,0,13.1,true,19.08,false
2026-05-25,2026,22,Somerville,7,6011,4025,1986,4135,1876,0,39.0,true,154.13,true
2026-05-25,2026,22,Watertown Town,7,521,305,216,334,187,0,9.6,true,54.27,false
2026-05-25,2026,22,unknown,7,37,23,14,0,37,37,0.0,true,NaN,false
2026-06-01,2026,23,Arlington,7,743,413,330,554,189,0,10.9,true,68.17,false
2026-06-01,2026,23,Boston,7,71056,45895,25161,50227,20829,0,341.3,true,208.19,true
2026-06-01,2026,23,Brookline,7,2904,1993,911,1998,906,0,14.0,true,207.43,true
2026-06-01,2026,23,Cambridge,7,33029,24177,8852,26068,6961,0,94.4,true,349.88,true
2026-06-01,2026,23,Chelsea,7,184,110,74,109,75,0,5.4,true,34.07,false
2026-06-01,2026,23,Everett,7,708,387,321,459,249,0,14.1,true,50.21,false
2026-06-01,2026,23,Malden,7,389,244,145,296,93,0,6.0,true,64.83,false
2026-06-01,2026,23,Medford,7,728,482,246,461,267,0,14.4,true,50.56,false
2026-06-01,2026,23,Newton,7,349,209,140,207,142,0,12.6,true,27.7,false
2026-06-01,2026,23,Revere,7,370,140,230,245,125,0,6.9,true,53.62,false
2026-06-01,2026,23,Salem,7,367,188,179,278,89,0,14.3,true,25.66,false
2026-06-01,2026,23,Somerville,7,7227,4944,2283,5134,2093,0,39.0,true,185.31,true
2026-06-01,2026,23,Watertown Town,7,622,375,247,392,230,0,9.9,true,62.83,false
2026-06-01,2026,23,unknown,7,62,38,24,0,62,62,0.0,true,NaN,false
2026-06-08,2026,24,Arlington,7,897,545,352,677,220,0,11.0,true,81.55,false
2026-06-08,2026,24,Boston,7,74663,47867,26796,53745,20918,0,343.3,true,217.49,true
2026-06-08,2026,24,Brookline,7,3084,2116,968,2065,1019,0,14.0,true,220.29,true
2026-06-08,2026,24,Cambridge,7,34485,25355,9130,27449,7036,0,94.9,true,363.38,true
2026-06-08,2026,24,Chelsea,7,184,103,81,127,57,0,5.3,true,34.72,false
2026-06-08,2026,24,Everett,7,683,306,377,449,234,0,14.1,true,48.44,false
2026-06-08,2026,24,Malden,7,365,182,183,253,112,0,6.0,true,60.83,false
2026-06-08,2026,24,Medford,7,634,371,263,359,275,0,14.9,true,42.55,false
2026-06-08,2026,24,Newton,7,431,257,174,291,140,0,13.7,true,31.46,false
2026-06-08,2026,24,Revere,7,340,124,216,191,149,0,7.0,true,48.57,false
2026-06-08,2026,24,Salem,7,306,96,210,175,131,0,13.9,true,22.01,false
2026-06-08,2026,24,Somerville,7,7662,5276,2386,5372,2290,0,38.9,true,196.97,true
2026-06-08,2026,24,Watertown Town,7,731,430,301,509,222,0,10.0,true,73.1,false
2026-06-08,2026,24,unknown,7,49,36,13,0,49,49,0.0,true,NaN,false
2026-06-15,2026,25,Arlington,7,848,493,355,634,214,0,10.9,true,77.8,false
2026-06-15,2026,25,Boston,7,73680,45771,27909,53078,20602,0,343.1,true,214.75,true
2026-06-15,2026,25,Brookline,7,2843,2001,842,1983,860,0,14.0,true,203.07,true
2026-06-15,2026,25,Cambridge,7,32965,23899,9066,26391,6574,0,94.6,true,348.47,true
2026-06-15,2026,25,Chelsea,7,182,113,69,108,74,0,5.7,true,31.93,false
2026-06-15,2026,25,Everett,7,687,319,368,435,252,0,14.7,true,46.73,false
2026-06-15,2026,25,Malden,7,352,190,162,242,110,0,6.0,true,58.67,false
2026-06-15,2026,25,Medford,7,672,427,245,381,291,0,14.9,true,45.1,false
2026-06-15,2026,25,Newton,7,398,209,189,233,165,0,14.0,true,28.43,false
2026-06-15,2026,25,Revere,7,300,98,202,218,82,0,7.0,true,42.86,false
2026-06-15,2026,25,Salem,7,377,121,256,273,104,0,12.7,true,29.69,false
2026-06-15,2026,25,Somerville,7,7116,4813,2303,5170,1946,0,38.7,true,183.88,true
2026-06-15,2026,25,Watertown Town,7,675,367,308,507,168,0,9.7,true,69.59,false
2026-06-15,2026,25,unknown,7,35,19,16,0,35,35,0.0,true,NaN,false
2026-06-22,2026,26,Arlington,7,713,441,272,546,167,0,11.0,true,64.82,false
2026-06-22,2026,26,Boston,7,70426,42260,28166,51104,19322,0,340.6,true,206.77,true
2026-06-22,2026,26,Brookline,7,2971,2030,941,2056,915,0,14.0,true,212.21,true
2026-06-22,2026,26,Cambridge,7,32071,22900,9171,25908,6163,0,94.7,true,338.66,true
2026-06-22,2026,26,Chelsea,7,135,69,66,85,50,0,5.4,true,25.0,false
2026-06-22,2026,26,Everett,7,633,313,320,374,259,0,14.4,true,43.96,false
2026-06-22,2026,26,Hingham,1,6,0,6,6,0,0,1.0,true,6.0,false
2026-06-22,2026,26,Malden,7,346,175,171,227,119,0,6.0,true,57.67,false
2026-06-22,2026,26,Medford,7,652,410,242,338,314,0,15.4,true,42.34,false
2026-06-22,2026,26,Newton,7,339,159,180,180,159,0,13.0,true,26.08,false
2026-06-22,2026,26,Revere,7,349,114,235,182,167,0,6.9,true,50.58,false
2026-06-22,2026,26,Salem,7,391,140,251,286,105,0,13.0,true,30.08,false
2026-06-22,2026,26,Somerville,7,7020,4746,2274,5176,1844,0,38.3,true,183.29,true
2026-06-22,2026,26,Watertown Town,7,595,318,277,416,179,0,9.3,true,63.98,false
2026-06-22,2026,26,unknown,6,57,37,20,0,57,57,0.0,true,NaN,false
2026-06-29,2026,27,Arlington,7,549,337,212,423,126,0,11.0,true,49.91,false
2026-06-29,2026,27,Boston,7,61003,37643,23360,43477,17526,0,339.0,true,179.95,true
2026-06-29,2026,27,Brookline,7,2294,1646,648,1537,757,0,13.7,true,167.45,true
2026-06-29,2026,27,Cambridge,7,29529,21336,8193,23549,5980,0,94.4,true,312.81,true
2026-06-29,2026,27,Chelsea,7,119,66,53,76,43,0,5.3,true,22.45,false
2026-06-29,2026,27,Everett,7,548,255,293,330,218,0,14.7,true,37.28,false
2026-06-29,2026,27,Malden,7,290,130,160,192,98,0,5.9,true,49.15,false
2026-06-29,2026,27,Medford,7,527,292,235,290,237,0,14.1,true,37.38,false
2026-06-29,2026,27,Newton,7,356,168,188,201,155,0,13.3,true,26.77,false
2026-06-29,2026,27,Revere,7,305,88,217,129,176,0,6.9,true,44.2,false
2026-06-29,2026,27,Salem,7,370,140,230,270,100,0,13.9,true,26.62,false
2026-06-29,2026,27,Somerville,7,6062,4167,1895,4187,1875,0,38.9,true,155.84,true
2026-06-29,2026,27,Watertown Town,7,515,300,215,367,148,0,10.0,true,51.5,false
2026-06-29,2026,27,unknown,7,50,31,19,0,50,50,0.0,true,NaN,false
2026-07-06,2026,28,Arlington,7,743,425,318,579,164,0,10.9,true,68.17,false
2026-07-06,2026,28,Boston,7,69898,42114,27784,51760,18138,0,337.4,true,207.17,true
2026-07-06,2026,28,Brookline,7,2660,1864,796,1863,797,0,13.0,true,204.62,true
2026-07-06,2026,28,Cambridge,7,31722,22930,8792,25821,5901,0,94.4,true,336.04,true
2026-07-06,2026,28,Chelsea,7,165,92,73,103,62,0,5.1,true,32.35,false
2026-07-06,2026,28,Everett,7,629,296,333,371,258,0,14.3,true,43.99,false
2026-07-06,2026,28,Malden,7,356,176,180,206,150,0,5.9,true,60.34,false
2026-07-06,2026,28,Medford,7,557,324,233,318,239,0,14.6,true,38.15,false
2026-07-06,2026,28,Newton,7,326,169,157,205,121,0,12.7,true,25.67,false
2026-07-06,2026,28,Revere,7,332,95,237,149,183,0,6.3,true,52.7,false
2026-07-06,2026,28,Salem,7,341,88,253,236,105,0,11.9,true,28.66,false
2026-07-06,2026,28,Somerville,7,6935,4811,2124,4980,1955,0,38.9,true,178.28,true
2026-07-06,2026,28,Watertown Town,7,584,362,222,418,166,0,9.6,true,60.83,false
2026-07-06,2026,28,unknown,7,42,22,20,0,42,42,0.0,true,NaN,false
2026-07-13,2026,29,Arlington,7,774,472,302,577,197,0,11.0,true,70.36,false
2026-07-13,2026,29,Boston,7,73935,47192,26743,54664,19271,0,342.7,true,215.74,true
2026-07-13,2026,29,Brookline,7,2736,1947,789,1901,835,0,13.0,true,210.46,true
2026-07-13,2026,29,Cambridge,7,34503,25543,8960,28569,5934,0,95.3,true,362.05,true
2026-07-13,2026,29,Chelsea,7,174,92,82,110,64,0,5.9,true,29.49,false
2026-07-13,2026,29,Everett,7,705,374,331,413,292,0,14.4,true,48.96,false
2026-07-13,2026,29,Malden,7,395,208,187,232,163,0,6.0,true,65.83,false
2026-07-13,2026,29,Medford,7,648,384,264,345,303,0,15.1,true,42.91,false
2026-07-13,2026,29,Newton,7,427,252,175,227,200,0,14.1,true,30.28,false
2026-07-13,2026,29,Revere,7,335,132,203,146,189,0,7.0,true,47.86,false
2026-07-13,2026,29,Salem,7,321,124,197,254,67,0,12.7,true,25.28,false
2026-07-13,2026,29,Somerville,7,7083,4951,2132,5106,1977,0,39.0,true,181.62,true
2026-07-13,2026,29,Watertown Town,7,631,400,231,470,161,0,9.4,true,67.13,false
2026-07-13,2026,29,unknown,7,51,29,22,0,51,51,0.0,true,NaN,false
2026-07-20,2026,30,Arlington,7,797,451,346,619,178,0,10.9,true,73.12,false
2026-07-20,2026,30,Boston,7,78591,47811,30780,56413,22178,0,341.0,true,230.47,true
2026-07-20,2026,30,Brookline,7,3043,2144,899,2089,954,0,13.6,true,223.75,true
2026-07-20,2026,30,Cambridge,7,40010,27186,12824,31599,8411,0,95.9,true,417.21,true
2026-07-20,2026,30,Chelsea,7,189,110,79,111,78,0,5.7,true,33.16,false
2026-07-20,2026,30,Everett,7,619,326,293,309,310,0,14.0,true,44.21,false
2026-07-20,2026,30,Malden,7,406,223,183,226,180,0,6.0,true,67.67,false
2026-07-20,2026,30,Medford,7,661,403,258,376,285,0,14.9,true,44.36,false
2026-07-20,2026,30,Newton,7,443,228,215,291,152,0,14.0,true,31.64,false
2026-07-20,2026,30,Revere,7,355,111,244,223,132,0,6.6,true,53.79,false
2026-07-20,2026,30,Salem,7,372,123,249,286,86,0,14.1,true,26.38,false
2026-07-20,2026,30,Somerville,7,8411,5518,2893,5962,2449,0,38.9,true,216.22,true
2026-07-20,2026,30,Watertown Town,7,703,448,255,494,209,0,9.4,true,74.79,false
2026-07-20,2026,30,unknown,7,60,37,23,0,60,60,0.0,true,NaN,false
2026-07-27,2026,31,Arlington,7,700,416,284,534,166,0,10.6,true,66.04,false
2026-07-27,2026,31,Boston,7,73189,45674,27515,49163,24026,0,341.1,true,214.57,true
2026-07-27,2026,31,Brookline,7,3060,2095,965,1932,1128,0,14.0,true,218.57,true
2026-07-27,2026,31,Cambridge,7,37291,26270,11021,28325,8966,0,96.0,true,388.45,true
2026-07-27,2026,31,Chelsea,7,177,80,97,94,83,0,5.3,true,33.4,false
2026-07-27,2026,31,Everett,7,606,341,265,372,234,0,13.9,true,43.6,false
2026-07-27,2026,31,Malden,7,342,200,142,198,144,0,6.0,true,57.0,false
2026-07-27,2026,31,Medford,7,572,335,237,278,294,0,15.0,true,38.13,false
2026-07-27,2026,31,Newton,7,340,180,160,204,136,0,13.0,true,26.15,false
2026-07-27,2026,31,Revere,7,275,103,172,169,106,0,7.0,true,39.29,false
2026-07-27,2026,31,Salem,7,378,156,222,289,89,0,13.9,true,27.19,false
2026-07-27,2026,31,Somerville,7,7459,5107,2352,4880,2579,0,38.9,true,191.75,true
2026-07-27,2026,31,Watertown Town,7,636,401,235,397,239,0,9.7,true,65.57,false
2026-07-27,2026,31,unknown,7,73,40,33,0,73,73,0.0,true,NaN,false
2026-08-03,2026,32,Arlington,7,703,456,247,494,209,0,10.7,true,65.7,false
2026-08-03,2026,32,Boston,7,75828,46968,28860,47640,28188,0,342.0,true,221.72,true
2026-08-03,2026,32,Brookline,7,3065,2020,1045,1832,1233,0,15.3,true,200.33,true
2026-08-03,2026,32,Cambridge,7,34061,25056,9005,24523,9538,0,95.7,true,355.91,true
2026-08-03,2026,32,Chelsea,7,200,113,87,106,94,0,5.6,true,35.71,false
2026-08-03,2026,32,Everett,7,656,331,325,372,284,0,14.9,true,44.03,false
2026-08-03,2026,32,Malden,7,349,173,176,210,139,0,6.0,true,58.17,false
2026-08-03,2026,32,Medford,7,653,421,232,303,350,0,14.6,true,44.73,false
2026-08-03,2026,32,Newton,7,345,171,174,217,128,0,14.1,true,24.47,false
2026-08-03,2026,32,Revere,7,339,99,240,153,186,0,7.1,true,47.75,false
2026-08-03,2026,32,Salem,7,349,161,188,255,94,0,12.4,true,28.15,false
2026-08-03,2026,32,Somerville,7,7281,4926,2355,4422,2859,0,38.9,true,187.17,true
2026-08-03,2026,32,Watertown Town,7,691,432,259,366,325,0,9.7,true,71.24,false
2026-08-03,2026,32,unknown,7,104,64,40,0,104,104,0.0,true,NaN,false
2026-08-10,2026,33,Arlington,7,754,485,269,494,260,0,11.0,true,68.55,false
2026-08-10,2026,33,Boston,7,84900,51929,32971,51806,33094,0,344.9,true,246.16,true
2026-08-10,2026,33,Brookline,7,4149,2723,1426,2393,1756,0,19.1,true,217.23,true
2026-08-10,2026,33,Cambridge,7,37531,27125,10406,26548,10983,0,95.7,true,392.17,true
2026-08-10,2026,33,Chelsea,7,172,84,88,57,115,0,5.6,true,30.71,false
2026-08-10,2026,33,Everett,7,710,366,344,413,297,0,14.3,true,49.65,false
2026-08-10,2026,33,Hingham,1,2,0,2,2,0,0,1.0,true,2.0,false
2026-08-10,2026,33,Malden,7,430,233,197,248,182,0,6.0,true,71.67,false
2026-08-10,2026,33,Medford,7,686,416,270,329,357,0,14.9,true,46.04,false
2026-08-10,2026,33,Newton,7,386,204,182,215,171,0,13.7,true,28.18,false
2026-08-10,2026,33,Revere,7,351,97,254,171,180,0,7.3,true,48.08,false
2026-08-10,2026,33,Salem,7,431,140,291,303,128,0,13.6,true,31.69,false
2026-08-10,2026,33,Somerville,7,7847,5237,2610,4591,3256,0,38.9,true,201.72,true
2026-08-10,2026,33,Watertown Town,7,718,435,283,414,304,0,9.9,true,72.53,false
2026-08-10,2026,33,unknown,7,83,55,28,0,83,83,0.0,true,NaN,false
2026-08-17,2026,34,Arlington,7,683,420,263,402,281,0,10.9,true,62.66,false
2026-08-17,2026,34,Boston,7,74232,47234,26998,43485,30747,0,342.3,true,216.86,true
2026-08-17,2026,34,Brookline,7,3574,2528,1046,2013,1561,0,20.0,true,178.7,true
2026-08-17,2026,34,Cambridge,7,34121,25626,8495,24054,10067,0,95.9,true,355.8,true
2026-08-17,2026,34,Chelsea,7,183,104,79,55,128,0,5.9,true,31.02,false
2026-08-17,2026,34,Everett,7,727,409,318,316,411,0,14.3,true,50.84,false
2026-08-17,2026,34,Malden,7,318,200,118,175,143,0,6.0,true,53.0,false
2026-08-17,2026,34,Medford,7,652,395,257,286,366,0,15.9,true,41.01,false
2026-08-17,2026,34,Newton,7,384,233,151,208,176,0,13.6,true,28.24,false
2026-08-17,2026,34,Revere,7,297,88,209,130,167,0,7.3,true,40.68,false
2026-08-17,2026,34,Salem,7,352,152,200,170,182,0,12.6,true,27.94,false
2026-08-17,2026,34,Somerville,7,7308,5026,2282,4285,3023,0,39.9,true,183.16,true
2026-08-17,2026,34,Watertown Town,7,696,479,217,409,287,0,10.0,true,69.6,false
2026-08-17,2026,34,unknown,7,69,36,33,0,69,69,0.0,true,NaN,false
2026-08-24,2026,35,Arlington,7,749,461,288,461,288,0,10.9,true,68.72,false
2026-08-24,2026,35,Boston,7,82933,52437,30496,48756,34177,0,345.9,true,239.76,true
2026-08-24,2026,35,Brookline,7,4157,2897,1260,2365,1792,0,20.0,true,207.85,true
2026-08-24,2026,35,Cambridge,7,37793,27583,10210,26753,11040,0,96.0,true,393.68,true
2026-08-24,2026,35,Chelsea,7,173,101,72,42,131,0,5.7,true,30.35,false
2026-08-24,2026,35,Everett,7,871,493,378,343,528,0,15.0,true,58.07,false
2026-08-24,2026,35,Malden,7,395,201,194,181,214,0,6.0,true,65.83,false
2026-08-24,2026,35,Medford,7,745,445,300,335,410,0,16.3,true,45.71,false
2026-08-24,2026,35,Newton,7,440,253,187,213,227,0,14.3,true,30.77,false
2026-08-24,2026,35,Revere,7,436,141,295,160,276,0,7.7,true,56.62,false
2026-08-24,2026,35,Salem,7,561,248,313,388,173,0,15.1,true,37.15,false
2026-08-24,2026,35,Somerville,7,8407,5676,2731,4771,3636,0,40.0,true,210.18,true
2026-08-24,2026,35,Watertown Town,7,733,445,288,384,349,0,10.0,true,73.3,false
2026-08-24,2026,35,unknown,7,81,39,42,0,81,81,0.0,true,NaN,false
2026-08-31,2026,36,Arlington,1,98,66,32,60,38,0,11.0,false,8.91,false
2026-08-31,2026,36,Boston,1,11969,8097,3872,7147,4822,0,343.0,false,34.9,true
2026-08-31,2026,36,Brookline,1,616,430,186,327,289,0,20.0,false,30.8,true
2026-08-31,2026,36,Cambridge,1,5833,4432,1401,4132,1701,0,95.0,false,61.4,true
2026-08-31,2026,36,Chelsea,1,32,17,15,11,21,0,6.0,false,5.33,false
2026-08-31,2026,36,Everett,1,99,54,45,57,42,0,15.0,false,6.6,false
2026-08-31,2026,36,Malden,1,65,34,31,31,34,0,6.0,false,10.83,false
2026-08-31,2026,36,Medford,1,101,76,25,54,47,0,15.0,false,6.73,false
2026-08-31,2026,36,Newton,1,50,24,26,34,16,0,12.0,false,4.17,false
2026-08-31,2026,36,Revere,1,37,10,27,13,24,0,8.0,false,4.62,false
2026-08-31,2026,36,Salem,1,61,14,47,47,14,0,14.0,false,4.36,false
2026-08-31,2026,36,Somerville,1,1081,796,285,674,407,0,40.0,false,27.02,true
2026-08-31,2026,36,Watertown Town,1,97,72,25,64,33,0,10.0,false,9.7,false
2026-08-31,2026,36,unknown,1,12,6,6,0,12,12,0.0,false,NaN,false
