count_id,location_name,date,weekday,lat,lng,municipality,campus_zone,campus_institution,campus_distance_m,bikes,vehicles,bikes_am,vehicles_am,bikes_pm,vehicles_pm
13,Cambridge Street east of Lincoln Street,2016-06-08,Wednesday,42.3577,-71.1272,Boston,away,Harvard University,1022.0,781,34070,111,4156,138,4398
44,Massachusetts Avenue north of Back Street,2016-06-08,Wednesday,42.3532,-71.0906,Boston,near,Massachusetts Institute of Technology,705.0,3492,26935,743,3485,805,3772
13,Cambridge Street east of Lincoln Street,2016-06-09,Thursday,42.3577,-71.1272,Boston,away,Harvard University,1022.0,708,35628,114,4194,132,4381
44,Massachusetts Avenue north of Back Street,2016-06-09,Thursday,42.3532,-71.0906,Boston,near,Massachusetts Institute of Technology,705.0,3630,27422,755,3482,840,3583
13,Cambridge Street east of Lincoln Street,2016-06-10,Friday,42.3577,-71.1272,Boston,away,Harvard University,1022.0,746,37121,102,4191,128,4500
44,Massachusetts Avenue north of Back Street,2016-06-10,Friday,42.3532,-71.0906,Boston,near,Massachusetts Institute of Technology,705.0,3681,27405,697,3379,750,3107
13,Cambridge Street east of Lincoln Street,2016-06-11,Saturday,42.3577,-71.1272,Boston,away,Harvard University,1022.0,496,33098,42,2846,58,3634
26,Commonwealth Avenue west of Silber Way,2016-06-11,Saturday,42.3496,-71.102,Boston,campus,Boston University,26.0,387,6770,61,471,36,657
44,Massachusetts Avenue north of Back Street,2016-06-11,Saturday,42.3532,-71.0906,Boston,near,Massachusetts Institute of Technology,705.0,1706,22822,182,1688,185,2722
26,Commonwealth Avenue west of Silber Way,2016-06-12,Sunday,42.3496,-71.102,Boston,campus,Boston University,26.0,367,5776,39,306,36,629
26,Commonwealth Avenue west of Silber Way,2016-06-13,Monday,42.3496,-71.102,Boston,campus,Boston University,26.0,776,8108,215,1073,84,1104
26,Commonwealth Avenue west of Silber Way,2016-06-14,Tuesday,42.3496,-71.102,Boston,campus,Boston University,26.0,906,9382,254,1133,113,1376
26,Commonwealth Avenue west of Silber Way,2016-06-15,Wednesday,42.3496,-71.102,Boston,campus,Boston University,26.0,197,9145,13,883,44,1350
26,Commonwealth Avenue west of Silber Way,2016-06-16,Thursday,42.3496,-71.102,Boston,campus,Boston University,26.0,195,9574,8,902,41,1363
26,Commonwealth Avenue west of Silber Way,2016-06-17,Friday,42.3496,-71.102,Boston,campus,Boston University,26.0,189,9056,8,853,48,1128
16,Centre Street north of Harris Avenue,2016-06-18,Saturday,42.3113,-71.1145,Boston,away,Roxbury Community College,2534.0,654,13371,46,1304,72,1507
23,Columbus Avenue west of Holyoke Street,2016-06-18,Saturday,42.3441,-71.0775,Boston,near,Berklee College of Music,991.0,483,8723,29,687,68,932
26,Commonwealth Avenue west of Silber Way,2016-06-18,Saturday,42.3496,-71.102,Boston,campus,Boston University,26.0,110,7950,4,616,11,925
65,Western Avenue east of Hague Street,2016-06-18,Saturday,42.3639,-71.1217,Boston,campus,Harvard University,200.0,422,8871,45,799,43,1026
11,Brookline Avenue south of Francis Street,2016-06-21,Tuesday,42.3367,-71.1096,Boston,near,Harvard University,532.0,361,25722,86,2897,68,3544
16,Centre Street north of Harris Avenue,2016-06-21,Tuesday,42.3113,-71.1145,Boston,away,Roxbury Community College,2534.0,550,14391,71,1713,109,1593
21,Columbia Road south of Quincy Street,2016-06-21,Tuesday,42.3107,-71.0713,Boston,away,University of Massachusetts-Boston,2669.0,92,33047,9,3792,16,4038
23,Columbus Avenue west of Holyoke Street,2016-06-21,Tuesday,42.3441,-71.0775,Boston,near,Berklee College of Music,991.0,1043,9886,272,1177,247,1423
31,Dorchester Avenue north of Doris Street,2016-06-21,Tuesday,42.3137,-71.057,Boston,away,University of Massachusetts-Boston,1467.0,308,16292,46,1677,71,1656
33,Dorchester Avenue south of Greenwich Street,2016-06-21,Tuesday,42.3025,-71.0596,Boston,away,University of Massachusetts-Boston,2099.0,265,15782,37,1610,60,1734
39,Main Street south of Sullivan Square,2016-06-21,Tuesday,42.384,-71.0725,Boston,campus,Cambridge College,323.0,396,19694,107,2794,79,2809
4,Beacon Street east of Mountfort Street,2016-06-21,Tuesday,42.3478,-71.101,Boston,campus,Boston University,212.0,864,26047,207,3446,220,3567
42,Massachusetts Avenue south of Newmarket Square,2016-06-21,Tuesday,42.3261,-71.0662,Boston,away,Boston University,1117.0,372,23983,56,2585,72,3240
45,Meridian Street south of Nay Street,2016-06-21,Tuesday,42.3829,-71.0393,Boston,away,MGH Institute of Health Professions,1494.0,38,20523,6,2149,7,2743
52,Seaport Boulevard west of Sleeper Street,2016-06-21,Tuesday,42.3537,-71.0497,Boston,away,Suffolk University,1037.0,426,3160,159,556,16,346
6,Beacon Street east of Raleigh Street,2016-06-21,Tuesday,42.3496,-71.0939,Boston,campus,Boston University,347.0,190,19020,4,2308,153,2254
60,Washington Street north of Bexley Road,2016-06-21,Tuesday,42.2883,-71.1261,Boston,away,Roxbury Community College,5200.0,361,17414,55,2017,95,2181
65,Western Avenue east of Hague Street,2016-06-21,Tuesday,42.3639,-71.1217,Boston,campus,Harvard University,200.0,884,11917,179,1699,213,1762
8,Blue Hill Avenue north of Rexford Street,2016-06-21,Tuesday,42.2714,-71.0937,Boston,away,Roxbury Community College,6426.0,62,29005,6,3572,8,3722
1,A Street north of Iron Street,2016-06-22,Wednesday,42.3459,-71.052,Boston,near,Tufts University,894.0,845,12144,175,1627,191,1613
28,D Street south of Fargo Street,2016-06-22,Wednesday,42.345,-71.0436,Boston,away,Tufts University,1568.0,359,8172,56,1075,56,1100
34,Franklin Street north of Alcott Street,2016-06-22,Wednesday,42.3581,-71.1331,Boston,away,Harvard University,1335.0,797,1648,111,228,145,217
1,A Street north of Iron Street,2016-09-27,Tuesday,42.3459,-71.052,Boston,near,Tufts University,894.0,371,12149,55,1933,115,1642
10,Brighton Avenue east of St. Lukes Road,2016-09-27,Tuesday,42.3523,-71.126,Boston,away,Boston University,1343.0,955,18511,114,1919,181,2734
11,Brookline Avenue south of Francis Street,2016-09-27,Tuesday,42.3367,-71.1096,Boston,near,Harvard University,532.0,245,22337,63,2659,41,3077
12,BU Bridge north of Commonwealth Avenue,2016-09-27,Tuesday,42.3523,-71.1107,Boston,campus,Boston University,148.0,1713,33175,375,4126,400,4725
13,Cambridge Street east of Lincoln Street,2016-09-27,Tuesday,42.3577,-71.1272,Boston,away,Harvard University,1022.0,244,38223,45,4987,42,5253
14,Cambridge Street west of Eleanor Street,2016-09-27,Tuesday,42.3513,-71.1445,Boston,away,Harvard University,2539.0,399,14888,57,1884,83,1935
16,Centre Street north of Harris Avenue,2016-09-27,Tuesday,42.3113,-71.1145,Boston,away,Roxbury Community College,2534.0,373,14014,27,1544,84,1603
17,Centre Street west of Wise Street,2016-09-27,Tuesday,42.3229,-71.1015,Boston,near,Roxbury Community College,860.0,319,15037,56,1649,85,2070
18,Charles River Dam Bridge west of Leverett Circle,2016-09-27,Tuesday,42.3671,-71.0689,Boston,campus,Hult International Business School,349.0,453,44950,65,5645,133,5594
2,Adams Street south of Washington Street,2016-09-27,Tuesday,42.272,-71.068,Boston,away,University of Massachusetts-Boston,5216.0,16,19860,0,2961,7,2462
20,Chestnut Hill Avenue north of Embassy Road,2016-09-27,Tuesday,42.3417,-71.1544,Boston,away,Boston College,1367.0,155,14548,14,1891,31,2054
21,Columbia Road south of Quincy Street,2016-09-27,Tuesday,42.3107,-71.0713,Boston,away,University of Massachusetts-Boston,2669.0,55,29655,2,3423,9,3740
22,Columbus Avenue west of Arlington Street,2016-09-27,Tuesday,42.3494,-71.0709,Boston,near,Emerson College,528.0,459,7797,86,1004,96,1173
23,Columbus Avenue west of Holyoke Street,2016-09-27,Tuesday,42.3441,-71.0775,Boston,near,Berklee College of Music,991.0,634,9899,115,1178,137,1397
24,Columbus Avenue west of Massachusetts Avenue,2016-09-27,Tuesday,42.3404,-71.082,Boston,near,Northeastern University,561.0,1045,11761,202,1556,252,1518
25,Commonwealth Avenue east of Berkeley Street,2016-09-27,Tuesday,42.353,-71.0733,Boston,near,Emerson College,629.0,583,12904,129,1860,120,1833
26,Commonwealth Avenue west of Silber Way,2016-09-27,Tuesday,42.3496,-71.102,Boston,campus,Boston University,26.0,1473,19306,170,2264,259,2679
27,Congress Street south of Milk Street,2016-09-27,Tuesday,42.3564,-71.0562,Boston,near,Suffolk University,425.0,247,12587,56,1752,37,1745
28,D Street south of Fargo Street,2016-09-27,Tuesday,42.345,-71.0436,Boston,away,Tufts University,1568.0,126,8990,25,1297,35,1280
29,D Street south of West Broadway,2016-09-27,Tuesday,42.3386,-71.0511,Boston,away,Tufts University,1510.0,154,5826,20,734,40,895
30,Dorchester Avenue north of B Street,2016-09-27,Tuesday,42.3386,-71.0571,Boston,away,Boston University,1169.0,253,26011,36,3784,72,3069
31,Dorchester Avenue north of Doris Street,2016-09-27,Tuesday,42.3137,-71.057,Boston,away,University of Massachusetts-Boston,1467.0,170,15858,26,1613,29,1802
32,Dorchester Avenue north of Dracut Street,2016-09-27,Tuesday,42.2873,-71.0639,Boston,away,University of Massachusetts-Boston,3580.0,72,10030,6,1115,19,1170
33,Dorchester Avenue south of Greenwich Street,2016-09-27,Tuesday,42.3025,-71.0596,Boston,away,University of Massachusetts-Boston,2099.0,169,15120,23,1535,35,1754
34,Franklin Street north of Alcott Street,2016-09-27,Tuesday,42.3581,-71.1331,Boston,away,Harvard University,1335.0,589,1618,87,226,123,261
35,Harvard Avenue north of Commonwealth Avenue,2016-09-27,Tuesday,42.3506,-71.1311,Boston,away,Boston University,1758.0,675,13443,98,1575,142,1746
36,L Street north of East Broadway,2016-09-27,Tuesday,42.3361,-71.0354,Boston,away,University of Massachusetts-Boston,2496.0,69,14637,10,1988,20,2050
37,Longfellow Bridge west of Charles Street,2016-09-27,Tuesday,42.3614,-71.0734,Boston,near,Hult International Business School,978.0,630,8272,223,964,98,1532
38,Longwood Avenue east of Pilgrim Road,2016-09-27,Tuesday,42.3392,-71.1078,Boston,campus,Simmons University,259.0,1098,9922,261,1332,248,1218
39,Main Street south of Sullivan Square,2016-09-27,Tuesday,42.384,-71.0725,Boston,campus,Cambridge College,323.0,239,18725,58,2714,50,2751
4,Beacon Street east of Mountfort Street,2016-09-27,Tuesday,42.3478,-71.101,Boston,campus,Boston University,212.0,548,26412,109,3628,151,3625
40,Market Street south of North Beacon Street,2016-09-27,Tuesday,42.3558,-71.1493,Boston,away,Harvard University,2627.0,148,21148,17,2626,33,3020
41,Massachusetts Avenue south of Columbus Avenue,2016-09-27,Tuesday,42.3398,-71.0809,Boston,near,Northeastern University,650.0,709,29729,84,3355,133,3740
42,Massachusetts Avenue south of Newmarket Square,2016-09-27,Tuesday,42.3261,-71.0662,Boston,away,Boston University,1117.0,265,23756,33,2536,42,3192
43,Massachusetts Avenue south of Shawmut Avenue,2016-09-27,Tuesday,42.3369,-71.0775,Boston,near,Boston University,515.0,535,30722,62,3494,110,3972
44,Massachusetts Avenue north of Back Street,2016-09-27,Tuesday,42.3532,-71.0906,Boston,near,Massachusetts Institute of Technology,705.0,2667,26594,425,4102,608,3595
45,Meridian Street south of Nay Street,2016-09-27,Tuesday,42.3829,-71.0393,Boston,away,MGH Institute of Health Professions,1494.0,18,19792,2,2430,1,2512
46,Mt. Vernon Street west of Harbor Point Boulevard,2016-09-27,Tuesday,42.3188,-71.0451,Boston,near,University of Massachusetts-Boston,737.0,84,11884,9,1491,19,1510
47,North Harvard Street south of Soldiers Field Road,2016-09-27,Tuesday,42.3677,-71.1243,Boston,near,Harvard University,445.0,1159,10716,163,1522,247,1561
48,North Washington Street Bridge south of Chelsea Street,2016-09-27,Tuesday,42.3678,-71.059,Boston,near,MGH Institute of Health Professions,892.0,312,39873,67,5305,73,5125
49,Pleasant Street north of Morrill Street,2016-09-27,Tuesday,42.3165,-71.0595,Boston,away,University of Massachusetts-Boston,1700.0,83,11254,7,1448,14,1516
50,Post Office Square north of Milk Street,2016-09-27,Tuesday,42.3572,-71.056,Boston,near,Suffolk University,413.0,215,5506,15,723,59,973
51,Quincy Street west of Ceylon Street,2016-09-27,Tuesday,42.3121,-71.0726,Boston,away,Boston University,2580.0,45,14485,3,1844,4,1744
52,Seaport Boulevard west of Sleeper Street,2016-09-27,Tuesday,42.3537,-71.0497,Boston,away,Suffolk University,1037.0,411,22872,75,3401,140,3174
53,Seaver Street west of Humboldt Avenue,2016-09-27,Tuesday,42.3103,-71.0925,Boston,away,Roxbury Community College,2118.0,3,22331,1,2951,0,2848
54,South Huntington Avenue south of Castleton Street,2016-09-27,Tuesday,42.3224,-71.1121,Boston,away,Roxbury Community College,1565.0,224,10988,28,1458,44,1320
55,Southwest Corridor Bicycle Path south of Heath Street,2016-09-27,Tuesday,42.3238,-71.0996,Boston,near,Roxbury Community College,692.0,1318,,242,,304,
56,Summer Street east of Dorchester Avenue,2016-09-27,Tuesday,42.351,-71.0519,Boston,near,Tufts University,801.0,518,21618,92,3183,157,2859
57,Talbot Avenue west of New England Avenue,2016-09-27,Tuesday,42.292,-71.0779,Boston,away,University of Massachusetts-Boston,4006.0,53,13098,2,1617,17,1836
58,Warren Street north of Walnut Avenue,2016-09-27,Tuesday,42.3244,-71.0829,Boston,away,Roxbury Community College,1169.0,132,24769,13,3023,28,3160
59,Washington Street East of Beethoven Street,2016-09-27,Tuesday,42.3154,-71.0987,Boston,away,Roxbury Community College,1559.0,62,16060,9,1719,10,1795
6,Beacon Street east of Raleigh Street,2016-09-27,Tuesday,42.3496,-71.0939,Boston,campus,Boston University,347.0,325,18627,39,2288,91,2300
60,Washington Street north of Bexley Road,2016-09-27,Tuesday,42.2883,-71.1261,Boston,away,Roxbury Community College,5200.0,136,16291,25,1855,31,2164
62,Washington Street south of Hayward Place,2016-09-27,Tuesday,42.3528,-71.0626,Boston,campus,Emerson College,239.0,415,5527,93,661,76,690
63,Washington Street south of Herald Street,2016-09-27,Tuesday,42.3462,-71.0647,Boston,near,Tufts University,479.0,256,8687,55,1482,57,1048
64,Weld Street west of Centre Street,2016-09-27,Tuesday,42.2943,-71.1365,Boston,away,Roxbury Community College,5146.0,12,3311,2,458,6,549
65,Western Avenue east of Hague Street,2016-09-27,Tuesday,42.3639,-71.1217,Boston,campus,Harvard University,200.0,546,11624,93,1562,150,1631
66,Western Avenue west of Waverly Street,2016-09-27,Tuesday,42.3622,-71.1419,Boston,away,Harvard University,1831.0,243,13856,52,1820,50,2114
8,Blue Hill Avenue north of Rexford Street,2016-09-27,Tuesday,42.2714,-71.0937,Boston,away,Roxbury Community College,6426.0,48,25573,2,3351,15,3109
9,Blue Hill Avenue north of Seaver Street,2016-09-27,Tuesday,42.3057,-71.0846,Boston,away,Roxbury Community College,2764.0,42,23511,2,2691,10,2862
10,Brighton Avenue east of St. Lukes Road,2016-09-28,Wednesday,42.3523,-71.126,Boston,away,Boston University,1343.0,1108,19182,194,1995,193,2765
11,Brookline Avenue south of Francis Street,2016-09-28,Wednesday,42.3367,-71.1096,Boston,near,Harvard University,532.0,368,22900,90,2614,61,3280
12,BU Bridge north of Commonwealth Avenue,2016-09-28,Wednesday,42.3523,-71.1107,Boston,campus,Boston University,148.0,2200,34899,541,4820,481,4767
13,Cambridge Street east of Lincoln Street,2016-09-28,Wednesday,42.3577,-71.1272,Boston,away,Harvard University,1022.0,266,38789,54,4715,50,5154
14,Cambridge Street west of Eleanor Street,2016-09-28,Wednesday,42.3513,-71.1445,Boston,away,Harvard University,2539.0,472,14775,90,1660,92,1954
16,Centre Street north of Harris Avenue,2016-09-28,Wednesday,42.3113,-71.1145,Boston,away,Roxbury Community College,2534.0,408,14385,55,1643,93,1663
17,Centre Street west of Wise Street,2016-09-28,Wednesday,42.3229,-71.1015,Boston,near,Roxbury Community College,860.0,361,15242,62,1714,75,1923
18,Charles River Dam Bridge west of Leverett Circle,2016-09-28,Wednesday,42.3671,-71.0689,Boston,campus,Hult International Business School,349.0,550,44384,122,5712,137,5135
2,Adams Street south of Washington Street,2016-09-28,Wednesday,42.272,-71.068,Boston,away,University of Massachusetts-Boston,5216.0,15,20521,2,2936,4,2708
20,Chestnut Hill Avenue north of Embassy Road,2016-09-28,Wednesday,42.3417,-71.1544,Boston,away,Boston College,1367.0,183,14838,34,1861,32,2037
21,Columbia Road south of Quincy Street,2016-09-28,Wednesday,42.3107,-71.0713,Boston,away,University of Massachusetts-Boston,2669.0,39,29523,3,3569,4,3676
22,Columbus Avenue west of Arlington Street,2016-09-28,Wednesday,42.3494,-71.0709,Boston,near,Emerson College,528.0,643,8062,169,914,146,1268
23,Columbus Avenue west of Holyoke Street,2016-09-28,Wednesday,42.3441,-71.0775,Boston,near,Berklee College of Music,991.0,835,10556,228,1232,196,1529
24,Columbus Avenue west of Massachusetts Avenue,2016-09-28,Wednesday,42.3404,-71.082,Boston,near,Northeastern University,561.0,1369,12167,341,1460,332,1657
25,Commonwealth Avenue east of Berkeley Street,2016-09-28,Wednesday,42.353,-71.0733,Boston,near,Emerson College,629.0,777,12693,239,1761,175,1974
26,Commonwealth Avenue west of Silber Way,2016-09-28,Wednesday,42.3496,-71.102,Boston,campus,Boston University,26.0,1668,19698,330,2234,304,2736
27,Congress Street south of Milk Street,2016-09-28,Wednesday,42.3564,-71.0562,Boston,near,Suffolk University,425.0,271,13542,96,1674,43,1768
28,D Street south of Fargo Street,2016-09-28,Wednesday,42.345,-71.0436,Boston,away,Tufts University,1568.0,128,8748,40,1139,28,1100
29,D Street south of West Broadway,2016-09-28,Wednesday,42.3386,-71.0511,Boston,away,Tufts University,1510.0,174,6390,40,733,43,1080
30,Dorchester Avenue north of B Street,2016-09-28,Wednesday,42.3386,-71.0571,Boston,away,Boston University,1169.0,300,28797,47,3557,82,3845
31,Dorchester Avenue north of Doris Street,2016-09-28,Wednesday,42.3137,-71.057,Boston,away,University of Massachusetts-Boston,1467.0,188,15827,30,1740,46,1748
32,Dorchester Avenue north of Dracut Street,2016-09-28,Wednesday,42.2873,-71.0639,Boston,away,University of Massachusetts-Boston,3580.0,78,9945,11,1105,14,1271
33,Dorchester Avenue south of Greenwich Street,2016-09-28,Wednesday,42.3025,-71.0596,Boston,away,University of Massachusetts-Boston,2099.0,181,14985,29,1538,35,1746
34,Franklin Street north of Alcott Street,2016-09-28,Wednesday,42.3581,-71.1331,Boston,away,Harvard University,1335.0,700,1639,134,225,138,225
35,Harvard Avenue north of Commonwealth Avenue,2016-09-28,Wednesday,42.3506,-71.1311,Boston,away,Boston University,1758.0,835,13971,137,1562,152,1743
36,L Street north of East Broadway,2016-09-28,Wednesday,42.3361,-71.0354,Boston,away,University of Massachusetts-Boston,2496.0,112,15495,20,1910,31,2180
37,Longfellow Bridge west of Charles Street,2016-09-28,Wednesday,42.3614,-71.0734,Boston,near,Hult International Business School,978.0,884,9408,378,825,102,1943
38,Longwood Avenue east of Pilgrim Road,2016-09-28,Wednesday,42.3392,-71.1078,Boston,campus,Simmons University,259.0,1448,9786,343,1306,302,1244
39,Main Street south of Sullivan Square,2016-09-28,Wednesday,42.384,-71.0725,Boston,campus,Cambridge College,323.0,349,19858,88,2708,83,3224
4,Beacon Street east of Mountfort Street,2016-09-28,Wednesday,42.3478,-71.101,Boston,campus,Boston University,212.0,783,26718,181,3472,216,3613
40,Market Street south of North Beacon Street,2016-09-28,Wednesday,42.3558,-71.1493,Boston,away,Harvard University,2627.0,206,21475,27,2591,40,3011
41,Massachusetts Avenue south of Columbus Avenue,2016-09-28,Wednesday,42.3398,-71.0809,Boston,near,Northeastern University,650.0,816,30215,142,3251,160,3791
42,Massachusetts Avenue south of Newmarket Square,2016-09-28,Wednesday,42.3261,-71.0662,Boston,away,Boston University,1117.0,310,24369,52,2802,55,3439
43,Massachusetts Avenue south of Shawmut Avenue,2016-09-28,Wednesday,42.3369,-71.0775,Boston,near,Boston University,515.0,649,30993,100,3351,132,3928
44,Massachusetts Avenue north of Back Street,2016-09-28,Wednesday,42.3532,-71.0906,Boston,near,Massachusetts Institute of Technology,705.0,3170,25863,710,3539,697,3327
45,Meridian Street south of Nay Street,2016-09-28,Wednesday,42.3829,-71.0393,Boston,away,MGH Institute of Health Professions,1494.0,20,20578,3,2147,1,2629
46,Mt. Vernon Street west of Harbor Point Boulevard,2016-09-28,Wednesday,42.3188,-71.0451,Boston,near,University of Massachusetts-Boston,737.0,75,11723,12,1525,11,1551
47,North Harvard Street south of Soldiers Field Road,2016-09-28,Wednesday,42.3677,-71.1243,Boston,near,Harvard University,445.0,1441,11006,232,1493,273,1464
48,North Washington Street Bridge south of Chelsea Street,2016-09-28,Wednesday,42.3678,-71.059,Boston,near,MGH Institute of Health Professions,892.0,380,42433,108,5191,60,6089
49,Pleasant Street north of Morrill Street,2016-09-28,Wednesday,42.3165,-71.0595,Boston,away,University of Massachusetts-Boston,1700.0,90,11700,12,1532,12,1665
50,Post Office Square north of Milk Street,2016-09-28,Wednesday,42.3572,-71.056,Boston,near,Suffolk University,413.0,209,5594,17,579,82,1060
51,Quincy Street west of Ceylon Street,2016-09-28,Wednesday,42.3121,-71.0726,Boston,away,Boston University,2580.0,38,14474,7,1728,0,1721
52,Seaport Boulevard west of Sleeper Street,2016-09-28,Wednesday,42.3537,-71.0497,Boston,away,Suffolk University,1037.0,502,23065,123,3258,157,3052
53,Seaver Street west of Humboldt Avenue,2016-09-28,Wednesday,42.3103,-71.0925,Boston,away,Roxbury Community College,2118.0,4,22635,0,2800,0,2983
54,South Huntington Avenue south of Castleton Street,2016-09-28,Wednesday,42.3224,-71.1121,Boston,away,Roxbury Community College,1565.0,286,11315,45,1498,58,1365
55,Southwest Corridor Bicycle Path south of Heath Street,2016-09-28,Wednesday,42.3238,-71.0996,Boston,near,Roxbury Community College,692.0,1790,,413,,412,
56,Summer Street east of Dorchester Avenue,2016-09-28,Wednesday,42.351,-71.0519,Boston,near,Tufts University,801.0,619,21556,135,2783,167,2786
57,Talbot Avenue west of New England Avenue,2016-09-28,Wednesday,42.292,-71.0779,Boston,away,University of Massachusetts-Boston,4006.0,66,12935,0,1456,15,1816
58,Warren Street north of Walnut Avenue,2016-09-28,Wednesday,42.3244,-71.0829,Boston,away,Roxbury Community College,1169.0,168,25063,29,2978,22,3205
59,Washington Street East of Beethoven Street,2016-09-28,Wednesday,42.3154,-71.0987,Boston,away,Roxbury Community College,1559.0,78,15885,12,1600,12,1732
6,Beacon Street east of Raleigh Street,2016-09-28,Wednesday,42.3496,-71.0939,Boston,campus,Boston University,347.0,402,18956,44,2263,135,2299
60,Washington Street north of Bexley Road,2016-09-28,Wednesday,42.2883,-71.1261,Boston,away,Roxbury Community College,5200.0,190,16841,42,1794,26,2347
62,Washington Street south of Hayward Place,2016-09-28,Wednesday,42.3528,-71.0626,Boston,campus,Emerson College,239.0,501,5610,158,623,62,670
63,Washington Street south of Herald Street,2016-09-28,Wednesday,42.3462,-71.0647,Boston,near,Tufts University,479.0,381,8495,100,1376,62,958
64,Weld Street west of Centre Street,2016-09-28,Wednesday,42.2943,-71.1365,Boston,away,Roxbury Community College,5146.0,33,3418,6,471,9,547
65,Western Avenue east of Hague Street,2016-09-28,Wednesday,42.3639,-71.1217,Boston,campus,Harvard University,200.0,723,12265,135,1540,152,1709
66,Western Avenue west of Waverly Street,2016-09-28,Wednesday,42.3622,-71.1419,Boston,away,Harvard University,1831.0,342,14045,66,1814,77,2230
8,Blue Hill Avenue north of Rexford Street,2016-09-28,Wednesday,42.2714,-71.0937,Boston,away,Roxbury Community College,6426.0,33,27439,8,3394,7,3456
10,Brighton Avenue east of St. Lukes Road,2016-09-29,Thursday,42.3523,-71.126,Boston,away,Boston University,1343.0,1127,20321,190,1994,214,2886
11,Brookline Avenue south of Francis Street,2016-09-29,Thursday,42.3367,-71.1096,Boston,near,Harvard University,532.0,363,23143,78,2623,61,3230
13,Cambridge Street east of Lincoln Street,2016-09-29,Thursday,42.3577,-71.1272,Boston,away,Harvard University,1022.0,368,45902,104,5852,52,5300
16,Centre Street north of Harris Avenue,2016-09-29,Thursday,42.3113,-71.1145,Boston,away,Roxbury Community College,2534.0,496,14687,68,1630,108,1627
17,Centre Street west of Wise Street,2016-09-29,Thursday,42.3229,-71.1015,Boston,near,Roxbury Community College,860.0,416,15256,75,1675,94,1999
18,Charles River Dam Bridge west of Leverett Circle,2016-09-29,Thursday,42.3671,-71.0689,Boston,campus,Hult International Business School,349.0,655,45854,128,5751,178,5634
20,Chestnut Hill Avenue north of Embassy Road,2016-09-29,Thursday,42.3417,-71.1544,Boston,away,Boston College,1367.0,222,15339,45,1955,40,2196
21,Columbia Road south of Quincy Street,2016-09-29,Thursday,42.3107,-71.0713,Boston,away,University of Massachusetts-Boston,2669.0,61,30584,8,3501,11,3914
22,Columbus Avenue west of Arlington Street,2016-09-29,Thursday,42.3494,-71.0709,Boston,near,Emerson College,528.0,714,8621,198,878,158,1282
23,Columbus Avenue west of Holyoke Street,2016-09-29,Thursday,42.3441,-71.0775,Boston,near,Berklee College of Music,991.0,1006,10918,257,1268,228,1509
24,Columbus Avenue west of Massachusetts Avenue,2016-09-29,Thursday,42.3404,-71.082,Boston,near,Northeastern University,561.0,1527,12619,374,1580,347,1644
29,D Street south of West Broadway,2016-09-29,Thursday,42.3386,-71.0511,Boston,away,Tufts University,1510.0,220,6548,45,738,48,1052
30,Dorchester Avenue north of B Street,2016-09-29,Thursday,42.3386,-71.0571,Boston,away,Boston University,1169.0,365,27552,60,3479,92,3526
31,Dorchester Avenue north of Doris Street,2016-09-29,Thursday,42.3137,-71.057,Boston,away,University of Massachusetts-Boston,1467.0,204,16050,39,1677,50,1818
33,Dorchester Avenue south of Greenwich Street,2016-09-29,Thursday,42.3025,-71.0596,Boston,away,University of Massachusetts-Boston,2099.0,188,15151,26,1580,30,1703
36,L Street north of East Broadway,2016-09-29,Thursday,42.3361,-71.0354,Boston,away,University of Massachusetts-Boston,2496.0,111,16258,18,2082,26,2138
38,Longwood Avenue east of Pilgrim Road,2016-09-29,Thursday,42.3392,-71.1078,Boston,campus,Simmons University,259.0,1499,9959,368,1249,329,1289
4,Beacon Street east of Mountfort Street,2016-09-29,Thursday,42.3478,-71.101,Boston,campus,Boston University,212.0,882,27451,196,3417,210,3732
41,Massachusetts Avenue south of Columbus Avenue,2016-09-29,Thursday,42.3398,-71.0809,Boston,near,Northeastern University,650.0,865,31081,157,3405,168,3715
42,Massachusetts Avenue south of Newmarket Square,2016-09-29,Thursday,42.3261,-71.0662,Boston,away,Boston University,1117.0,338,25209,56,2929,73,3167
43,Massachusetts Avenue south of Shawmut Avenue,2016-09-29,Thursday,42.3369,-71.0775,Boston,near,Boston University,515.0,624,32072,102,3546,132,3892
44,Massachusetts Avenue north of Back Street,2016-09-29,Thursday,42.3532,-71.0906,Boston,near,Massachusetts Institute of Technology,705.0,3406,26630,719,3477,821,3766
45,Meridian Street south of Nay Street,2016-09-29,Thursday,42.3829,-71.0393,Boston,away,MGH Institute of Health Professions,1494.0,35,20322,7,2219,5,2643
47,North Harvard Street south of Soldiers Field Road,2016-09-29,Thursday,42.3677,-71.1243,Boston,near,Harvard University,445.0,1361,11159,212,1441,264,1676
49,Pleasant Street north of Morrill Street,2016-09-29,Thursday,42.3165,-71.0595,Boston,away,University of Massachusetts-Boston,1700.0,96,11888,17,1491,17,1609
51,Quincy Street west of Ceylon Street,2016-09-29,Thursday,42.3121,-71.0726,Boston,away,Boston University,2580.0,42,14903,10,1740,6,1799
52,Seaport Boulevard west of Sleeper Street,2016-09-29,Thursday,42.3537,-71.0497,Boston,away,Suffolk University,1037.0,642,23884,143,3276,193,2609
53,Seaver Street west of Humboldt Avenue,2016-09-29,Thursday,42.3103,-71.0925,Boston,away,Roxbury Community College,2118.0,5,22900,0,2806,0,2982
58,Warren Street north of Walnut Avenue,2016-09-29,Thursday,42.3244,-71.0829,Boston,away,Roxbury Community College,1169.0,179,25082,30,3073,27,3193
60,Washington Street north of Bexley Road,2016-09-29,Thursday,42.2883,-71.1261,Boston,away,Roxbury Community College,5200.0,237,17283,50,1953,41,2164
62,Washington Street south of Hayward Place,2016-09-29,Thursday,42.3528,-71.0626,Boston,campus,Emerson College,239.0,641,6094,171,689,110,836
63,Washington Street south of Herald Street,2016-09-29,Thursday,42.3462,-71.0647,Boston,near,Tufts University,479.0,432,8881,101,1437,84,1114
65,Western Avenue east of Hague Street,2016-09-29,Thursday,42.3639,-71.1217,Boston,campus,Harvard University,200.0,757,12244,162,1572,159,1725
10,Brighton Avenue east of St. Lukes Road,2017-09-26,Tuesday,42.3523,-71.126,Boston,away,Boston University,1343.0,1287,17289,205,1733,263,2574
11,Brookline Avenue south of Francis Street,2017-09-26,Tuesday,42.3367,-71.1096,Boston,near,Harvard University,532.0,307,24382,77,2719,47,3282
12,BU Bridge north of Commonwealth Avenue,2017-09-26,Tuesday,42.3523,-71.1107,Boston,campus,Boston University,148.0,2519,32285,623,4030,608,4533
14,Cambridge Street west of Eleanor Street,2017-09-26,Tuesday,42.3513,-71.1445,Boston,away,Harvard University,2539.0,693,14771,126,1653,122,1928
20,Chestnut Hill Avenue north of Embassy Road,2017-09-26,Tuesday,42.3417,-71.1544,Boston,away,Boston College,1367.0,242,14388,43,1840,45,2018
26,Commonwealth Avenue west of Silber Way,2017-09-26,Tuesday,42.3496,-71.102,Boston,campus,Boston University,26.0,1078,9006,271,995,115,1329
34,Franklin Street north of Alcott Street,2017-09-26,Tuesday,42.3581,-71.1331,Boston,away,Harvard University,1335.0,923,1646,148,212,212,255
35,Harvard Avenue north of Commonwealth Avenue,2017-09-26,Tuesday,42.3506,-71.1311,Boston,away,Boston University,1758.0,960,13414,158,1562,166,1676
38,Longwood Avenue east of Pilgrim Road,2017-09-26,Tuesday,42.3392,-71.1078,Boston,campus,Simmons University,259.0,1704,9619,406,1203,380,1212
4,Beacon Street east of Mountfort Street,2017-09-26,Tuesday,42.3478,-71.101,Boston,campus,Boston University,212.0,974,27643,242,3559,270,3735
40,Market Street south of North Beacon Street,2017-09-26,Tuesday,42.3558,-71.1493,Boston,away,Harvard University,2627.0,263,20465,41,2473,51,2953
44,Massachusetts Avenue north of Back Street,2017-09-26,Tuesday,42.3532,-71.0906,Boston,near,Massachusetts Institute of Technology,705.0,4430,31014,836,4156,1050,3898
47,North Harvard Street south of Soldiers Field Road,2017-09-26,Tuesday,42.3677,-71.1243,Boston,near,Harvard University,445.0,1731,12051,269,1576,369,1804
55,Southwest Corridor Bicycle Path south of Heath Street,2017-09-26,Tuesday,42.3238,-71.0996,Boston,near,Roxbury Community College,692.0,2227,,512,,520,
6,Beacon Street east of Raleigh Street,2017-09-26,Tuesday,42.3496,-71.0939,Boston,campus,Boston University,347.0,427,19441,46,2311,176,2196
65,Western Avenue east of Hague Street,2017-09-26,Tuesday,42.3639,-71.1217,Boston,campus,Harvard University,200.0,870,11540,193,1422,215,1554
66,Western Avenue west of Waverly Street,2017-09-26,Tuesday,42.3622,-71.1419,Boston,away,Harvard University,1831.0,461,13265,91,1631,122,2228
10,Brighton Avenue east of St. Lukes Road,2017-09-27,Wednesday,42.3523,-71.126,Boston,away,Boston University,1343.0,1163,17445,221,1689,207,2425
11,Brookline Avenue south of Francis Street,2017-09-27,Wednesday,42.3367,-71.1096,Boston,near,Harvard University,532.0,344,24614,82,2725,55,3359
12,BU Bridge north of Commonwealth Avenue,2017-09-27,Wednesday,42.3523,-71.1107,Boston,campus,Boston University,148.0,2451,32646,604,4174,545,4406
14,Cambridge Street west of Eleanor Street,2017-09-27,Wednesday,42.3513,-71.1445,Boston,away,Harvard University,2539.0,620,15198,119,1705,105,1924
20,Chestnut Hill Avenue north of Embassy Road,2017-09-27,Wednesday,42.3417,-71.1544,Boston,away,Boston College,1367.0,214,14532,50,1851,31,2005
26,Commonwealth Avenue west of Silber Way,2017-09-27,Wednesday,42.3496,-71.102,Boston,campus,Boston University,26.0,1013,8993,275,928,106,1237
34,Franklin Street north of Alcott Street,2017-09-27,Wednesday,42.3581,-71.1331,Boston,away,Harvard University,1335.0,909,1609,139,216,191,232
35,Harvard Avenue north of Commonwealth Avenue,2017-09-27,Wednesday,42.3506,-71.1311,Boston,away,Boston University,1758.0,972,14379,155,1550,182,1730
38,Longwood Avenue east of Pilgrim Road,2017-09-27,Wednesday,42.3392,-71.1078,Boston,campus,Simmons University,259.0,1588,10014,401,1293,338,1370
4,Beacon Street east of Mountfort Street,2017-09-27,Wednesday,42.3478,-71.101,Boston,campus,Boston University,212.0,1003,28539,232,3712,241,3912
40,Market Street south of North Beacon Street,2017-09-27,Wednesday,42.3558,-71.1493,Boston,away,Harvard University,2627.0,215,20704,32,2583,48,2811
44,Massachusetts Avenue north of Back Street,2017-09-27,Wednesday,42.3532,-71.0906,Boston,near,Massachusetts Institute of Technology,705.0,4211,31841,827,4215,974,3944
47,North Harvard Street south of Soldiers Field Road,2017-09-27,Wednesday,42.3677,-71.1243,Boston,near,Harvard University,445.0,1683,12169,253,1627,342,1704
55,Southwest Corridor Bicycle Path south of Heath Street,2017-09-27,Wednesday,42.3238,-71.0996,Boston,near,Roxbury Community College,692.0,2143,,488,,458,
6,Beacon Street east of Raleigh Street,2017-09-27,Wednesday,42.3496,-71.0939,Boston,campus,Boston University,347.0,445,19709,44,2337,139,2238
65,Western Avenue east of Hague Street,2017-09-27,Wednesday,42.3639,-71.1217,Boston,campus,Harvard University,200.0,851,11240,158,1466,198,1540
66,Western Avenue west of Waverly Street,2017-09-27,Wednesday,42.3622,-71.1419,Boston,away,Harvard University,1831.0,431,13324,83,1610,109,2152
1,A Street north of Iron Street,2017-10-04,Wednesday,42.3459,-71.052,Boston,near,Tufts University,894.0,710,11139,193,1529,174,1283
13,Cambridge Street east of Lincoln Street,2017-10-04,Wednesday,42.3577,-71.1272,Boston,away,Harvard University,1022.0,317,39504,51,5129,25,4946
16,Centre Street north of Harris Avenue,2017-10-04,Wednesday,42.3113,-71.1145,Boston,away,Roxbury Community College,2534.0,432,13285,34,1114,18,987
17,Centre Street west of Wise Street,2017-10-04,Wednesday,42.3229,-71.1015,Boston,near,Roxbury Community College,860.0,459,15278,76,1803,114,2000
18,Charles River Dam Bridge west of Leverett Circle,2017-10-04,Wednesday,42.3671,-71.0689,Boston,campus,Hult International Business School,349.0,582,44827,100,5404,149,5110
2,Adams Street south of Washington Street,2017-10-04,Wednesday,42.272,-71.068,Boston,away,University of Massachusetts-Boston,5216.0,35,20146,5,2845,11,2704
21,Columbia Road south of Quincy Street,2017-10-04,Wednesday,42.3107,-71.0713,Boston,away,University of Massachusetts-Boston,2669.0,88,30748,5,3543,11,3781
22,Columbus Avenue west of Arlington Street,2017-10-04,Wednesday,42.3494,-71.0709,Boston,near,Emerson College,528.0,765,7737,220,848,173,1239
23,Columbus Avenue west of Holyoke Street,2017-10-04,Wednesday,42.3441,-71.0775,Boston,near,Berklee College of Music,991.0,1100,10326,294,1232,247,1467
24,Columbus Avenue west of Massachusetts Avenue,2017-10-04,Wednesday,42.3404,-71.082,Boston,near,Northeastern University,561.0,1658,11872,424,1484,382,1579
25,Commonwealth Avenue east of Berkeley Street,2017-10-04,Wednesday,42.353,-71.0733,Boston,near,Emerson College,629.0,828,11764,213,1571,194,1878
26,Commonwealth Avenue west of Silber Way,2017-10-04,Wednesday,42.3496,-71.102,Boston,campus,Boston University,26.0,840,8706,51,1000,224,1163
27,Congress Street south of Milk Street,2017-10-04,Wednesday,42.3564,-71.0562,Boston,near,Suffolk University,425.0,365,12963,147,1759,49,1728
28,D Street south of Fargo Street,2017-10-04,Wednesday,42.345,-71.0436,Boston,away,Tufts University,1568.0,177,8269,40,1220,36,1053
29,D Street south of West Broadway,2017-10-04,Wednesday,42.3386,-71.0511,Boston,away,Tufts University,1510.0,243,6352,53,736,62,1124
30,Dorchester Avenue north of B Street,2017-10-04,Wednesday,42.3386,-71.0571,Boston,away,Boston University,1169.0,410,27687,79,3586,101,3737
31,Dorchester Avenue north of Doris Street,2017-10-04,Wednesday,42.3137,-71.057,Boston,away,University of Massachusetts-Boston,1467.0,276,15656,61,1623,47,1718
32,Dorchester Avenue north of Dracut Street,2017-10-04,Wednesday,42.2873,-71.0639,Boston,away,University of Massachusetts-Boston,3580.0,91,9655,17,1084,20,1138
33,Dorchester Avenue south of Greenwich Street,2017-10-04,Wednesday,42.3025,-71.0596,Boston,away,University of Massachusetts-Boston,2099.0,206,15585,39,1625,40,1717
36,L Street north of East Broadway,2017-10-04,Wednesday,42.3361,-71.0354,Boston,away,University of Massachusetts-Boston,2496.0,135,15265,19,1917,49,2194
37,Longfellow Bridge west of Charles Street,2017-10-04,Wednesday,42.3614,-71.0734,Boston,near,Hult International Business School,978.0,1239,8731,491,863,172,1622
39,Main Street south of Sullivan Square,2017-10-04,Wednesday,42.384,-71.0725,Boston,campus,Cambridge College,323.0,498,19297,141,2649,120,2918
41,Massachusetts Avenue south of Columbus Avenue,2017-10-04,Wednesday,42.3398,-71.0809,Boston,near,Northeastern University,650.0,1194,26015,206,2749,276,3217
42,Massachusetts Avenue south of Newmarket Square,2017-10-04,Wednesday,42.3261,-71.0662,Boston,away,Boston University,1117.0,355,23870,53,2682,74,3267
43,Massachusetts Avenue south of Shawmut Avenue,2017-10-04,Wednesday,42.3369,-71.0775,Boston,near,Boston University,515.0,915,26002,168,2930,200,3084
45,Meridian Street south of Nay Street,2017-10-04,Wednesday,42.3829,-71.0393,Boston,away,MGH Institute of Health Professions,1494.0,41,20638,4,2218,9,2743
46,Mt. Vernon Street west of Harbor Point Boulevard,2017-10-04,Wednesday,42.3188,-71.0451,Boston,near,University of Massachusetts-Boston,737.0,99,11822,13,1171,16,1631
48,North Washington Street Bridge south of Chelsea Street,2017-10-04,Wednesday,42.3678,-71.059,Boston,near,MGH Institute of Health Professions,892.0,225,39852,17,5010,92,5799
49,Pleasant Street north of Morrill Street,2017-10-04,Wednesday,42.3165,-71.0595,Boston,away,University of Massachusetts-Boston,1700.0,116,11062,15,1425,26,1465
50,Post Office Square north of Milk Street,2017-10-04,Wednesday,42.3572,-71.056,Boston,near,Suffolk University,413.0,268,5653,41,566,81,1065
51,Quincy Street west of Ceylon Street,2017-10-04,Wednesday,42.3121,-71.0726,Boston,away,Boston University,2580.0,51,15846,11,1943,7,1910
52,Seaport Boulevard west of Sleeper Street,2017-10-04,Wednesday,42.3537,-71.0497,Boston,away,Suffolk University,1037.0,746,23317,190,3203,203,2975
53,Seaver Street west of Humboldt Avenue,2017-10-04,Wednesday,42.3103,-71.0925,Boston,away,Roxbury Community College,2118.0,31,24277,3,3046,2,3194
54,South Huntington Avenue south of Castleton Street,2017-10-04,Wednesday,42.3224,-71.1121,Boston,away,Roxbury Community College,1565.0,358,10976,71,1473,70,1425
56,Summer Street east of Dorchester Avenue,2017-10-04,Wednesday,42.351,-71.0519,Boston,near,Tufts University,801.0,968,20286,229,2701,220,2637
57,Talbot Avenue west of New England Avenue,2017-10-04,Wednesday,42.292,-71.0779,Boston,away,University of Massachusetts-Boston,4006.0,46,13525,6,1617,5,1961
58,Warren Street north of Walnut Avenue,2017-10-04,Wednesday,42.3244,-71.0829,Boston,away,Roxbury Community College,1169.0,171,23604,30,2903,27,2828
59,Washington Street East of Beethoven Street,2017-10-04,Wednesday,42.3154,-71.0987,Boston,away,Roxbury Community College,1559.0,92,14866,18,1567,14,1726
60,Washington Street north of Bexley Road,2017-10-04,Wednesday,42.2883,-71.1261,Boston,away,Roxbury Community College,5200.0,331,14723,61,1771,88,1747
61,Washington Street north of Kenwood Street,2017-10-04,Wednesday,42.2918,-71.0717,Boston,away,University of Massachusetts-Boston,3627.0,93,14928,11,1689,9,1806
62,Washington Street south of Hayward Place,2017-10-04,Wednesday,42.3528,-71.0626,Boston,campus,Emerson College,239.0,667,5483,221,636,92,638
63,Washington Street south of Herald Street,2017-10-04,Wednesday,42.3462,-71.0647,Boston,near,Tufts University,479.0,466,7931,123,1176,77,1025
64,Weld Street west of Centre Street,2017-10-04,Wednesday,42.2943,-71.1365,Boston,away,Roxbury Community College,5146.0,50,3433,5,450,14,560
8,Blue Hill Avenue north of Rexford Street,2017-10-04,Wednesday,42.2714,-71.0937,Boston,away,Roxbury Community College,6426.0,60,29394,9,3781,10,3646
9,Blue Hill Avenue north of Seaver Street,2017-10-04,Wednesday,42.3057,-71.0846,Boston,away,Roxbury Community College,2764.0,45,24626,0,2877,7,2885
1,A Street north of Iron Street,2017-10-05,Thursday,42.3459,-71.052,Boston,near,Tufts University,894.0,716,11940,169,1667,186,1400
13,Cambridge Street east of Lincoln Street,2017-10-05,Thursday,42.3577,-71.1272,Boston,away,Harvard University,1022.0,269,40184,47,4936,49,4791
16,Centre Street north of Harris Avenue,2017-10-05,Thursday,42.3113,-71.1145,Boston,away,Roxbury Community College,2534.0,449,13595,30,1209,19,1098
17,Centre Street west of Wise Street,2017-10-05,Thursday,42.3229,-71.1015,Boston,near,Roxbury Community College,860.0,513,15314,103,1711,104,2065
18,Charles River Dam Bridge west of Leverett Circle,2017-10-05,Thursday,42.3671,-71.0689,Boston,campus,Hult International Business School,349.0,554,44347,105,5219,135,4597
2,Adams Street south of Washington Street,2017-10-05,Thursday,42.272,-71.068,Boston,away,University of Massachusetts-Boston,5216.0,32,21058,8,2912,9,2868
21,Columbia Road south of Quincy Street,2017-10-05,Thursday,42.3107,-71.0713,Boston,away,University of Massachusetts-Boston,2669.0,86,31089,7,3664,17,3894
22,Columbus Avenue west of Arlington Street,2017-10-05,Thursday,42.3494,-71.0709,Boston,near,Emerson College,528.0,712,8101,184,870,179,1236
23,Columbus Avenue west of Holyoke Street,2017-10-05,Thursday,42.3441,-71.0775,Boston,near,Berklee College of Music,991.0,1011,10353,256,1223,246,1512
24,Columbus Avenue west of Massachusetts Avenue,2017-10-05,Thursday,42.3404,-71.082,Boston,near,Northeastern University,561.0,1719,12388,413,1434,386,1585
25,Commonwealth Avenue east of Berkeley Street,2017-10-05,Thursday,42.353,-71.0733,Boston,near,Emerson College,629.0,912,13343,229,1713,161,1836
26,Commonwealth Avenue west of Silber Way,2017-10-05,Thursday,42.3496,-71.102,Boston,campus,Boston University,26.0,835,8477,42,976,206,1083
27,Congress Street south of Milk Street,2017-10-05,Thursday,42.3564,-71.0562,Boston,near,Suffolk University,425.0,405,13570,108,1703,49,1677
28,D Street south of Fargo Street,2017-10-05,Thursday,42.345,-71.0436,Boston,away,Tufts University,1568.0,187,8287,36,1044,46,1020
29,D Street south of West Broadway,2017-10-05,Thursday,42.3386,-71.0511,Boston,away,Tufts University,1510.0,273,6627,59,730,77,1090
30,Dorchester Avenue north of B Street,2017-10-05,Thursday,42.3386,-71.0571,Boston,away,Boston University,1169.0,485,28388,81,3522,116,3458
31,Dorchester Avenue north of Doris Street,2017-10-05,Thursday,42.3137,-71.057,Boston,away,University of Massachusetts-Boston,1467.0,274,16125,58,1593,75,1796
32,Dorchester Avenue north of Dracut Street,2017-10-05,Thursday,42.2873,-71.0639,Boston,away,University of Massachusetts-Boston,3580.0,91,10026,16,1099,18,1226
33,Dorchester Avenue south of Greenwich Street,2017-10-05,Thursday,42.3025,-71.0596,Boston,away,University of Massachusetts-Boston,2099.0,199,15844,36,1596,49,1722
36,L Street north of East Broadway,2017-10-05,Thursday,42.3361,-71.0354,Boston,away,University of Massachusetts-Boston,2496.0,130,16026,23,1856,28,2226
37,Longfellow Bridge west of Charles Street,2017-10-05,Thursday,42.3614,-71.0734,Boston,near,Hult International Business School,978.0,1212,9760,465,920,170,1708
39,Main Street south of Sullivan Square,2017-10-05,Thursday,42.384,-71.0725,Boston,campus,Cambridge College,323.0,509,19831,115,2799,105,2827
41,Massachusetts Avenue south of Columbus Avenue,2017-10-05,Thursday,42.3398,-71.0809,Boston,near,Northeastern University,650.0,966,26622,175,2864,215,3186
42,Massachusetts Avenue south of Newmarket Square,2017-10-05,Thursday,42.3261,-71.0662,Boston,away,Boston University,1117.0,324,24128,58,2789,59,3290
43,Massachusetts Avenue south of Shawmut Avenue,2017-10-05,Thursday,42.3369,-71.0775,Boston,near,Boston University,515.0,847,26543,188,2896,164,3031
45,Meridian Street south of Nay Street,2017-10-05,Thursday,42.3829,-71.0393,Boston,away,MGH Institute of Health Professions,1494.0,41,21780,2,2284,12,2912
46,Mt. Vernon Street west of Harbor Point Boulevard,2017-10-05,Thursday,42.3188,-71.0451,Boston,near,University of Massachusetts-Boston,737.0,98,11128,14,1169,16,1507
48,North Washington Street Bridge south of Chelsea Street,2017-10-05,Thursday,42.3678,-71.059,Boston,near,MGH Institute of Health Professions,892.0,182,41760,10,4925,76,5480
49,Pleasant Street north of Morrill Street,2017-10-05,Thursday,42.3165,-71.0595,Boston,away,University of Massachusetts-Boston,1700.0,116,11438,20,1540,21,1424
50,Post Office Square north of Milk Street,2017-10-05,Thursday,42.3572,-71.056,Boston,near,Suffolk University,413.0,251,5959,34,585,69,1036
51,Quincy Street west of Ceylon Street,2017-10-05,Thursday,42.3121,-71.0726,Boston,away,Boston University,2580.0,57,15531,14,1828,7,1922
52,Seaport Boulevard west of Sleeper Street,2017-10-05,Thursday,42.3537,-71.0497,Boston,away,Suffolk University,1037.0,803,23651,154,3154,203,2922
53,Seaver Street west of Humboldt Avenue,2017-10-05,Thursday,42.3103,-71.0925,Boston,away,Roxbury Community College,2118.0,34,24754,3,2972,8,3234
54,South Huntington Avenue south of Castleton Street,2017-10-05,Thursday,42.3224,-71.1121,Boston,away,Roxbury Community College,1565.0,379,11668,68,1597,78,1392
56,Summer Street east of Dorchester Avenue,2017-10-05,Thursday,42.351,-71.0519,Boston,near,Tufts University,801.0,1010,21245,205,2635,226,2747
57,Talbot Avenue west of New England Avenue,2017-10-05,Thursday,42.292,-71.0779,Boston,away,University of Massachusetts-Boston,4006.0,73,13682,7,1469,13,1984
58,Warren Street north of Walnut Avenue,2017-10-05,Thursday,42.3244,-71.0829,Boston,away,Roxbury Community College,1169.0,195,24015,29,2930,37,2935
59,Washington Street East of Beethoven Street,2017-10-05,Thursday,42.3154,-71.0987,Boston,away,Roxbury Community College,1559.0,103,15470,12,1691,19,1697
60,Washington Street north of Bexley Road,2017-10-05,Thursday,42.2883,-71.1261,Boston,away,Roxbury Community College,5200.0,330,16110,66,1785,63,2189
61,Washington Street north of Kenwood Street,2017-10-05,Thursday,42.2918,-71.0717,Boston,away,University of Massachusetts-Boston,3627.0,140,14865,5,1740,17,1646
62,Washington Street south of Hayward Place,2017-10-05,Thursday,42.3528,-71.0626,Boston,campus,Emerson College,239.0,667,5540,211,671,99,636
63,Washington Street south of Herald Street,2017-10-05,Thursday,42.3462,-71.0647,Boston,near,Tufts University,479.0,429,8373,100,1209,72,1014
64,Weld Street west of Centre Street,2017-10-05,Thursday,42.2943,-71.1365,Boston,away,Roxbury Community College,5146.0,38,3459,5,419,8,558
8,Blue Hill Avenue north of Rexford Street,2017-10-05,Thursday,42.2714,-71.0937,Boston,away,Roxbury Community College,6426.0,52,30277,6,4151,12,3598
9,Blue Hill Avenue north of Seaver Street,2017-10-05,Thursday,42.3057,-71.0846,Boston,away,Roxbury Community College,2764.0,47,24684,2,3003,7,2867
1,A Street north of Iron Street,2018-06-12,Tuesday,42.3459,-71.052,Boston,near,Tufts University,894.0,895,11317,214,1602,234,1378
11,Brookline Avenue south of Francis Street,2018-06-12,Tuesday,42.3367,-71.1096,Boston,near,Harvard University,532.0,250,22312,66,2535,34,2688
13,Cambridge Street east of Lincoln Street,2018-06-12,Tuesday,42.3577,-71.1272,Boston,away,Harvard University,1022.0,285,40595,64,5053,48,4899
16,Centre Street north of Harris Avenue,2018-06-12,Tuesday,42.3113,-71.1145,Boston,away,Roxbury Community College,2534.0,582,13538,85,1599,143,1505
21,Columbia Road south of Quincy Street,2018-06-12,Tuesday,42.3107,-71.0713,Boston,away,University of Massachusetts-Boston,2669.0,71,38982,4,4503,22,4984
23,Columbus Avenue west of Holyoke Street,2018-06-12,Tuesday,42.3441,-71.0775,Boston,near,Berklee College of Music,991.0,1111,9380,244,1184,247,1303
25,Commonwealth Avenue east of Berkeley Street,2018-06-12,Tuesday,42.353,-71.0733,Boston,near,Emerson College,629.0,964,12144,285,2182,174,1780
26,Commonwealth Avenue west of Silber Way,2018-06-12,Tuesday,42.3496,-71.102,Boston,campus,Boston University,26.0,1474,14915,300,1988,315,1915
28,D Street south of Fargo Street,2018-06-12,Tuesday,42.345,-71.0436,Boston,away,Tufts University,1568.0,231,7935,46,995,56,1076
31,Dorchester Avenue north of Doris Street,2018-06-12,Tuesday,42.3137,-71.057,Boston,away,University of Massachusetts-Boston,1467.0,369,15708,59,1627,84,1729
33,Dorchester Avenue south of Greenwich Street,2018-06-12,Tuesday,42.3025,-71.0596,Boston,away,University of Massachusetts-Boston,2099.0,255,15126,39,1572,57,1699
34,Franklin Street north of Alcott Street,2018-06-12,Tuesday,42.3581,-71.1331,Boston,away,Harvard University,1335.0,830,1757,143,240,199,215
38,Longwood Avenue east of Pilgrim Road,2018-06-12,Tuesday,42.3392,-71.1078,Boston,campus,Simmons University,259.0,1335,9580,342,1297,281,1187
39,Main Street south of Sullivan Square,2018-06-12,Tuesday,42.384,-71.0725,Boston,campus,Cambridge College,323.0,578,18925,116,2701,151,2628
4,Beacon Street east of Mountfort Street,2018-06-12,Tuesday,42.3478,-71.101,Boston,campus,Boston University,212.0,966,25766,146,2769,264,3684
42,Massachusetts Avenue south of Newmarket Square,2018-06-12,Tuesday,42.3261,-71.0662,Boston,away,Boston University,1117.0,398,23997,50,2488,84,3315
44,Massachusetts Avenue north of Back Street,2018-06-12,Tuesday,42.3532,-71.0906,Boston,near,Massachusetts Institute of Technology,705.0,4256,25595,940,3451,882,3582
45,Meridian Street south of Nay Street,2018-06-12,Tuesday,42.3829,-71.0393,Boston,away,MGH Institute of Health Professions,1494.0,46,20112,2,1994,9,2766
5,Beacon Street west of Dartmouth Street,2018-06-12,Tuesday,42.3536,-71.0793,Boston,away,Berklee College of Music,1109.0,507,10278,61,1365,175,1211
52,Seaport Boulevard west of Sleeper Street,2018-06-12,Tuesday,42.3537,-71.0497,Boston,away,Suffolk University,1037.0,1085,25516,235,3237,282,3178
6,Beacon Street east of Raleigh Street,2018-06-12,Tuesday,42.3496,-71.0939,Boston,campus,Boston University,347.0,506,18592,63,2137,154,2210
60,Washington Street north of Bexley Road,2018-06-12,Tuesday,42.2883,-71.1261,Boston,away,Roxbury Community College,5200.0,363,16870,74,1895,89,2245
65,Western Avenue east of Hague Street,2018-06-12,Tuesday,42.3639,-71.1217,Boston,campus,Harvard University,200.0,724,11164,144,1625,190,1432
8,Blue Hill Avenue north of Rexford Street,2018-06-12,Tuesday,42.2714,-71.0937,Boston,away,Roxbury Community College,6426.0,43,30434,11,3935,3,3641
1,A Street north of Iron Street,2018-06-13,Wednesday,42.3459,-71.052,Boston,near,Tufts University,894.0,814,11444,208,1571,221,1446
11,Brookline Avenue south of Francis Street,2018-06-13,Wednesday,42.3367,-71.1096,Boston,near,Harvard University,532.0,234,22505,38,2408,46,3257
13,Cambridge Street east of Lincoln Street,2018-06-13,Wednesday,42.3577,-71.1272,Boston,away,Harvard University,1022.0,306,40124,57,4636,56,4872
16,Centre Street north of Harris Avenue,2018-06-13,Wednesday,42.3113,-71.1145,Boston,away,Roxbury Community College,2534.0,548,13670,91,1604,93,1525
21,Columbia Road south of Quincy Street,2018-06-13,Wednesday,42.3107,-71.0713,Boston,away,University of Massachusetts-Boston,2669.0,63,38271,8,4494,10,4741
23,Columbus Avenue west of Holyoke Street,2018-06-13,Wednesday,42.3441,-71.0775,Boston,near,Berklee College of Music,991.0,1006,9977,268,1189,213,1436
25,Commonwealth Avenue east of Berkeley Street,2018-06-13,Wednesday,42.353,-71.0733,Boston,near,Emerson College,629.0,844,11760,243,1651,166,1724
26,Commonwealth Avenue west of Silber Way,2018-06-13,Wednesday,42.3496,-71.102,Boston,campus,Boston University,26.0,1243,14654,253,1780,273,2030
28,D Street south of Fargo Street,2018-06-13,Wednesday,42.345,-71.0436,Boston,away,Tufts University,1568.0,178,8032,44,1031,32,1072
31,Dorchester Avenue north of Doris Street,2018-06-13,Wednesday,42.3137,-71.057,Boston,away,University of Massachusetts-Boston,1467.0,308,15748,62,1585,72,1691
33,Dorchester Avenue south of Greenwich Street,2018-06-13,Wednesday,42.3025,-71.0596,Boston,away,University of Massachusetts-Boston,2099.0,236,15368,44,1723,49,1592
34,Franklin Street north of Alcott Street,2018-06-13,Wednesday,42.3581,-71.1331,Boston,away,Harvard University,1335.0,822,4855,134,710,178,931
38,Longwood Avenue east of Pilgrim Road,2018-06-13,Wednesday,42.3392,-71.1078,Boston,campus,Simmons University,259.0,1312,9338,337,1204,291,1157
39,Main Street south of Sullivan Square,2018-06-13,Wednesday,42.384,-71.0725,Boston,campus,Cambridge College,323.0,491,19062,109,2631,135,2732
4,Beacon Street east of Mountfort Street,2018-06-13,Wednesday,42.3478,-71.101,Boston,campus,Boston University,212.0,942,26434,255,3232,217,3712
42,Massachusetts Avenue south of Newmarket Square,2018-06-13,Wednesday,42.3261,-71.0662,Boston,away,Boston University,1117.0,343,24190,56,2558,63,3400
44,Massachusetts Avenue north of Back Street,2018-06-13,Wednesday,42.3532,-71.0906,Boston,near,Massachusetts Institute of Technology,705.0,3894,26154,864,3248,929,3785
45,Meridian Street south of Nay Street,2018-06-13,Wednesday,42.3829,-71.0393,Boston,away,MGH Institute of Health Professions,1494.0,48,20692,7,2425,7,2889
5,Beacon Street west of Dartmouth Street,2018-06-13,Wednesday,42.3536,-71.0793,Boston,away,Berklee College of Music,1109.0,488,10599,56,1362,154,1250
52,Seaport Boulevard west of Sleeper Street,2018-06-13,Wednesday,42.3537,-71.0497,Boston,away,Suffolk University,1037.0,795,24987,216,3339,167,2946
6,Beacon Street east of Raleigh Street,2018-06-13,Wednesday,42.3496,-71.0939,Boston,campus,Boston University,347.0,420,18668,47,2216,127,2191
60,Washington Street north of Bexley Road,2018-06-13,Wednesday,42.2883,-71.1261,Boston,away,Roxbury Community College,5200.0,298,16955,60,1839,75,2158
65,Western Avenue east of Hague Street,2018-06-13,Wednesday,42.3639,-71.1217,Boston,campus,Harvard University,200.0,674,11767,134,1620,166,1572
8,Blue Hill Avenue north of Rexford Street,2018-06-13,Wednesday,42.2714,-71.0937,Boston,away,Roxbury Community College,6426.0,37,30407,3,3988,8,3590
1,A Street north of Iron Street,2018-09-27,Thursday,42.3459,-71.052,Boston,near,Tufts University,894.0,750,12474,153,1727,203,1583
10,Brighton Avenue east of St. Lukes Road,2018-09-27,Thursday,42.3523,-71.126,Boston,away,Boston University,1343.0,1173,16842,219,1576,255,2284
11,Brookline Avenue south of Francis Street,2018-09-27,Thursday,42.3367,-71.1096,Boston,near,Harvard University,532.0,290,23021,74,2381,42,3235
12,BU Bridge north of Commonwealth Avenue,2018-09-27,Thursday,42.3523,-71.1107,Boston,campus,Boston University,148.0,2517,29661,577,4157,610,3831
13,Cambridge Street east of Lincoln Street,2018-09-27,Thursday,42.3577,-71.1272,Boston,away,Harvard University,1022.0,309,41204,44,4661,66,4806
14,Cambridge Street west of Eleanor Street,2018-09-27,Thursday,42.3513,-71.1445,Boston,away,Harvard University,2539.0,643,15420,135,1646,137,1913
16,Centre Street north of Harris Avenue,2018-09-27,Thursday,42.3113,-71.1145,Boston,away,Roxbury Community College,2534.0,450,13938,61,1685,84,1595
17,Centre Street west of Wise Street,2018-09-27,Thursday,42.3229,-71.1015,Boston,near,Roxbury Community College,860.0,470,14529,100,1628,115,1839
18,Charles River Dam Bridge west of Leverett Circle,2018-09-27,Thursday,42.3671,-71.0689,Boston,campus,Hult International Business School,349.0,638,43640,133,5329,154,5032
2,Adams Street south of Washington Street,2018-09-27,Thursday,42.272,-71.068,Boston,away,University of Massachusetts-Boston,5216.0,26,23536,6,3338,4,2455
20,Chestnut Hill Avenue north of Embassy Road,2018-09-27,Thursday,42.3417,-71.1544,Boston,away,Boston College,1367.0,155,13943,34,1726,34,1913
21,Columbia Road south of Quincy Street,2018-09-27,Thursday,42.3107,-71.0713,Boston,away,University of Massachusetts-Boston,2669.0,81,31695,14,3536,14,3934
22,Columbus Avenue west of Arlington Street,2018-09-27,Thursday,42.3494,-71.0709,Boston,near,Emerson College,528.0,719,8798,197,991,169,1375
23,Columbus Avenue west of Holyoke Street,2018-09-27,Thursday,42.3441,-71.0775,Boston,near,Berklee College of Music,991.0,1032,10369,259,1297,246,1335
24,Columbus Avenue west of Massachusetts Avenue,2018-09-27,Thursday,42.3404,-71.082,Boston,near,Northeastern University,561.0,1660,11578,397,1416,366,1477
25,Commonwealth Avenue east of Berkeley Street,2018-09-27,Thursday,42.353,-71.0733,Boston,near,Emerson College,629.0,806,12150,213,1791,155,1924
26,Commonwealth Avenue west of Silber Way,2018-09-27,Thursday,42.3496,-71.102,Boston,campus,Boston University,26.0,1814,16978,311,1915,323,2256
27,Congress Street south of Milk Street,2018-09-27,Thursday,42.3564,-71.0562,Boston,near,Suffolk University,425.0,389,14224,106,1730,66,1730
28,D Street south of Fargo Street,2018-09-27,Thursday,42.345,-71.0436,Boston,away,Tufts University,1568.0,199,8319,37,1108,41,1116
29,D Street south of West Broadway,2018-09-27,Thursday,42.3386,-71.0511,Boston,away,Tufts University,1510.0,275,6941,51,817,76,1045
30,Dorchester Avenue north of B Street,2018-09-27,Thursday,42.3386,-71.0571,Boston,away,Boston University,1169.0,379,28230,77,3493,92,3504
31,Dorchester Avenue north of Doris Street,2018-09-27,Thursday,42.3137,-71.057,Boston,away,University of Massachusetts-Boston,1467.0,275,15232,47,1490,64,1689
32,Dorchester Avenue north of Dracut Street,2018-09-27,Thursday,42.2873,-71.0639,Boston,away,University of Massachusetts-Boston,3580.0,109,8918,19,1005,26,1026
33,Dorchester Avenue south of Greenwich Street,2018-09-27,Thursday,42.3025,-71.0596,Boston,away,University of Massachusetts-Boston,2099.0,296,14898,44,1290,68,1664
34,Franklin Street north of Alcott Street,2018-09-27,Thursday,42.3581,-71.1331,Boston,away,Harvard University,1335.0,925,1690,151,210,194,266
35,Harvard Avenue north of Commonwealth Avenue,2018-09-27,Thursday,42.3506,-71.1311,Boston,away,Boston University,1758.0,825,14397,114,1433,161,1828
36,L Street north of East Broadway,2018-09-27,Thursday,42.3361,-71.0354,Boston,away,University of Massachusetts-Boston,2496.0,112,16116,26,1909,27,2014
37,Longfellow Bridge west of Charles Street,2018-09-27,Thursday,42.3614,-71.0734,Boston,near,Hult International Business School,978.0,1109,6065,137,920,437,642
38,Longwood Avenue east of Pilgrim Road,2018-09-27,Thursday,42.3392,-71.1078,Boston,campus,Simmons University,259.0,1497,9400,358,1218,329,1190
39,Main Street south of Sullivan Square,2018-09-27,Thursday,42.384,-71.0725,Boston,campus,Cambridge College,323.0,484,19009,124,2635,131,2648
4,Beacon Street east of Mountfort Street,2018-09-27,Thursday,42.3478,-71.101,Boston,campus,Boston University,212.0,791,26348,223,3131,182,3602
40,Market Street south of North Beacon Street,2018-09-27,Thursday,42.3558,-71.1493,Boston,away,Harvard University,2627.0,231,19728,42,2392,54,2732
41,Massachusetts Avenue south of Columbus Avenue,2018-09-27,Thursday,42.3398,-71.0809,Boston,near,Northeastern University,650.0,1000,24651,186,2333,230,3088
42,Massachusetts Avenue south of Newmarket Square,2018-09-27,Thursday,42.3261,-71.0662,Boston,away,Boston University,1117.0,391,24492,57,2620,73,3181
43,Massachusetts Avenue south of Shawmut Avenue,2018-09-27,Thursday,42.3369,-71.0775,Boston,near,Boston University,515.0,838,25968,157,2618,174,3137
44,Massachusetts Avenue north of Back Street,2018-09-27,Thursday,42.3532,-71.0906,Boston,near,Massachusetts Institute of Technology,705.0,4246,29764,875,3646,941,3773
45,Meridian Street south of Nay Street,2018-09-27,Thursday,42.3829,-71.0393,Boston,away,MGH Institute of Health Professions,1494.0,36,20237,4,2066,5,2665
46,Mt. Vernon Street west of Harbor Point Boulevard,2018-09-27,Thursday,42.3188,-71.0451,Boston,near,University of Massachusetts-Boston,737.0,106,11638,14,1209,20,1739
47,North Harvard Street south of Soldiers Field Road,2018-09-27,Thursday,42.3677,-71.1243,Boston,near,Harvard University,445.0,1524,12130,247,1566,320,1679
48,North Washington Street Bridge south of Chelsea Street,2018-09-27,Thursday,42.3678,-71.059,Boston,near,MGH Institute of Health Professions,892.0,227,43070,22,4842,71,5314
49,Pleasant Street north of Morrill Street,2018-09-27,Thursday,42.3165,-71.0595,Boston,away,University of Massachusetts-Boston,1700.0,135,11108,21,1431,27,1341
50,Post Office Square north of Milk Street,2018-09-27,Thursday,42.3572,-71.056,Boston,near,Suffolk University,413.0,226,6252,27,672,59,1127
51,Quincy Street west of Ceylon Street,2018-09-27,Thursday,42.3121,-71.0726,Boston,away,Boston University,2580.0,55,13353,10,1412,4,1857
52,Seaport Boulevard west of Sleeper Street,2018-09-27,Thursday,42.3537,-71.0497,Boston,away,Suffolk University,1037.0,1000,26245,172,3420,294,3075
53,Seaver Street west of Humboldt Avenue,2018-09-27,Thursday,42.3103,-71.0925,Boston,away,Roxbury Community College,2118.0,24,23165,3,2740,4,3028
54,South Huntington Avenue south of Castleton Street,2018-09-27,Thursday,42.3224,-71.1121,Boston,away,Roxbury Community College,1565.0,349,10863,62,1429,57,1418
55,Southwest Corridor Bicycle Path south of Heath Street,2018-09-27,Thursday,42.3238,-71.0996,Boston,near,Roxbury Community College,692.0,2072,,506,,481,
56,Summer Street east of Dorchester Avenue,2018-09-27,Thursday,42.351,-71.0519,Boston,near,Tufts University,801.0,838,22503,195,2862,209,2947
57,Talbot Avenue west of New England Avenue,2018-09-27,Thursday,42.292,-71.0779,Boston,away,University of Massachusetts-Boston,4006.0,56,12483,3,1415,15,1787
58,Warren Street north of Walnut Avenue,2018-09-27,Thursday,42.3244,-71.0829,Boston,away,Roxbury Community College,1169.0,182,24988,27,3088,29,3190
59,Washington Street East of Beethoven Street,2018-09-27,Thursday,42.3154,-71.0987,Boston,away,Roxbury Community College,1559.0,98,14809,13,1581,17,1683
6,Beacon Street east of Raleigh Street,2018-09-27,Thursday,42.3496,-71.0939,Boston,campus,Boston University,347.0,524,18595,71,2108,125,2216
60,Washington Street north of Bexley Road,2018-09-27,Thursday,42.2883,-71.1261,Boston,away,Roxbury Community College,5200.0,342,16301,66,1818,92,2253
61,Washington Street north of Kenwood Street,2018-09-27,Thursday,42.2918,-71.0717,Boston,away,University of Massachusetts-Boston,3627.0,104,16427,14,1910,9,1968
62,Washington Street south of Hayward Place,2018-09-27,Thursday,42.3528,-71.0626,Boston,campus,Emerson College,239.0,554,5946,189,648,63,826
63,Washington Street south of Herald Street,2018-09-27,Thursday,42.3462,-71.0647,Boston,near,Tufts University,479.0,398,8193,121,1237,74,1132
64,Weld Street west of Centre Street,2018-09-27,Thursday,42.2943,-71.1365,Boston,away,Roxbury Community College,5146.0,33,3156,1,387,7,516
65,Western Avenue east of Hague Street,2018-09-27,Thursday,42.3639,-71.1217,Boston,campus,Harvard University,200.0,708,11622,144,1599,175,1462
66,Western Avenue west of Waverly Street,2018-09-27,Thursday,42.3622,-71.1419,Boston,away,Harvard University,1831.0,365,13188,77,1736,94,2123
8,Blue Hill Avenue north of Rexford Street,2018-09-27,Thursday,42.2714,-71.0937,Boston,away,Roxbury Community College,6426.0,31,29883,2,3764,7,3472
9,Blue Hill Avenue north of Seaver Street,2018-09-27,Thursday,42.3057,-71.0846,Boston,away,Roxbury Community College,2764.0,37,24407,6,2813,6,2790
1,A Street north of Iron Street,2018-09-28,Friday,42.3459,-71.052,Boston,near,Tufts University,894.0,257,12646,26,1758,63,1432
10,Brighton Avenue east of St. Lukes Road,2018-09-28,Friday,42.3523,-71.126,Boston,away,Boston University,1343.0,619,18078,78,1591,130,2437
11,Brookline Avenue south of Francis Street,2018-09-28,Friday,42.3367,-71.1096,Boston,near,Harvard University,532.0,109,22970,14,2458,21,3130
12,BU Bridge north of Commonwealth Avenue,2018-09-28,Friday,42.3523,-71.1107,Boston,campus,Boston University,148.0,1224,32379,214,4046,276,4105
13,Cambridge Street east of Lincoln Street,2018-09-28,Friday,42.3577,-71.1272,Boston,away,Harvard University,1022.0,176,43176,26,4672,28,5203
14,Cambridge Street west of Eleanor Street,2018-09-28,Friday,42.3513,-71.1445,Boston,away,Harvard University,2539.0,319,16214,45,1660,70,1907
16,Centre Street north of Harris Avenue,2018-09-28,Friday,42.3113,-71.1145,Boston,away,Roxbury Community College,2534.0,271,14034,23,1592,66,1647
17,Centre Street west of Wise Street,2018-09-28,Friday,42.3229,-71.1015,Boston,near,Roxbury Community College,860.0,188,15217,23,1603,33,2028
18,Charles River Dam Bridge west of Leverett Circle,2018-09-28,Friday,42.3671,-71.0689,Boston,campus,Hult International Business School,349.0,275,43403,21,4948,93,5063
2,Adams Street south of Washington Street,2018-09-28,Friday,42.272,-71.068,Boston,away,University of Massachusetts-Boston,5216.0,20,20895,0,2709,6,2792
20,Chestnut Hill Avenue north of Embassy Road,2018-09-28,Friday,42.3417,-71.1544,Boston,away,Boston College,1367.0,88,14740,12,1763,20,1903
21,Columbia Road south of Quincy Street,2018-09-28,Friday,42.3107,-71.0713,Boston,away,University of Massachusetts-Boston,2669.0,47,32381,2,3403,7,4027
22,Columbus Avenue west of Arlington Street,2018-09-28,Friday,42.3494,-71.0709,Boston,near,Emerson College,528.0,273,9535,49,1327,78,1083
23,Columbus Avenue west of Holyoke Street,2018-09-28,Friday,42.3441,-71.0775,Boston,near,Berklee College of Music,991.0,403,11594,52,1371,105,1508
24,Columbus Avenue west of Massachusetts Avenue,2018-09-28,Friday,42.3404,-71.082,Boston,near,Northeastern University,561.0,620,12146,81,1375,157,1525
25,Commonwealth Avenue east of Berkeley Street,2018-09-28,Friday,42.353,-71.0733,Boston,near,Emerson College,629.0,352,13080,61,1608,68,1902
26,Commonwealth Avenue west of Silber Way,2018-09-28,Friday,42.3496,-71.102,Boston,campus,Boston University,26.0,937,18487,96,1936,172,2366
27,Congress Street south of Milk Street,2018-09-28,Friday,42.3564,-71.0562,Boston,near,Suffolk University,425.0,180,14215,38,1777,25,1655
28,D Street south of Fargo Street,2018-09-28,Friday,42.345,-71.0436,Boston,away,Tufts University,1568.0,80,8622,12,1112,15,853
29,D Street south of West Broadway,2018-09-28,Friday,42.3386,-71.0511,Boston,away,Tufts University,1510.0,96,7343,11,908,26,1061
30,Dorchester Avenue north of B Street,2018-09-28,Friday,42.3386,-71.0571,Boston,away,Boston University,1169.0,161,28663,10,3452,35,2962
31,Dorchester Avenue north of Doris Street,2018-09-28,Friday,42.3137,-71.057,Boston,away,University of Massachusetts-Boston,1467.0,133,15931,7,1567,20,1740
32,Dorchester Avenue north of Dracut Street,2018-09-28,Friday,42.2873,-71.0639,Boston,away,University of Massachusetts-Boston,3580.0,55,9586,2,1088,13,1159
33,Dorchester Avenue south of Greenwich Street,2018-09-28,Friday,42.3025,-71.0596,Boston,away,University of Massachusetts-Boston,2099.0,138,15598,14,1655,26,1661
34,Franklin Street north of Alcott Street,2018-09-28,Friday,42.3581,-71.1331,Boston,away,Harvard University,1335.0,505,1868,63,258,117,241
35,Harvard Avenue north of Commonwealth Avenue,2018-09-28,Friday,42.3506,-71.1311,Boston,away,Boston University,1758.0,511,15583,39,1608,120,1911
36,L Street north of East Broadway,2018-09-28,Friday,42.3361,-71.0354,Boston,away,University of Massachusetts-Boston,2496.0,39,16978,4,1971,9,1970
37,Longfellow Bridge west of Charles Street,2018-09-28,Friday,42.3614,-71.0734,Boston,near,Hult International Business School,978.0,431,6744,31,856,160,789
38,Longwood Avenue east of Pilgrim Road,2018-09-28,Friday,42.3392,-71.1078,Boston,campus,Simmons University,259.0,670,9018,132,1340,161,1280
39,Main Street south of Sullivan Square,2018-09-28,Friday,42.384,-71.0725,Boston,campus,Cambridge College,323.0,194,18520,30,2445,47,2603
4,Beacon Street east of Mountfort Street,2018-09-28,Friday,42.3478,-71.101,Boston,campus,Boston University,212.0,299,28597,61,3094,60,3667
40,Market Street south of North Beacon Street,2018-09-28,Friday,42.3558,-71.1493,Boston,away,Harvard University,2627.0,114,20558,15,2424,25,2738
41,Massachusetts Avenue south of Columbus Avenue,2018-09-28,Friday,42.3398,-71.0809,Boston,near,Northeastern University,650.0,536,26347,57,2458,103,3180
42,Massachusetts Avenue south of Newmarket Square,2018-09-28,Friday,42.3261,-71.0662,Boston,away,Boston University,1117.0,179,26140,18,2660,28,3200
43,Massachusetts Avenue south of Shawmut Avenue,2018-09-28,Friday,42.3369,-71.0775,Boston,near,Boston University,515.0,465,27242,44,2695,92,3257
44,Massachusetts Avenue north of Back Street,2018-09-28,Friday,42.3532,-71.0906,Boston,near,Massachusetts Institute of Technology,705.0,2057,31442,270,3650,510,3643
45,Meridian Street south of Nay Street,2018-09-28,Friday,42.3829,-71.0393,Boston,away,MGH Institute of Health Professions,1494.0,29,20457,0,2291,3,2586
46,Mt. Vernon Street west of Harbor Point Boulevard,2018-09-28,Friday,42.3188,-71.0451,Boston,near,University of Massachusetts-Boston,737.0,44,11806,4,1214,5,1420
47,North Harvard Street south of Soldiers Field Road,2018-09-28,Friday,42.3677,-71.1243,Boston,near,Harvard University,445.0,857,12819,97,1552,192,1663
49,Pleasant Street north of Morrill Street,2018-09-28,Friday,42.3165,-71.0595,Boston,away,University of Massachusetts-Boston,1700.0,49,12249,6,1446,11,1497
50,Post Office Square north of Milk Street,2018-09-28,Friday,42.3572,-71.056,Boston,near,Suffolk University,413.0,113,6649,9,701,30,1112
51,Quincy Street west of Ceylon Street,2018-09-28,Friday,42.3121,-71.0726,Boston,away,Boston University,2580.0,35,14893,3,1534,3,1906
52,Seaport Boulevard west of Sleeper Street,2018-09-28,Friday,42.3537,-71.0497,Boston,away,Suffolk University,1037.0,465,26764,56,3399,112,2823
53,Seaver Street west of Humboldt Avenue,2018-09-28,Friday,42.3103,-71.0925,Boston,away,Roxbury Community College,2118.0,10,23702,1,2706,2,3017
54,South Huntington Avenue south of Castleton Street,2018-09-28,Friday,42.3224,-71.1121,Boston,away,Roxbury Community College,1565.0,168,10698,16,1409,37,1244
55,Southwest Corridor Bicycle Path south of Heath Street,2018-09-28,Friday,42.3238,-71.0996,Boston,near,Roxbury Community College,692.0,727,,103,,176,
56,Summer Street east of Dorchester Avenue,2018-09-28,Friday,42.351,-71.0519,Boston,near,Tufts University,801.0,311,23471,44,3058,64,2709
57,Talbot Avenue west of New England Avenue,2018-09-28,Friday,42.292,-71.0779,Boston,away,University of Massachusetts-Boston,4006.0,32,13128,2,1357,3,1875
58,Warren Street north of Walnut Avenue,2018-09-28,Friday,42.3244,-71.0829,Boston,away,Roxbury Community College,1169.0,94,24059,12,2710,10,3002
59,Washington Street East of Beethoven Street,2018-09-28,Friday,42.3154,-71.0987,Boston,away,Roxbury Community College,1559.0,38,15372,3,1591,8,1610
6,Beacon Street east of Raleigh Street,2018-09-28,Friday,42.3496,-71.0939,Boston,campus,Boston University,347.0,282,19326,19,2027,78,2242
60,Washington Street north of Bexley Road,2018-09-28,Friday,42.2883,-71.1261,Boston,away,Roxbury Community College,5200.0,132,16720,22,1854,28,2254
61,Washington Street north of Kenwood Street,2018-09-28,Friday,42.2918,-71.0717,Boston,away,University of Massachusetts-Boston,3627.0,51,17577,4,1853,8,2100
62,Washington Street south of Hayward Place,2018-09-28,Friday,42.3528,-71.0626,Boston,campus,Emerson College,239.0,226,6472,31,659,47,753
63,Washington Street south of Herald Street,2018-09-28,Friday,42.3462,-71.0647,Boston,near,Tufts University,479.0,196,8789,24,1347,39,1086
64,Weld Street west of Centre Street,2018-09-28,Friday,42.2943,-71.1365,Boston,away,Roxbury Community College,5146.0,12,3116,0,374,3,461
65,Western Avenue east of Hague Street,2018-09-28,Friday,42.3639,-71.1217,Boston,campus,Harvard University,200.0,336,11875,58,1427,73,1527
66,Western Avenue west of Waverly Street,2018-09-28,Friday,42.3622,-71.1419,Boston,away,Harvard University,1831.0,161,12965,31,1544,36,1929
8,Blue Hill Avenue north of Rexford Street,2018-09-28,Friday,42.2714,-71.0937,Boston,away,Roxbury Community College,6426.0,15,30565,0,3692,1,3663
9,Blue Hill Avenue north of Seaver Street,2018-09-28,Friday,42.3057,-71.0846,Boston,away,Roxbury Community College,2764.0,26,25519,2,2946,1,2950
76,Cummins Highway east of Rugby Road,2018-10-24,Wednesday,42.2709,-71.1027,Boston,away,Roxbury Community College,6507.0,48,17730,3,1896,6,2672
76,Cummins Highway east of Rugby Road,2018-10-25,Thursday,42.2709,-71.1027,Boston,away,Roxbury Community College,6507.0,60,18412,5,1913,8,2764
1,A Street north of Iron Street,2019-06-04,Tuesday,42.3459,-71.052,Boston,near,Tufts University,894.0,854,11250,146,1688,239,1324
11,Brookline Avenue south of Francis Street,2019-06-04,Tuesday,42.3367,-71.1096,Boston,near,Harvard University,532.0,243,22054,37,2442,50,3010
13,Cambridge Street east of Lincoln Street,2019-06-04,Tuesday,42.3577,-71.1272,Boston,away,Harvard University,1022.0,315,41092,59,4941,69,5141
16,Centre Street north of Harris Avenue,2019-06-04,Tuesday,42.3113,-71.1145,Boston,away,Roxbury Community College,2534.0,522,13675,71,1603,89,1609
21,Columbia Road south of Quincy Street,2019-06-04,Tuesday,42.3107,-71.0713,Boston,away,University of Massachusetts-Boston,2669.0,87,37270,8,4420,18,4823
23,Columbus Avenue west of Holyoke Street,2019-06-04,Tuesday,42.3441,-71.0775,Boston,near,Berklee College of Music,991.0,1047,9501,219,1066,271,1308
25,Commonwealth Avenue east of Berkeley Street,2019-06-04,Tuesday,42.353,-71.0733,Boston,near,Emerson College,629.0,891,11730,246,1578,173,1777
26,Commonwealth Avenue west of Silber Way,2019-06-04,Tuesday,42.3496,-71.102,Boston,campus,Boston University,26.0,1396,12982,293,1777,287,1750
28,D Street south of Fargo Street,2019-06-04,Tuesday,42.345,-71.0436,Boston,away,Tufts University,1568.0,233,7571,34,1146,68,1035
31,Dorchester Avenue north of Doris Street,2019-06-04,Tuesday,42.3137,-71.057,Boston,away,University of Massachusetts-Boston,1467.0,297,15174,57,1484,54,1671
33,Dorchester Avenue south of Greenwich Street,2019-06-04,Tuesday,42.3025,-71.0596,Boston,away,University of Massachusetts-Boston,2099.0,216,14959,37,1492,42,1671
34,Franklin Street north of Alcott Street,2019-06-04,Tuesday,42.3581,-71.1331,Boston,away,Harvard University,1335.0,828,1714,142,214,189,237
38,Longwood Avenue east of Pilgrim Road,2019-06-04,Tuesday,42.3392,-71.1078,Boston,campus,Simmons University,259.0,1380,9458,306,1178,266,1201
39,Main Street south of Sullivan Square,2019-06-04,Tuesday,42.384,-71.0725,Boston,campus,Cambridge College,323.0,449,18083,131,2776,83,2126
4,Beacon Street east of Mountfort Street,2019-06-04,Tuesday,42.3478,-71.101,Boston,campus,Boston University,212.0,953,25502,196,3162,275,3424
42,Massachusetts Avenue south of Newmarket Square,2019-06-04,Tuesday,42.3261,-71.0662,Boston,away,Boston University,1117.0,341,25238,45,2735,76,3383
44,Massachusetts Avenue north of Back Street,2019-06-04,Tuesday,42.3532,-71.0906,Boston,near,Massachusetts Institute of Technology,705.0,4079,24191,828,3014,994,3665
45,Meridian Street south of Nay Street,2019-06-04,Tuesday,42.3829,-71.0393,Boston,away,MGH Institute of Health Professions,1494.0,44,20105,5,2218,9,2805
5,Beacon Street west of Dartmouth Street,2019-06-04,Tuesday,42.3536,-71.0793,Boston,away,Berklee College of Music,1109.0,514,9671,58,1286,171,1098
52,Seaport Boulevard west of Sleeper Street,2019-06-04,Tuesday,42.3537,-71.0497,Boston,away,Suffolk University,1037.0,1162,23581,238,3272,324,2580
6,Beacon Street east of Raleigh Street,2019-06-04,Tuesday,42.3496,-71.0939,Boston,campus,Boston University,347.0,487,17945,48,2172,172,2159
60,Washington Street north of Bexley Road,2019-06-04,Tuesday,42.2883,-71.1261,Boston,away,Roxbury Community College,5200.0,406,17086,70,1979,84,2273
65,Western Avenue east of Hague Street,2019-06-04,Tuesday,42.3639,-71.1217,Boston,campus,Harvard University,200.0,597,10869,124,1457,155,1547
8,Blue Hill Avenue north of Rexford Street,2019-06-04,Tuesday,42.2714,-71.0937,Boston,away,Roxbury Community College,6426.0,54,29421,5,3753,3,3485
1,A Street north of Iron Street,2019-06-05,Wednesday,42.3459,-71.052,Boston,near,Tufts University,894.0,890,11988,200,1746,217,1531
11,Brookline Avenue south of Francis Street,2019-06-05,Wednesday,42.3367,-71.1096,Boston,near,Harvard University,532.0,280,22467,47,2374,50,3081
13,Cambridge Street east of Lincoln Street,2019-06-05,Wednesday,42.3577,-71.1272,Boston,away,Harvard University,1022.0,351,42187,62,5057,53,5014
16,Centre Street north of Harris Avenue,2019-06-05,Wednesday,42.3113,-71.1145,Boston,away,Roxbury Community College,2534.0,547,13782,76,1585,117,1547
21,Columbia Road south of Quincy Street,2019-06-05,Wednesday,42.3107,-71.0713,Boston,away,University of Massachusetts-Boston,2669.0,96,37669,11,4169,18,4863
23,Columbus Avenue west of Holyoke Street,2019-06-05,Wednesday,42.3441,-71.0775,Boston,near,Berklee College of Music,991.0,1068,9492,246,1113,275,1303
25,Commonwealth Avenue east of Berkeley Street,2019-06-05,Wednesday,42.353,-71.0733,Boston,near,Emerson College,629.0,940,11863,249,1564,174,1926
26,Commonwealth Avenue west of Silber Way,2019-06-05,Wednesday,42.3496,-71.102,Boston,campus,Boston University,26.0,1385,13361,256,1630,287,1863
28,D Street south of Fargo Street,2019-06-05,Wednesday,42.345,-71.0436,Boston,away,Tufts University,1568.0,209,8612,36,1161,41,1331
31,Dorchester Avenue north of Doris Street,2019-06-05,Wednesday,42.3137,-71.057,Boston,away,University of Massachusetts-Boston,1467.0,323,15486,46,1602,63,1623
33,Dorchester Avenue south of Greenwich Street,2019-06-05,Wednesday,42.3025,-71.0596,Boston,away,University of Massachusetts-Boston,2099.0,234,15263,34,1639,57,1634
34,Franklin Street north of Alcott Street,2019-06-05,Wednesday,42.3581,-71.1331,Boston,away,Harvard University,1335.0,767,1636,137,189,150,246
38,Longwood Avenue east of Pilgrim Road,2019-06-05,Wednesday,42.3392,-71.1078,Boston,campus,Simmons University,259.0,1325,9607,303,1259,280,1137
39,Main Street south of Sullivan Square,2019-06-05,Wednesday,42.384,-71.0725,Boston,campus,Cambridge College,323.0,357,18859,133,2696,45,2398
4,Beacon Street east of Mountfort Street,2019-06-05,Wednesday,42.3478,-71.101,Boston,campus,Boston University,212.0,938,26120,218,3150,241,3546
42,Massachusetts Avenue south of Newmarket Square,2019-06-05,Wednesday,42.3261,-71.0662,Boston,away,Boston University,1117.0,310,25347,45,2657,68,3233
44,Massachusetts Avenue north of Back Street,2019-06-05,Wednesday,42.3532,-71.0906,Boston,near,Massachusetts Institute of Technology,705.0,4070,25430,832,3047,990,3839
45,Meridian Street south of Nay Street,2019-06-05,Wednesday,42.3829,-71.0393,Boston,away,MGH Institute of Health Professions,1494.0,49,20195,2,2249,7,2702
5,Beacon Street west of Dartmouth Street,2019-06-05,Wednesday,42.3536,-71.0793,Boston,away,Berklee College of Music,1109.0,492,10061,51,1270,194,1103
52,Seaport Boulevard west of Sleeper Street,2019-06-05,Wednesday,42.3537,-71.0497,Boston,away,Suffolk University,1037.0,1186,25237,250,3468,358,2629
6,Beacon Street east of Raleigh Street,2019-06-05,Wednesday,42.3496,-71.0939,Boston,campus,Boston University,347.0,474,18425,49,2071,170,2256
60,Washington Street north of Bexley Road,2019-06-05,Wednesday,42.2883,-71.1261,Boston,away,Roxbury Community College,5200.0,423,17117,79,1978,105,2292
65,Western Avenue east of Hague Street,2019-06-05,Wednesday,42.3639,-71.1217,Boston,campus,Harvard University,200.0,581,11060,116,1459,156,1639
8,Blue Hill Avenue north of Rexford Street,2019-06-05,Wednesday,42.2714,-71.0937,Boston,away,Roxbury Community College,6426.0,40,28965,4,3504,2,3382
1,A Street north of Iron Street,2019-06-06,Thursday,42.3459,-71.052,Boston,near,Tufts University,894.0,690,12677,148,1789,177,1548
11,Brookline Avenue south of Francis Street,2019-06-06,Thursday,42.3367,-71.1096,Boston,near,Harvard University,532.0,291,23071,67,2482,62,3022
13,Cambridge Street east of Lincoln Street,2019-06-06,Thursday,42.3577,-71.1272,Boston,away,Harvard University,1022.0,264,42556,51,5270,30,4865
16,Centre Street north of Harris Avenue,2019-06-06,Thursday,42.3113,-71.1145,Boston,away,Roxbury Community College,2534.0,526,13567,51,1608,109,1478
23,Columbus Avenue west of Holyoke Street,2019-06-06,Thursday,42.3441,-71.0775,Boston,near,Berklee College of Music,991.0,867,10047,214,1155,224,1370
25,Commonwealth Avenue east of Berkeley Street,2019-06-06,Thursday,42.353,-71.0733,Boston,near,Emerson College,629.0,743,12104,189,1547,154,1866
26,Commonwealth Avenue west of Silber Way,2019-06-06,Thursday,42.3496,-71.102,Boston,campus,Boston University,26.0,1152,13232,192,1569,228,2040
28,D Street south of Fargo Street,2019-06-06,Thursday,42.345,-71.0436,Boston,away,Tufts University,1568.0,171,9383,31,1319,48,1306
31,Dorchester Avenue north of Doris Street,2019-06-06,Thursday,42.3137,-71.057,Boston,away,University of Massachusetts-Boston,1467.0,226,15411,33,1556,47,1625
33,Dorchester Avenue south of Greenwich Street,2019-06-06,Thursday,42.3025,-71.0596,Boston,away,University of Massachusetts-Boston,2099.0,195,15105,28,1515,29,1655
34,Franklin Street north of Alcott Street,2019-06-06,Thursday,42.3581,-71.1331,Boston,away,Harvard University,1335.0,791,2380,116,693,200,271
38,Longwood Avenue east of Pilgrim Road,2019-06-06,Thursday,42.3392,-71.1078,Boston,campus,Simmons University,259.0,1165,9968,274,1187,265,1192
39,Main Street south of Sullivan Square,2019-06-06,Thursday,42.384,-71.0725,Boston,campus,Cambridge College,323.0,308,19139,117,2408,40,2616
4,Beacon Street east of Mountfort Street,2019-06-06,Thursday,42.3478,-71.101,Boston,campus,Boston University,212.0,749,27186,161,3250,199,3574
42,Massachusetts Avenue south of Newmarket Square,2019-06-06,Thursday,42.3261,-71.0662,Boston,away,Boston University,1117.0,281,25741,30,2686,67,3462
44,Massachusetts Avenue north of Back Street,2019-06-06,Thursday,42.3532,-71.0906,Boston,near,Massachusetts Institute of Technology,705.0,3385,27359,644,3055,771,3881
45,Meridian Street south of Nay Street,2019-06-06,Thursday,42.3829,-71.0393,Boston,away,MGH Institute of Health Professions,1494.0,32,19836,0,1841,5,2788
52,Seaport Boulevard west of Sleeper Street,2019-06-06,Thursday,42.3537,-71.0497,Boston,away,Suffolk University,1037.0,1034,26458,189,3344,307,2835
6,Beacon Street east of Raleigh Street,2019-06-06,Thursday,42.3496,-71.0939,Boston,campus,Boston University,347.0,372,18580,31,2109,113,2141
60,Washington Street north of Bexley Road,2019-06-06,Thursday,42.2883,-71.1261,Boston,away,Roxbury Community College,5200.0,312,17257,54,1944,72,2227
65,Western Avenue east of Hague Street,2019-06-06,Thursday,42.3639,-71.1217,Boston,campus,Harvard University,200.0,494,12026,106,1504,121,1824
8,Blue Hill Avenue north of Rexford Street,2019-06-06,Thursday,42.2714,-71.0937,Boston,away,Roxbury Community College,6426.0,44,30120,8,3850,13,3542
1,A Street north of Iron Street,2019-09-17,Tuesday,42.3459,-71.052,Boston,near,Tufts University,894.0,1017,10208,246,1575,269,979
10,Brighton Avenue east of St. Lukes Road,2019-09-17,Tuesday,42.3523,-71.126,Boston,away,Boston University,1343.0,1370,17099,237,1749,316,2454
11,Brookline Avenue south of Francis Street,2019-09-17,Tuesday,42.3367,-71.1096,Boston,near,Harvard University,532.0,413,22809,113,2490,79,3140
12,BU Bridge north of Commonwealth Avenue,2019-09-17,Tuesday,42.3523,-71.1107,Boston,campus,Boston University,148.0,3120,29461,745,3960,792,3534
13,Cambridge Street east of Lincoln Street,2019-09-17,Tuesday,42.3577,-71.1272,Boston,away,Harvard University,1022.0,398,41485,70,4875,81,5160
14,Cambridge Street west of Eleanor Street,2019-09-17,Tuesday,42.3513,-71.1445,Boston,away,Harvard University,2539.0,691,14111,132,1579,149,1744
15,Cambridge Street west of Staniford Street,2019-09-17,Tuesday,42.3613,-71.0642,Boston,campus,Suffolk University,324.0,1909,21054,462,2695,568,2584
16,Centre Street north of Harris Avenue,2019-09-17,Tuesday,42.3113,-71.1145,Boston,away,Roxbury Community College,2534.0,570,13155,92,1518,114,1597
17,Centre Street west of Wise Street,2019-09-17,Tuesday,42.3229,-71.1015,Boston,near,Roxbury Community College,860.0,570,13792,94,1444,121,1840
18,Charles River Dam Bridge west of Leverett Circle,2019-09-17,Tuesday,42.3671,-71.0689,Boston,campus,Hult International Business School,349.0,1870,38234,422,4655,456,4214
19,Charles Street north of Revere Street,2019-09-17,Tuesday,42.3597,-71.0708,Boston,near,Suffolk University,735.0,1001,5964,326,671,168,1144
2,Adams Street south of Washington Street,2019-09-17,Tuesday,42.272,-71.068,Boston,away,University of Massachusetts-Boston,5216.0,31,19601,3,2788,13,2646
20,Chestnut Hill Avenue north of Embassy Road,2019-09-17,Tuesday,42.3417,-71.1544,Boston,away,Boston College,1367.0,206,14107,37,1780,52,1945
21,Columbia Road south of Quincy Street,2019-09-17,Tuesday,42.3107,-71.0713,Boston,away,University of Massachusetts-Boston,2669.0,119,31084,11,3551,22,3861
22,Columbus Avenue west of Arlington Street,2019-09-17,Tuesday,42.3494,-71.0709,Boston,near,Emerson College,528.0,827,6941,242,887,224,1035
23,Columbus Avenue west of Holyoke Street,2019-09-17,Tuesday,42.3441,-71.0775,Boston,near,Berklee College of Music,991.0,827,6941,242,887,224,1035
24,Columbus Avenue west of Massachusetts Avenue,2019-09-17,Tuesday,42.3404,-71.082,Boston,near,Northeastern University,561.0,1818,11296,470,1351,418,1524
25,Commonwealth Avenue east of Berkeley Street,2019-09-17,Tuesday,42.353,-71.0733,Boston,near,Emerson College,629.0,982,12444,281,1570,193,1932
26,Commonwealth Avenue west of Silber Way,2019-09-17,Tuesday,42.3496,-71.102,Boston,campus,Boston University,26.0,2270,16680,369,1855,429,2522
27,Congress Street south of Milk Street,2019-09-17,Tuesday,42.3564,-71.0562,Boston,near,Suffolk University,425.0,523,12516,181,1468,88,1693
28,D Street south of Fargo Street,2019-09-17,Tuesday,42.345,-71.0436,Boston,away,Tufts University,1568.0,252,7458,62,970,74,1051
29,D Street south of West Broadway,2019-09-17,Tuesday,42.3386,-71.0511,Boston,away,Tufts University,1510.0,335,6323,66,715,95,1117
3,Atlantic Avenue south of Commercial Street,2019-09-17,Tuesday,42.3635,-71.0511,Boston,away,Suffolk University,1017.0,755,,143,,246,
30,Dorchester Avenue north of B Street,2019-09-17,Tuesday,42.3386,-71.0571,Boston,away,Boston University,1169.0,533,24823,97,3344,149,3278
31,Dorchester Avenue north of Doris Street,2019-09-17,Tuesday,42.3137,-71.057,Boston,away,University of Massachusetts-Boston,1467.0,390,15147,80,1539,76,1680
32,Dorchester Avenue north of Dracut Street,2019-09-17,Tuesday,42.2873,-71.0639,Boston,away,University of Massachusetts-Boston,3580.0,101,8550,19,1005,24,1037
33,Dorchester Avenue south of Greenwich Street,2019-09-17,Tuesday,42.3025,-71.0596,Boston,away,University of Massachusetts-Boston,2099.0,293,14698,56,1506,71,1696
34,Franklin Street north of Alcott Street,2019-09-17,Tuesday,42.3581,-71.1331,Boston,away,Harvard University,1335.0,933,1655,157,219,192,228
35,Harvard Avenue north of Commonwealth Avenue,2019-09-17,Tuesday,42.3506,-71.1311,Boston,away,Boston University,1758.0,866,14874,133,1654,168,1870
36,L Street north of East Broadway,2019-09-17,Tuesday,42.3361,-71.0354,Boston,away,University of Massachusetts-Boston,2496.0,57,14051,9,1814,10,1825
37,Longfellow Bridge west of Charles Street,2019-09-17,Tuesday,42.3614,-71.0734,Boston,near,Hult International Business School,978.0,3116,22020,877,2829,788,3658
38,Longwood Avenue east of Pilgrim Road,2019-09-17,Tuesday,42.3392,-71.1078,Boston,campus,Simmons University,259.0,1785,9976,419,1242,398,1228
39,Main Street south of Sullivan Square,2019-09-17,Tuesday,42.384,-71.0725,Boston,campus,Cambridge College,323.0,404,17836,168,2676,38,2322
4,Beacon Street east of Mountfort Street,2019-09-17,Tuesday,42.3478,-71.101,Boston,campus,Boston University,212.0,982,26679,212,3040,298,3733
40,Market Street south of North Beacon Street,2019-09-17,Tuesday,42.3558,-71.1493,Boston,away,Harvard University,2627.0,269,18543,44,2329,47,2812
41,Massachusetts Avenue south of Columbus Avenue,2019-09-17,Tuesday,42.3398,-71.0809,Boston,near,Northeastern University,650.0,1417,22163,236,2167,305,2988
42,Massachusetts Avenue south of Newmarket Square,2019-09-17,Tuesday,42.3261,-71.0662,Boston,away,Boston University,1117.0,403,24339,43,2595,85,3219
43,Massachusetts Avenue south of Shawmut Avenue,2019-09-17,Tuesday,42.3369,-71.0775,Boston,near,Boston University,515.0,1156,23787,181,2608,252,2946
44,Massachusetts Avenue north of Back Street,2019-09-17,Tuesday,42.3532,-71.0906,Boston,near,Massachusetts Institute of Technology,705.0,5217,24151,993,3151,1274,3348
45,Meridian Street south of Nay Street,2019-09-17,Tuesday,42.3829,-71.0393,Boston,away,MGH Institute of Health Professions,1494.0,53,20152,10,2148,11,2802
46,Mt. Vernon Street west of Harbor Point Boulevard,2019-09-17,Tuesday,42.3188,-71.0451,Boston,near,University of Massachusetts-Boston,737.0,86,10895,8,1323,25,1491
47,North Harvard Street south of Soldiers Field Road,2019-09-17,Tuesday,42.3677,-71.1243,Boston,near,Harvard University,445.0,1573,10762,267,1451,337,1701
48,North Washington Street Bridge south of Chelsea Street,2019-09-17,Tuesday,42.3678,-71.059,Boston,near,MGH Institute of Health Professions,892.0,617,38577,107,4579,198,6000
49,Pleasant Street north of Morrill Street,2019-09-17,Tuesday,42.3165,-71.0595,Boston,away,University of Massachusetts-Boston,1700.0,128,10884,15,1410,32,1419
5,Beacon Street west of Dartmouth Street,2019-09-17,Tuesday,42.3536,-71.0793,Boston,away,Berklee College of Music,1109.0,184,9524,39,1219,88,1342
50,Post Office Square north of Milk Street,2019-09-17,Tuesday,42.3572,-71.056,Boston,near,Suffolk University,413.0,288,5466,42,608,85,946
51,Quincy Street west of Ceylon Street,2019-09-17,Tuesday,42.3121,-71.0726,Boston,away,Boston University,2580.0,62,14285,8,1746,8,1731
52,Seaport Boulevard west of Sleeper Street,2019-09-17,Tuesday,42.3537,-71.0497,Boston,away,Suffolk University,1037.0,1313,23436,293,3164,394,2780
53,Seaver Street west of Humboldt Avenue,2019-09-17,Tuesday,42.3103,-71.0925,Boston,away,Roxbury Community College,2118.0,25,21769,5,2788,0,2693
54,South Huntington Avenue south of Castleton Street,2019-09-17,Tuesday,42.3224,-71.1121,Boston,away,Roxbury Community College,1565.0,284,10486,43,1355,58,1333
55,Southwest Corridor Bicycle Path south of Heath Street,2019-09-17,Tuesday,42.3238,-71.0996,Boston,near,Roxbury Community College,692.0,2420,,586,,576,
56,Summer Street east of Dorchester Avenue,2019-09-17,Tuesday,42.351,-71.0519,Boston,near,Tufts University,801.0,1164,19198,273,2517,319,2534
57,Talbot Avenue west of New England Avenue,2019-09-17,Tuesday,42.292,-71.0779,Boston,away,University of Massachusetts-Boston,4006.0,59,12369,6,1405,10,1804
58,Warren Street north of Walnut Avenue,2019-09-17,Tuesday,42.3244,-71.0829,Boston,away,Roxbury Community College,1169.0,194,22104,26,2776,27,2796
59,Washington Street East of Beethoven Street,2019-09-17,Tuesday,42.3154,-71.0987,Boston,away,Roxbury Community College,1559.0,77,14938,17,1604,21,1680
6,Beacon Street east of Raleigh Street,2019-09-17,Tuesday,42.3496,-71.0939,Boston,campus,Boston University,347.0,563,18088,59,1911,213,2047
60,Washington Street north of Bexley Road,2019-09-17,Tuesday,42.2883,-71.1261,Boston,away,Roxbury Community College,5200.0,418,16453,78,1952,102,2160
61,Washington Street north of Kenwood Street,2019-09-17,Tuesday,42.2918,-71.0717,Boston,away,University of Massachusetts-Boston,3627.0,102,14499,15,1716,8,1793
62,Washington Street south of Hayward Place,2019-09-17,Tuesday,42.3528,-71.0626,Boston,campus,Emerson College,239.0,684,4974,248,569,87,590
63,Washington Street south of Herald Street,2019-09-17,Tuesday,42.3462,-71.0647,Boston,near,Tufts University,479.0,506,7864,124,1386,94,847
64,Weld Street west of Centre Street,2019-09-17,Tuesday,42.2943,-71.1365,Boston,away,Roxbury Community College,5146.0,43,3103,4,415,13,515
65,Western Avenue east of Hague Street,2019-09-17,Tuesday,42.3639,-71.1217,Boston,campus,Harvard University,200.0,649,10917,118,1734,185,1456
66,Western Avenue west of Waverly Street,2019-09-17,Tuesday,42.3622,-71.1419,Boston,away,Harvard University,1831.0,379,14063,64,1939,107,2143
8,Blue Hill Avenue north of Rexford Street,2019-09-17,Tuesday,42.2714,-71.0937,Boston,away,Roxbury Community College,6426.0,50,28398,4,3779,6,3381
9,Blue Hill Avenue north of Seaver Street,2019-09-17,Tuesday,42.3057,-71.0846,Boston,away,Roxbury Community College,2764.0,54,21588,6,2749,13,2199
1,A Street north of Iron Street,2019-09-18,Wednesday,42.3459,-71.052,Boston,near,Tufts University,894.0,1002,10850,217,1673,251,1098
10,Brighton Avenue east of St. Lukes Road,2019-09-18,Wednesday,42.3523,-71.126,Boston,away,Boston University,1343.0,1354,16915,207,1693,283,2482
11,Brookline Avenue south of Francis Street,2019-09-18,Wednesday,42.3367,-71.1096,Boston,near,Harvard University,532.0,413,22558,85,2354,70,3071
12,BU Bridge north of Commonwealth Avenue,2019-09-18,Wednesday,42.3523,-71.1107,Boston,campus,Boston University,148.0,2904,29823,724,3889,631,3686
13,Cambridge Street east of Lincoln Street,2019-09-18,Wednesday,42.3577,-71.1272,Boston,away,Harvard University,1022.0,350,42227,60,5210,66,5094
14,Cambridge Street west of Eleanor Street,2019-09-18,Wednesday,42.3513,-71.1445,Boston,away,Harvard University,2539.0,695,14601,123,1565,153,1798
15,Cambridge Street west of Staniford Street,2019-09-18,Wednesday,42.3613,-71.0642,Boston,campus,Suffolk University,324.0,1576,20395,414,2571,417,2315
16,Centre Street north of Harris Avenue,2019-09-18,Wednesday,42.3113,-71.1145,Boston,away,Roxbury Community College,2534.0,478,13346,88,1625,106,1521
17,Centre Street west of Wise Street,2019-09-18,Wednesday,42.3229,-71.1015,Boston,near,Roxbury Community College,860.0,516,13910,90,1561,99,1841
18,Charles River Dam Bridge west of Leverett Circle,2019-09-18,Wednesday,42.3671,-71.0689,Boston,campus,Hult International Business School,349.0,1826,38200,430,4667,461,4335
19,Charles Street north of Revere Street,2019-09-18,Wednesday,42.3597,-71.0708,Boston,near,Suffolk University,735.0,942,5368,298,584,167,779
2,Adams Street south of Washington Street,2019-09-18,Wednesday,42.272,-71.068,Boston,away,University of Massachusetts-Boston,5216.0,36,19534,6,2507,15,2741
20,Chestnut Hill Avenue north of Embassy Road,2019-09-18,Wednesday,42.3417,-71.1544,Boston,away,Boston College,1367.0,205,14322,42,1862,32,1988
21,Columbia Road south of Quincy Street,2019-09-18,Wednesday,42.3107,-71.0713,Boston,away,University of Massachusetts-Boston,2669.0,107,31192,13,3569,12,3942
22,Columbus Avenue west of Arlington Street,2019-09-18,Wednesday,42.3494,-71.0709,Boston,near,Emerson College,528.0,815,8068,218,898,214,1136
23,Columbus Avenue west of Holyoke Street,2019-09-18,Wednesday,42.3441,-71.0775,Boston,near,Berklee College of Music,991.0,815,8068,218,898,214,1136
24,Columbus Avenue west of Massachusetts Avenue,2019-09-18,Wednesday,42.3404,-71.082,Boston,near,Northeastern University,561.0,1748,11637,454,1360,449,1545
25,Commonwealth Avenue east of Berkeley Street,2019-09-18,Wednesday,42.353,-71.0733,Boston,near,Emerson College,629.0,942,12810,274,1741,171,1987
26,Commonwealth Avenue west of Silber Way,2019-09-18,Wednesday,42.3496,-71.102,Boston,campus,Boston University,26.0,2059,16788,336,1801,397,2510
27,Congress Street south of Milk Street,2019-09-18,Wednesday,42.3564,-71.0562,Boston,near,Suffolk University,425.0,504,12599,180,1413,85,1616
28,D Street south of Fargo Street,2019-09-18,Wednesday,42.345,-71.0436,Boston,away,Tufts University,1568.0,239,8386,52,1135,68,1141
29,D Street south of West Broadway,2019-09-18,Wednesday,42.3386,-71.0511,Boston,away,Tufts University,1510.0,320,6800,58,765,79,1141
3,Atlantic Avenue south of Commercial Street,2019-09-18,Wednesday,42.3635,-71.0511,Boston,away,Suffolk University,1017.0,759,,160,,210,
30,Dorchester Avenue north of B Street,2019-09-18,Wednesday,42.3386,-71.0571,Boston,away,Boston University,1169.0,534,26158,93,3385,160,3364
31,Dorchester Avenue north of Doris Street,2019-09-18,Wednesday,42.3137,-71.057,Boston,away,University of Massachusetts-Boston,1467.0,372,15316,73,1505,88,1683
32,Dorchester Avenue north of Dracut Street,2019-09-18,Wednesday,42.2873,-71.0639,Boston,away,University of Massachusetts-Boston,3580.0,121,8454,20,997,32,1093
33,Dorchester Avenue south of Greenwich Street,2019-09-18,Wednesday,42.3025,-71.0596,Boston,away,University of Massachusetts-Boston,2099.0,296,14644,50,1486,67,1622
34,Franklin Street north of Alcott Street,2019-09-18,Wednesday,42.3581,-71.1331,Boston,away,Harvard University,1335.0,983,1866,148,275,205,284
35,Harvard Avenue north of Commonwealth Avenue,2019-09-18,Wednesday,42.3506,-71.1311,Boston,away,Boston University,1758.0,879,14749,144,1634,188,1799
36,L Street north of East Broadway,2019-09-18,Wednesday,42.3361,-71.0354,Boston,away,University of Massachusetts-Boston,2496.0,120,14759,27,1737,31,2031
37,Longfellow Bridge west of Charles Street,2019-09-18,Wednesday,42.3614,-71.0734,Boston,near,Hult International Business School,978.0,2984,20685,808,2753,779,2512
38,Longwood Avenue east of Pilgrim Road,2019-09-18,Wednesday,42.3392,-71.1078,Boston,campus,Simmons University,259.0,1763,10128,399,1300,370,1305
39,Main Street south of Sullivan Square,2019-09-18,Wednesday,42.384,-71.0725,Boston,campus,Cambridge College,323.0,405,18287,159,2716,42,2389
4,Beacon Street east of Mountfort Street,2019-09-18,Wednesday,42.3478,-71.101,Boston,campus,Boston University,212.0,952,27432,249,3309,245,3717
40,Market Street south of North Beacon Street,2019-09-18,Wednesday,42.3558,-71.1493,Boston,away,Harvard University,2627.0,271,18875,47,2325,45,2776
41,Massachusetts Avenue south of Columbus Avenue,2019-09-18,Wednesday,42.3398,-71.0809,Boston,near,Northeastern University,650.0,1437,23198,258,2341,280,2954
42,Massachusetts Avenue south of Newmarket Square,2019-09-18,Wednesday,42.3261,-71.0662,Boston,away,Boston University,1117.0,435,24805,50,2609,103,3316
43,Massachusetts Avenue south of Shawmut Avenue,2019-09-18,Wednesday,42.3369,-71.0775,Boston,near,Boston University,515.0,1216,24963,215,2762,246,3188
44,Massachusetts Avenue north of Back Street,2019-09-18,Wednesday,42.3532,-71.0906,Boston,near,Massachusetts Institute of Technology,705.0,5033,23735,1027,3016,1176,3298
45,Meridian Street south of Nay Street,2019-09-18,Wednesday,42.3829,-71.0393,Boston,away,MGH Institute of Health Professions,1494.0,46,20822,5,2363,12,2872
46,Mt. Vernon Street west of Harbor Point Boulevard,2019-09-18,Wednesday,42.3188,-71.0451,Boston,near,University of Massachusetts-Boston,737.0,109,11232,15,1301,20,1455
47,North Harvard Street south of Soldiers Field Road,2019-09-18,Wednesday,42.3677,-71.1243,Boston,near,Harvard University,445.0,1591,11013,288,1392,312,1710
48,North Washington Street Bridge south of Chelsea Street,2019-09-18,Wednesday,42.3678,-71.059,Boston,near,MGH Institute of Health Professions,892.0,571,38708,110,4676,191,5860
49,Pleasant Street north of Morrill Street,2019-09-18,Wednesday,42.3165,-71.0595,Boston,away,University of Massachusetts-Boston,1700.0,118,11085,13,1419,31,1371
5,Beacon Street west of Dartmouth Street,2019-09-18,Wednesday,42.3536,-71.0793,Boston,away,Berklee College of Music,1109.0,99,9843,6,1272,65,1199
50,Post Office Square north of Milk Street,2019-09-18,Wednesday,42.3572,-71.056,Boston,near,Suffolk University,413.0,271,5933,33,659,84,1110
51,Quincy Street west of Ceylon Street,2019-09-18,Wednesday,42.3121,-71.0726,Boston,away,Boston University,2580.0,74,14265,7,1699,11,1732
52,Seaport Boulevard west of Sleeper Street,2019-09-18,Wednesday,42.3537,-71.0497,Boston,away,Suffolk University,1037.0,1289,23482,305,3114,361,2885
53,Seaver Street west of Humboldt Avenue,2019-09-18,Wednesday,42.3103,-71.0925,Boston,away,Roxbury Community College,2118.0,40,22389,9,2809,14,2851
54,South Huntington Avenue south of Castleton Street,2019-09-18,Wednesday,42.3224,-71.1121,Boston,away,Roxbury Community College,1565.0,277,10201,40,1349,70,1239
55,Southwest Corridor Bicycle Path south of Heath Street,2019-09-18,Wednesday,42.3238,-71.0996,Boston,near,Roxbury Community College,692.0,2407,,549,,577,
56,Summer Street east of Dorchester Avenue,2019-09-18,Wednesday,42.351,-71.0519,Boston,near,Tufts University,801.0,1059,20876,237,2646,275,2738
57,Talbot Avenue west of New England Avenue,2019-09-18,Wednesday,42.292,-71.0779,Boston,away,University of Massachusetts-Boston,4006.0,72,12340,12,1373,13,1849
58,Warren Street north of Walnut Avenue,2019-09-18,Wednesday,42.3244,-71.0829,Boston,away,Roxbury Community College,1169.0,221,22677,34,2773,42,2910
59,Washington Street East of Beethoven Street,2019-09-18,Wednesday,42.3154,-71.0987,Boston,away,Roxbury Community College,1559.0,75,14805,11,1415,24,1682
6,Beacon Street east of Raleigh Street,2019-09-18,Wednesday,42.3496,-71.0939,Boston,campus,Boston University,347.0,513,18611,47,2105,186,2124
60,Washington Street north of Bexley Road,2019-09-18,Wednesday,42.2883,-71.1261,Boston,away,Roxbury Community College,5200.0,365,16503,89,1848,72,2147
61,Washington Street north of Kenwood Street,2019-09-18,Wednesday,42.2918,-71.0717,Boston,away,University of Massachusetts-Boston,3627.0,121,14531,10,1722,10,1772
62,Washington Street south of Hayward Place,2019-09-18,Wednesday,42.3528,-71.0626,Boston,campus,Emerson College,239.0,630,5353,205,688,71,620
63,Washington Street south of Herald Street,2019-09-18,Wednesday,42.3462,-71.0647,Boston,near,Tufts University,479.0,486,8150,117,1417,66,956
64,Weld Street west of Centre Street,2019-09-18,Wednesday,42.2943,-71.1365,Boston,away,Roxbury Community College,5146.0,44,3121,7,405,13,557
65,Western Avenue east of Hague Street,2019-09-18,Wednesday,42.3639,-71.1217,Boston,campus,Harvard University,200.0,635,10581,133,1373,158,1434
66,Western Avenue west of Waverly Street,2019-09-18,Wednesday,42.3622,-71.1419,Boston,away,Harvard University,1831.0,381,14132,75,1889,91,2155
8,Blue Hill Avenue north of Rexford Street,2019-09-18,Wednesday,42.2714,-71.0937,Boston,away,Roxbury Community College,6426.0,44,28833,1,3656,10,3591
9,Blue Hill Avenue north of Seaver Street,2019-09-18,Wednesday,42.3057,-71.0846,Boston,away,Roxbury Community College,2764.0,51,22346,7,2699,14,2529
1,A Street north of Iron Street,2020-03-17,Tuesday,42.3459,-71.052,Boston,near,Tufts University,894.0,82,5039,11,658,22,594
15,Cambridge Street west of Staniford Street,2020-03-17,Tuesday,42.3613,-71.0642,Boston,campus,Suffolk University,324.0,209,11304,26,1520,55,1383
16,Centre Street north of Harris Avenue,2020-03-17,Tuesday,42.3113,-71.1145,Boston,away,Roxbury Community College,2534.0,156,10553,9,1191,35,1376
18,Charles River Dam Bridge west of Leverett Circle,2020-03-17,Tuesday,42.3671,-71.0689,Boston,campus,Hult International Business School,349.0,215,23971,16,2601,51,2732
19,Charles Street north of Revere Street,2020-03-17,Tuesday,42.3597,-71.0708,Boston,near,Suffolk University,735.0,124,2808,15,352,31,363
21,Columbia Road south of Quincy Street,2020-03-17,Tuesday,42.3107,-71.0713,Boston,away,University of Massachusetts-Boston,2669.0,37,23654,3,2410,3,2941
23,Columbus Avenue west of Holyoke Street,2020-03-17,Tuesday,42.3441,-71.0775,Boston,near,Berklee College of Music,991.0,187,4966,30,612,38,629
26,Commonwealth Avenue west of Silber Way,2020-03-17,Tuesday,42.3496,-71.102,Boston,campus,Boston University,26.0,263,8999,25,952,50,1224
3,Atlantic Avenue south of Commercial Street,2020-03-17,Tuesday,42.3635,-71.0511,Boston,away,Suffolk University,1017.0,58,,8,,21,
31,Dorchester Avenue north of Doris Street,2020-03-17,Tuesday,42.3137,-71.057,Boston,away,University of Massachusetts-Boston,1467.0,60,11490,6,1161,11,1306
37,Longfellow Bridge west of Charles Street,2020-03-17,Tuesday,42.3614,-71.0734,Boston,near,Hult International Business School,978.0,427,10239,58,1182,113,1275
38,Longwood Avenue east of Pilgrim Road,2020-03-17,Tuesday,42.3392,-71.1078,Boston,campus,Simmons University,259.0,386,6164,59,791,79,819
39,Main Street south of Sullivan Square,2020-03-17,Tuesday,42.384,-71.0725,Boston,campus,Cambridge College,323.0,75,11310,20,1427,15,1445
42,Massachusetts Avenue south of Newmarket Square,2020-03-17,Tuesday,42.3261,-71.0662,Boston,away,Boston University,1117.0,69,18050,2,2014,21,2280
44,Massachusetts Avenue north of Back Street,2020-03-17,Tuesday,42.3532,-71.0906,Boston,near,Massachusetts Institute of Technology,705.0,623,13836,75,1602,174,1666
45,Meridian Street south of Nay Street,2020-03-17,Tuesday,42.3829,-71.0393,Boston,away,MGH Institute of Health Professions,1494.0,6,14103,0,1366,1,1713
52,Seaport Boulevard west of Sleeper Street,2020-03-17,Tuesday,42.3537,-71.0497,Boston,away,Suffolk University,1037.0,104,10078,10,1288,24,1149
55,Southwest Corridor Bicycle Path south of Heath Street,2020-03-17,Tuesday,42.3238,-71.0996,Boston,near,Roxbury Community College,692.0,351,,48,,78,
56,Summer Street east of Dorchester Avenue,2020-03-17,Tuesday,42.351,-71.0519,Boston,near,Tufts University,801.0,96,9331,11,1257,24,1089
58,Warren Street north of Walnut Avenue,2020-03-17,Tuesday,42.3244,-71.0829,Boston,away,Roxbury Community College,1169.0,44,15040,3,1660,11,1730
60,Washington Street north of Bexley Road,2020-03-17,Tuesday,42.2883,-71.1261,Boston,away,Roxbury Community College,5200.0,98,12193,6,1318,23,1537
1,A Street north of Iron Street,2020-03-18,Wednesday,42.3459,-71.052,Boston,near,Tufts University,894.0,225,4862,26,577,64,566
15,Cambridge Street west of Staniford Street,2020-03-18,Wednesday,42.3613,-71.0642,Boston,campus,Suffolk University,324.0,417,10745,51,1348,100,1255
16,Centre Street north of Harris Avenue,2020-03-18,Wednesday,42.3113,-71.1145,Boston,away,Roxbury Community College,2534.0,341,10545,22,1144,91,1369
18,Charles River Dam Bridge west of Leverett Circle,2020-03-18,Wednesday,42.3671,-71.0689,Boston,campus,Hult International Business School,349.0,637,23357,50,2358,122,2810
19,Charles Street north of Revere Street,2020-03-18,Wednesday,42.3597,-71.0708,Boston,near,Suffolk University,735.0,277,2595,26,311,70,349
21,Columbia Road south of Quincy Street,2020-03-18,Wednesday,42.3107,-71.0713,Boston,away,University of Massachusetts-Boston,2669.0,48,24297,5,2441,7,3137
23,Columbus Avenue west of Holyoke Street,2020-03-18,Wednesday,42.3441,-71.0775,Boston,near,Berklee College of Music,991.0,296,4609,43,560,53,593
26,Commonwealth Avenue west of Silber Way,2020-03-18,Wednesday,42.3496,-71.102,Boston,campus,Boston University,26.0,471,9548,49,969,93,1305
3,Atlantic Avenue south of Commercial Street,2020-03-18,Wednesday,42.3635,-71.0511,Boston,away,Suffolk University,1017.0,251,,23,,56,
31,Dorchester Avenue north of Doris Street,2020-03-18,Wednesday,42.3137,-71.057,Boston,away,University of Massachusetts-Boston,1467.0,141,11467,16,1121,28,1432
38,Longwood Avenue east of Pilgrim Road,2020-03-18,Wednesday,42.3392,-71.1078,Boston,campus,Simmons University,259.0,500,5748,91,663,72,771
39,Main Street south of Sullivan Square,2020-03-18,Wednesday,42.384,-71.0725,Boston,campus,Cambridge College,323.0,131,11464,29,1396,20,1517
42,Massachusetts Avenue south of Newmarket Square,2020-03-18,Wednesday,42.3261,-71.0662,Boston,away,Boston University,1117.0,128,17994,14,1961,22,2331
44,Massachusetts Avenue north of Back Street,2020-03-18,Wednesday,42.3532,-71.0906,Boston,near,Massachusetts Institute of Technology,705.0,1257,13224,113,1376,304,1646
45,Meridian Street south of Nay Street,2020-03-18,Wednesday,42.3829,-71.0393,Boston,away,MGH Institute of Health Professions,1494.0,10,14298,0,1448,1,1853
52,Seaport Boulevard west of Sleeper Street,2020-03-18,Wednesday,42.3537,-71.0497,Boston,away,Suffolk University,1037.0,260,9296,26,1125,58,1098
55,Southwest Corridor Bicycle Path south of Heath Street,2020-03-18,Wednesday,42.3238,-71.0996,Boston,near,Roxbury Community College,692.0,726,,85,,160,
56,Summer Street east of Dorchester Avenue,2020-03-18,Wednesday,42.351,-71.0519,Boston,near,Tufts University,801.0,275,8816,31,1122,61,1034
58,Warren Street north of Walnut Avenue,2020-03-18,Wednesday,42.3244,-71.0829,Boston,away,Roxbury Community College,1169.0,44,15033,7,1564,5,1859
60,Washington Street north of Bexley Road,2020-03-18,Wednesday,42.2883,-71.1261,Boston,away,Roxbury Community College,5200.0,173,12463,18,1313,29,1586
1,A Street north of Iron Street,2020-06-09,Tuesday,42.3459,-71.052,Boston,near,Tufts University,894.0,409,5556,41,562,96,657
11,Brookline Avenue south of Francis Street,2020-06-09,Tuesday,42.3367,-71.1096,Boston,near,Harvard University,532.0,253,16662,30,1746,44,2156
13,Cambridge Street east of Lincoln Street,2020-06-09,Tuesday,42.3577,-71.1272,Boston,away,Harvard University,1022.0,229,26264,19,2668,42,3728
15,Cambridge Street west of Staniford Street,2020-06-09,Tuesday,42.3613,-71.0642,Boston,campus,Suffolk University,324.0,341,5447,21,698,92,629
16,Centre Street north of Harris Avenue,2020-06-09,Tuesday,42.3113,-71.1145,Boston,away,Roxbury Community College,2534.0,435,11191,33,1147,95,1523
18,Charles River Dam Bridge west of Leverett Circle,2020-06-09,Tuesday,42.3671,-71.0689,Boston,campus,Hult International Business School,349.0,968,22794,88,2364,230,2603
19,Charles Street north of Revere Street,2020-06-09,Tuesday,42.3597,-71.0708,Boston,near,Suffolk University,735.0,555,2841,55,374,127,374
21,Columbia Road south of Quincy Street,2020-06-09,Tuesday,42.3107,-71.0713,Boston,away,University of Massachusetts-Boston,2669.0,103,30257,9,2595,16,3934
23,Columbus Avenue west of Holyoke Street,2020-06-09,Tuesday,42.3441,-71.0775,Boston,near,Berklee College of Music,991.0,535,5006,61,549,122,691
25,Commonwealth Avenue east of Berkeley Street,2020-06-09,Tuesday,42.353,-71.0733,Boston,near,Emerson College,629.0,588,5160,61,644,139,625
26,Commonwealth Avenue west of Silber Way,2020-06-09,Tuesday,42.3496,-71.102,Boston,campus,Boston University,26.0,783,6831,81,685,176,892
28,D Street south of Fargo Street,2020-06-09,Tuesday,42.345,-71.0436,Boston,away,Tufts University,1568.0,184,3485,9,469,51,321
3,Atlantic Avenue south of Commercial Street,2020-06-09,Tuesday,42.3635,-71.0511,Boston,away,Suffolk University,1017.0,589,,27,,134,
31,Dorchester Avenue north of Doris Street,2020-06-09,Tuesday,42.3137,-71.057,Boston,away,University of Massachusetts-Boston,1467.0,262,12420,31,1127,56,1513
33,Dorchester Avenue south of Greenwich Street,2020-06-09,Tuesday,42.3025,-71.0596,Boston,away,University of Massachusetts-Boston,2099.0,208,12730,31,1180,28,1618
34,Franklin Street north of Alcott Street,2020-06-09,Tuesday,42.3581,-71.1331,Boston,away,Harvard University,1335.0,499,1113,37,94,122,183
37,Longfellow Bridge west of Charles Street,2020-06-09,Tuesday,42.3614,-71.0734,Boston,near,Hult International Business School,978.0,1151,9680,164,1069,272,1219
38,Longwood Avenue east of Pilgrim Road,2020-06-09,Tuesday,42.3392,-71.1078,Boston,campus,Simmons University,259.0,726,5867,108,674,119,722
39,Main Street south of Sullivan Square,2020-06-09,Tuesday,42.384,-71.0725,Boston,campus,Cambridge College,323.0,391,12115,39,1401,77,1601
4,Beacon Street east of Mountfort Street,2020-06-09,Tuesday,42.3478,-71.101,Boston,campus,Boston University,212.0,570,13045,52,1433,142,1746
42,Massachusetts Avenue south of Newmarket Square,2020-06-09,Tuesday,42.3261,-71.0662,Boston,away,Boston University,1117.0,255,18801,21,1830,43,2498
44,Massachusetts Avenue north of Back Street,2020-06-09,Tuesday,42.3532,-71.0906,Boston,near,Massachusetts Institute of Technology,705.0,1910,12802,181,1345,461,1548
45,Meridian Street south of Nay Street,2020-06-09,Tuesday,42.3829,-71.0393,Boston,away,MGH Institute of Health Professions,1494.0,70,14497,8,1214,16,2243
5,Beacon Street west of Dartmouth Street,2020-06-09,Tuesday,42.3536,-71.0793,Boston,away,Berklee College of Music,1109.0,295,4805,28,595,91,583
52,Seaport Boulevard west of Sleeper Street,2020-06-09,Tuesday,42.3537,-71.0497,Boston,away,Suffolk University,1037.0,623,10312,40,1054,145,1172
55,Southwest Corridor Bicycle Path south of Heath Street,2020-06-09,Tuesday,42.3238,-71.0996,Boston,near,Roxbury Community College,692.0,869,,118,,186,
6,Beacon Street east of Raleigh Street,2020-06-09,Tuesday,42.3496,-71.0939,Boston,campus,Boston University,347.0,284,10517,23,1237,48,1256
60,Washington Street north of Bexley Road,2020-06-09,Tuesday,42.2883,-71.1261,Boston,away,Roxbury Community College,5200.0,277,13184,27,1181,66,1800
65,Western Avenue east of Hague Street,2020-06-09,Tuesday,42.3639,-71.1217,Boston,campus,Harvard University,200.0,257,5006,19,490,61,522
7,Belgrade Avenue east of Anawan Avenue,2020-06-09,Tuesday,42.2861,-71.1471,Boston,away,Boston College,5620.0,78,8601,6,883,18,1263
8,Blue Hill Avenue north of Rexford Street,2020-06-09,Tuesday,42.2714,-71.0937,Boston,away,Roxbury Community College,6426.0,71,23879,7,2278,14,3062
1,A Street north of Iron Street,2020-06-10,Wednesday,42.3459,-71.052,Boston,near,Tufts University,894.0,575,5604,43,560,128,676
11,Brookline Avenue south of Francis Street,2020-06-10,Wednesday,42.3367,-71.1096,Boston,near,Harvard University,532.0,257,16751,27,1770,41,2196
13,Cambridge Street east of Lincoln Street,2020-06-10,Wednesday,42.3577,-71.1272,Boston,away,Harvard University,1022.0,271,27025,27,2695,53,3773
15,Cambridge Street west of Staniford Street,2020-06-10,Wednesday,42.3613,-71.0642,Boston,campus,Suffolk University,324.0,465,5653,40,697,137,601
16,Centre Street north of Harris Avenue,2020-06-10,Wednesday,42.3113,-71.1145,Boston,away,Roxbury Community College,2534.0,511,11300,49,1165,107,1497
18,Charles River Dam Bridge west of Leverett Circle,2020-06-10,Wednesday,42.3671,-71.0689,Boston,campus,Hult International Business School,349.0,1049,23491,116,2443,242,2858
19,Charles Street north of Revere Street,2020-06-10,Wednesday,42.3597,-71.0708,Boston,near,Suffolk University,735.0,583,2964,65,376,125,349
21,Columbia Road south of Quincy Street,2020-06-10,Wednesday,42.3107,-71.0713,Boston,away,University of Massachusetts-Boston,2669.0,92,31306,10,2756,17,4073
23,Columbus Avenue west of Holyoke Street,2020-06-10,Wednesday,42.3441,-71.0775,Boston,near,Berklee College of Music,991.0,523,5153,62,564,116,682
25,Commonwealth Avenue east of Berkeley Street,2020-06-10,Wednesday,42.353,-71.0733,Boston,near,Emerson College,629.0,567,5455,57,639,144,691
26,Commonwealth Avenue west of Silber Way,2020-06-10,Wednesday,42.3496,-71.102,Boston,campus,Boston University,26.0,858,6934,69,688,205,933
28,D Street south of Fargo Street,2020-06-10,Wednesday,42.345,-71.0436,Boston,away,Tufts University,1568.0,150,3554,12,461,30,353
3,Atlantic Avenue south of Commercial Street,2020-06-10,Wednesday,42.3635,-71.0511,Boston,away,Suffolk University,1017.0,582,,42,,127,
31,Dorchester Avenue north of Doris Street,2020-06-10,Wednesday,42.3137,-71.057,Boston,away,University of Massachusetts-Boston,1467.0,270,12776,22,1271,62,1553
33,Dorchester Avenue south of Greenwich Street,2020-06-10,Wednesday,42.3025,-71.0596,Boston,away,University of Massachusetts-Boston,2099.0,206,12706,18,1241,37,1556
34,Franklin Street north of Alcott Street,2020-06-10,Wednesday,42.3581,-71.1331,Boston,away,Harvard University,1335.0,597,1152,48,101,146,180
37,Longfellow Bridge west of Charles Street,2020-06-10,Wednesday,42.3614,-71.0734,Boston,near,Hult International Business School,978.0,1373,10109,168,1139,333,1206
38,Longwood Avenue east of Pilgrim Road,2020-06-10,Wednesday,42.3392,-71.1078,Boston,campus,Simmons University,259.0,740,6031,115,699,137,763
39,Main Street south of Sullivan Square,2020-06-10,Wednesday,42.384,-71.0725,Boston,campus,Cambridge College,323.0,442,12386,50,1385,103,1656
4,Beacon Street east of Mountfort Street,2020-06-10,Wednesday,42.3478,-71.101,Boston,campus,Boston University,212.0,527,13132,50,1586,147,1766
42,Massachusetts Avenue south of Newmarket Square,2020-06-10,Wednesday,42.3261,-71.0662,Boston,away,Boston University,1117.0,274,19280,23,1949,36,2414
44,Massachusetts Avenue north of Back Street,2020-06-10,Wednesday,42.3532,-71.0906,Boston,near,Massachusetts Institute of Technology,705.0,2125,12985,237,1277,519,1593
45,Meridian Street south of Nay Street,2020-06-10,Wednesday,42.3829,-71.0393,Boston,away,MGH Institute of Health Professions,1494.0,80,15389,10,1331,15,2281
5,Beacon Street west of Dartmouth Street,2020-06-10,Wednesday,42.3536,-71.0793,Boston,away,Berklee College of Music,1109.0,337,5108,33,630,101,657
52,Seaport Boulevard west of Sleeper Street,2020-06-10,Wednesday,42.3537,-71.0497,Boston,away,Suffolk University,1037.0,645,10763,43,1126,168,1290
55,Southwest Corridor Bicycle Path south of Heath Street,2020-06-10,Wednesday,42.3238,-71.0996,Boston,near,Roxbury Community College,692.0,962,,87,,239,
6,Beacon Street east of Raleigh Street,2020-06-10,Wednesday,42.3496,-71.0939,Boston,campus,Boston University,347.0,230,10603,13,1339,59,1268
60,Washington Street north of Bexley Road,2020-06-10,Wednesday,42.2883,-71.1261,Boston,away,Roxbury Community College,5200.0,343,13618,32,1302,68,1853
65,Western Avenue east of Hague Street,2020-06-10,Wednesday,42.3639,-71.1217,Boston,campus,Harvard University,200.0,297,5296,25,544,68,590
7,Belgrade Avenue east of Anawan Avenue,2020-06-10,Wednesday,42.2861,-71.1471,Boston,away,Boston College,5620.0,105,9088,10,966,21,1308
8,Blue Hill Avenue north of Rexford Street,2020-06-10,Wednesday,42.2714,-71.0937,Boston,away,Roxbury Community College,6426.0,93,23549,12,2147,16,3079
15,Cambridge Street west of Staniford Street,2020-06-16,Tuesday,42.3613,-71.0642,Boston,campus,Suffolk University,324.0,283,5331,43,735,56,621
15,Cambridge Street west of Staniford Street,2020-06-17,Wednesday,42.3613,-71.0642,Boston,campus,Suffolk University,324.0,254,5603,43,741,54,647
76,Cummins Highway east of Rugby Road,2020-08-12,Wednesday,42.2709,-71.1027,Boston,away,Roxbury Community College,6507.0,80,14923,0,1347,12,2115
76,Cummins Highway east of Rugby Road,2020-08-13,Thursday,42.2709,-71.1027,Boston,away,Roxbury Community College,6507.0,88,15288,4,1441,13,2220
76,Cummins Highway east of Rugby Road,2020-09-16,Wednesday,42.2709,-71.1027,Boston,away,Roxbury Community College,6507.0,72,15026,5,1433,11,2169
76,Cummins Highway east of Rugby Road,2020-09-17,Thursday,42.2709,-71.1027,Boston,away,Roxbury Community College,6507.0,93,15276,3,1467,11,2229
1,A Street north of Iron Street,2020-09-23,Wednesday,42.3459,-71.052,Boston,near,Tufts University,894.0,549,7032,79,806,143,886
10,Brighton Avenue east of St. Lukes Road,2020-09-23,Wednesday,42.3523,-71.126,Boston,away,Boston University,1343.0,958,12222,123,1044,218,1867
11,Brookline Avenue south of Francis Street,2020-09-23,Wednesday,42.3367,-71.1096,Boston,near,Harvard University,532.0,422,19027,82,2150,80,2523
12,BU Bridge north of Commonwealth Avenue,2020-09-23,Wednesday,42.3523,-71.1107,Boston,campus,Boston University,148.0,1881,19792,293,2393,417,2761
13,Cambridge Street east of Lincoln Street,2020-09-23,Wednesday,42.3577,-71.1272,Boston,away,Harvard University,1022.0,351,32007,35,3546,82,4405
14,Cambridge Street west of Eleanor Street,2020-09-23,Wednesday,42.3513,-71.1445,Boston,away,Harvard University,2539.0,481,12793,52,1394,120,1723
15,Cambridge Street west of Staniford Street,2020-09-23,Wednesday,42.3613,-71.0642,Boston,campus,Suffolk University,324.0,901,13881,132,1953,217,1510
16,Centre Street north of Harris Avenue,2020-09-23,Wednesday,42.3113,-71.1145,Boston,away,Roxbury Community College,2534.0,480,12491,54,1384,93,1614
17,Centre Street west of Wise Street,2020-09-23,Wednesday,42.3229,-71.1015,Boston,near,Roxbury Community College,860.0,337,12764,36,1293,71,1861
18,Charles River Dam Bridge west of Leverett Circle,2020-09-23,Wednesday,42.3671,-71.0689,Boston,campus,Hult International Business School,349.0,1297,27379,161,3145,323,3158
19,Charles Street north of Revere Street,2020-09-23,Wednesday,42.3597,-71.0708,Boston,near,Suffolk University,735.0,708,3720,109,550,142,437
2,Adams Street south of Washington Street,2020-09-23,Wednesday,42.272,-71.068,Boston,away,University of Massachusetts-Boston,5216.0,64,15841,10,1717,11,2058
20,Chestnut Hill Avenue north of Embassy Road,2020-09-23,Wednesday,42.3417,-71.1544,Boston,away,Boston College,1367.0,198,11255,18,1379,44,1601
21,Columbia Road south of Quincy Street,2020-09-23,Wednesday,42.3107,-71.0713,Boston,away,University of Massachusetts-Boston,2669.0,127,29410,7,2995,29,3687
22,Columbus Avenue west of Arlington Street,2020-09-23,Wednesday,42.3494,-71.0709,Boston,near,Emerson College,528.0,519,4116,83,478,132,564
23,Columbus Avenue west of Holyoke Street,2020-09-23,Wednesday,42.3441,-71.0775,Boston,near,Berklee College of Music,991.0,691,6738,100,818,164,937
24,Columbus Avenue west of Massachusetts Avenue,2020-09-23,Wednesday,42.3404,-71.082,Boston,near,Northeastern University,561.0,1250,8154,201,895,310,1164
25,Commonwealth Avenue east of Berkeley Street,2020-09-23,Wednesday,42.353,-71.0733,Boston,near,Emerson College,629.0,919,6773,104,820,230,916
26,Commonwealth Avenue west of Silber Way,2020-09-23,Wednesday,42.3496,-71.102,Boston,campus,Boston University,26.0,1377,10016,159,1078,278,1371
27,Congress Street south of Milk Street,2020-09-23,Wednesday,42.3564,-71.0562,Boston,near,Suffolk University,425.0,238,7434,41,742,62,1071
28,D Street south of Fargo Street,2020-09-23,Wednesday,42.345,-71.0436,Boston,away,Tufts University,1568.0,187,4164,23,542,50,450
29,D Street south of West Broadway,2020-09-23,Wednesday,42.3386,-71.0511,Boston,away,Tufts University,1510.0,215,5409,27,586,53,783
3,Atlantic Avenue south of Commercial Street,2020-09-23,Wednesday,42.3635,-71.0511,Boston,away,Suffolk University,1017.0,618,,69,,175,
30,Dorchester Avenue north of B Street,2020-09-23,Wednesday,42.3386,-71.0571,Boston,away,Boston University,1169.0,495,18020,46,2157,119,2037
31,Dorchester Avenue north of Doris Street,2020-09-23,Wednesday,42.3137,-71.057,Boston,away,University of Massachusetts-Boston,1467.0,319,13926,36,1455,66,1756
32,Dorchester Avenue north of Dracut Street,2020-09-23,Wednesday,42.2873,-71.0639,Boston,away,University of Massachusetts-Boston,3580.0,118,7848,18,839,10,1038
33,Dorchester Avenue south of Greenwich Street,2020-09-23,Wednesday,42.3025,-71.0596,Boston,away,University of Massachusetts-Boston,2099.0,227,13662,36,1460,32,1697
34,Franklin Street north of Alcott Street,2020-09-23,Wednesday,42.3581,-71.1331,Boston,away,Harvard University,1335.0,600,1288,73,136,138,217
35,Harvard Avenue north of Commonwealth Avenue,2020-09-23,Wednesday,42.3506,-71.1311,Boston,away,Boston University,1758.0,713,12135,78,1285,166,1734
36,L Street north of East Broadway,2020-09-23,Wednesday,42.3361,-71.0354,Boston,away,University of Massachusetts-Boston,2496.0,161,11128,15,1263,39,1557
37,Longfellow Bridge west of Charles Street,2020-09-23,Wednesday,42.3614,-71.0734,Boston,near,Hult International Business School,978.0,1826,14674,264,1759,445,1936
38,Longwood Avenue east of Pilgrim Road,2020-09-23,Wednesday,42.3392,-71.1078,Boston,campus,Simmons University,259.0,1263,7441,230,978,248,937
39,Main Street south of Sullivan Square,2020-09-23,Wednesday,42.384,-71.0725,Boston,campus,Cambridge College,323.0,229,14530,30,1639,53,2172
4,Beacon Street east of Mountfort Street,2020-09-23,Wednesday,42.3478,-71.101,Boston,campus,Boston University,212.0,765,16144,84,1887,185,2313
40,Market Street south of North Beacon Street,2020-09-23,Wednesday,42.3558,-71.1493,Boston,away,Harvard University,2627.0,229,14530,30,1639,53,2172
41,Massachusetts Avenue south of Columbus Avenue,2020-09-23,Wednesday,42.3398,-71.0809,Boston,near,Northeastern University,650.0,1115,18719,147,2001,213,2366
42,Massachusetts Avenue south of Newmarket Square,2020-09-23,Wednesday,42.3261,-71.0662,Boston,away,Boston University,1117.0,295,20822,36,2072,43,2842
43,Massachusetts Avenue south of Shawmut Avenue,2020-09-23,Wednesday,42.3369,-71.0775,Boston,near,Boston University,515.0,924,19758,121,2226,178,2500
44,Massachusetts Avenue north of Back Street,2020-09-23,Wednesday,42.3532,-71.0906,Boston,near,Massachusetts Institute of Technology,705.0,2882,16930,400,1794,751,2260
45,Meridian Street south of Nay Street,2020-09-23,Wednesday,42.3829,-71.0393,Boston,away,MGH Institute of Health Professions,1494.0,59,17689,8,1580,15,2567
46,Mt. Vernon Street west of Harbor Point Boulevard,2020-09-23,Wednesday,42.3188,-71.0451,Boston,near,University of Massachusetts-Boston,737.0,116,5424,16,482,33,768
47,North Harvard Street south of Soldiers Field Road,2020-09-23,Wednesday,42.3677,-71.1243,Boston,near,Harvard University,445.0,1001,6509,121,735,227,875
48,North Washington Street Bridge south of Chelsea Street,2020-09-23,Wednesday,42.3678,-71.059,Boston,near,MGH Institute of Health Professions,892.0,406,23783,71,2612,102,2960
49,Pleasant Street north of Morrill Street,2020-09-23,Wednesday,42.3165,-71.0595,Boston,away,University of Massachusetts-Boston,1700.0,94,8866,9,885,14,1277
5,Beacon Street west of Dartmouth Street,2020-09-23,Wednesday,42.3536,-71.0793,Boston,away,Berklee College of Music,1109.0,337,6377,32,873,95,810
50,Post Office Square north of Milk Street,2020-09-23,Wednesday,42.3572,-71.056,Boston,near,Suffolk University,413.0,430,2949,63,315,90,342
51,Quincy Street west of Ceylon Street,2020-09-23,Wednesday,42.3121,-71.0726,Boston,away,Boston University,2580.0,50,12631,3,1196,15,1720
52,Seaport Boulevard west of Sleeper Street,2020-09-23,Wednesday,42.3537,-71.0497,Boston,away,Suffolk University,1037.0,754,14447,84,1614,197,1867
53,Seaver Street west of Humboldt Avenue,2020-09-23,Wednesday,42.3103,-71.0925,Boston,away,Roxbury Community College,2118.0,44,19173,2,1898,13,2472
54,South Huntington Avenue south of Castleton Street,2020-09-23,Wednesday,42.3224,-71.1121,Boston,away,Roxbury Community College,1565.0,228,8078,25,889,53,959
55,Southwest Corridor Bicycle Path south of Heath Street,2020-09-23,Wednesday,42.3238,-71.0996,Boston,near,Roxbury Community College,692.0,1457,,235,,339,
56,Summer Street east of Dorchester Avenue,2020-09-23,Wednesday,42.351,-71.0519,Boston,near,Tufts University,801.0,618,11878,79,1372,143,1581
57,Talbot Avenue west of New England Avenue,2020-09-23,Wednesday,42.292,-71.0779,Boston,away,University of Massachusetts-Boston,4006.0,53,11259,2,1027,11,1635
58,Warren Street north of Walnut Avenue,2020-09-23,Wednesday,42.3244,-71.0829,Boston,away,Roxbury Community College,1169.0,136,18150,13,1882,17,2332
59,Washington Street East of Beethoven Street,2020-09-23,Wednesday,42.3154,-71.0987,Boston,away,Roxbury Community College,1559.0,81,14357,12,1381,18,1783
6,Beacon Street east of Raleigh Street,2020-09-23,Wednesday,42.3496,-71.0939,Boston,campus,Boston University,347.0,336,12422,38,1640,77,1551
60,Washington Street north of Bexley Road,2020-09-23,Wednesday,42.2883,-71.1261,Boston,away,Roxbury Community College,5200.0,365,15297,46,1620,66,2095
61,Washington Street north of Kenwood Street,2020-09-23,Wednesday,42.2918,-71.0717,Boston,away,University of Massachusetts-Boston,3627.0,90,14679,11,1459,24,1960
62,Washington Street south of Hayward Place,2020-09-23,Wednesday,42.3528,-71.0626,Boston,campus,Emerson College,239.0,127,2947,20,315,18,340
63,Washington Street south of Herald Street,2020-09-23,Wednesday,42.3462,-71.0647,Boston,near,Tufts University,479.0,395,6431,50,810,74,740
64,Weld Street west of Centre Street,2020-09-23,Wednesday,42.2943,-71.1365,Boston,away,Roxbury Community College,5146.0,52,2299,6,263,11,343
65,Western Avenue east of Hague Street,2020-09-23,Wednesday,42.3639,-71.1217,Boston,campus,Harvard University,200.0,433,6240,51,728,106,711
66,Western Avenue west of Waverly Street,2020-09-23,Wednesday,42.3622,-71.1419,Boston,away,Harvard University,1831.0,309,10231,49,1227,70,1399
7,Belgrade Avenue east of Anawan Avenue,2020-09-23,Wednesday,42.2861,-71.1471,Boston,away,Boston College,5620.0,84,10363,7,1212,23,1643
8,Blue Hill Avenue north of Rexford Street,2020-09-23,Wednesday,42.2714,-71.0937,Boston,away,Roxbury Community College,6426.0,82,25002,2,2608,17,3248
9,Blue Hill Avenue north of Seaver Street,2020-09-23,Wednesday,42.3057,-71.0846,Boston,away,Roxbury Community College,2764.0,62,21088,2,2192,17,2720
1,A Street north of Iron Street,2020-09-24,Thursday,42.3459,-71.052,Boston,near,Tufts University,894.0,566,7340,92,794,146,897
10,Brighton Avenue east of St. Lukes Road,2020-09-24,Thursday,42.3523,-71.126,Boston,away,Boston University,1343.0,969,12595,98,1219,196,1871
11,Brookline Avenue south of Francis Street,2020-09-24,Thursday,42.3367,-71.1096,Boston,near,Harvard University,532.0,427,19090,78,2174,77,2413
12,BU Bridge north of Commonwealth Avenue,2020-09-24,Thursday,42.3523,-71.1107,Boston,campus,Boston University,148.0,1814,20691,281,2511,408,2950
13,Cambridge Street east of Lincoln Street,2020-09-24,Thursday,42.3577,-71.1272,Boston,away,Harvard University,1022.0,334,32526,39,3554,70,4555
14,Cambridge Street west of Eleanor Street,2020-09-24,Thursday,42.3513,-71.1445,Boston,away,Harvard University,2539.0,480,12892,62,1478,95,1707
15,Cambridge Street west of Staniford Street,2020-09-24,Thursday,42.3613,-71.0642,Boston,campus,Suffolk University,324.0,1011,14867,163,1922,221,1879
16,Centre Street north of Harris Avenue,2020-09-24,Thursday,42.3113,-71.1145,Boston,away,Roxbury Community College,2534.0,508,12763,52,1351,116,1681
17,Centre Street west of Wise Street,2020-09-24,Thursday,42.3229,-71.1015,Boston,near,Roxbury Community College,860.0,376,13074,39,1347,79,1845
18,Charles River Dam Bridge west of Leverett Circle,2020-09-24,Thursday,42.3671,-71.0689,Boston,campus,Hult International Business School,349.0,1225,27410,158,3172,287,3087
19,Charles Street north of Revere Street,2020-09-24,Thursday,42.3597,-71.0708,Boston,near,Suffolk University,735.0,692,3904,115,542,138,489
2,Adams Street south of Washington Street,2020-09-24,Thursday,42.272,-71.068,Boston,away,University of Massachusetts-Boston,5216.0,59,15965,7,1813,15,2231
20,Chestnut Hill Avenue north of Embassy Road,2020-09-24,Thursday,42.3417,-71.1544,Boston,away,Boston College,1367.0,239,11425,37,1349,65,1588
21,Columbia Road south of Quincy Street,2020-09-24,Thursday,42.3107,-71.0713,Boston,away,University of Massachusetts-Boston,2669.0,119,29506,13,2997,24,3948
22,Columbus Avenue west of Arlington Street,2020-09-24,Thursday,42.3494,-71.0709,Boston,near,Emerson College,528.0,510,4357,99,492,108,628
23,Columbus Avenue west of Holyoke Street,2020-09-24,Thursday,42.3441,-71.0775,Boston,near,Berklee College of Music,991.0,740,6766,113,747,157,966
24,Columbus Avenue west of Massachusetts Avenue,2020-09-24,Thursday,42.3404,-71.082,Boston,near,Northeastern University,561.0,1277,8314,193,871,283,1144
25,Commonwealth Avenue east of Berkeley Street,2020-09-24,Thursday,42.353,-71.0733,Boston,near,Emerson College,629.0,863,6744,97,791,178,905
26,Commonwealth Avenue west of Silber Way,2020-09-24,Thursday,42.3496,-71.102,Boston,campus,Boston University,26.0,1374,10633,164,1063,242,1423
27,Congress Street south of Milk Street,2020-09-24,Thursday,42.3564,-71.0562,Boston,near,Suffolk University,425.0,260,7432,37,794,57,1109
28,D Street south of Fargo Street,2020-09-24,Thursday,42.345,-71.0436,Boston,away,Tufts University,1568.0,186,4416,24,500,37,404
29,D Street south of West Broadway,2020-09-24,Thursday,42.3386,-71.0511,Boston,away,Tufts University,1510.0,198,5627,25,591,54,841
3,Atlantic Avenue south of Commercial Street,2020-09-24,Thursday,42.3635,-71.0511,Boston,away,Suffolk University,1017.0,601,,70,,143,
30,Dorchester Avenue north of B Street,2020-09-24,Thursday,42.3386,-71.0571,Boston,away,Boston University,1169.0,433,18543,53,2348,86,2061
31,Dorchester Avenue north of Doris Street,2020-09-24,Thursday,42.3137,-71.057,Boston,away,University of Massachusetts-Boston,1467.0,289,14065,38,1389,57,1731
32,Dorchester Avenue north of Dracut Street,2020-09-24,Thursday,42.2873,-71.0639,Boston,away,University of Massachusetts-Boston,3580.0,119,7721,17,798,19,1095
33,Dorchester Avenue south of Greenwich Street,2020-09-24,Thursday,42.3025,-71.0596,Boston,away,University of Massachusetts-Boston,2099.0,229,13863,22,1434,49,1681
34,Franklin Street north of Alcott Street,2020-09-24,Thursday,42.3581,-71.1331,Boston,away,Harvard University,1335.0,602,1262,75,137,150,194
35,Harvard Avenue north of Commonwealth Avenue,2020-09-24,Thursday,42.3506,-71.1311,Boston,away,Boston University,1758.0,790,12911,75,1327,175,1774
36,L Street north of East Broadway,2020-09-24,Thursday,42.3361,-71.0354,Boston,away,University of Massachusetts-Boston,2496.0,169,11778,14,1345,53,1609
37,Longfellow Bridge west of Charles Street,2020-09-24,Thursday,42.3614,-71.0734,Boston,near,Hult International Business School,978.0,1868,15073,310,1727,447,1975
38,Longwood Avenue east of Pilgrim Road,2020-09-24,Thursday,42.3392,-71.1078,Boston,campus,Simmons University,259.0,1239,7537,207,973,267,968
39,Main Street south of Sullivan Square,2020-09-24,Thursday,42.384,-71.0725,Boston,campus,Cambridge College,323.0,226,14250,21,1613,52,2157
4,Beacon Street east of Mountfort Street,2020-09-24,Thursday,42.3478,-71.101,Boston,campus,Boston University,212.0,710,16647,81,2000,163,2427
40,Market Street south of North Beacon Street,2020-09-24,Thursday,42.3558,-71.1493,Boston,away,Harvard University,2627.0,226,14250,21,1613,52,2157
41,Massachusetts Avenue south of Columbus Avenue,2020-09-24,Thursday,42.3398,-71.0809,Boston,near,Northeastern University,650.0,1141,19297,153,2131,211,2347
42,Massachusetts Avenue south of Newmarket Square,2020-09-24,Thursday,42.3261,-71.0662,Boston,away,Boston University,1117.0,299,20970,21,2181,45,2737
43,Massachusetts Avenue south of Shawmut Avenue,2020-09-24,Thursday,42.3369,-71.0775,Boston,near,Boston University,515.0,923,19327,124,2312,164,2166
44,Massachusetts Avenue north of Back Street,2020-09-24,Thursday,42.3532,-71.0906,Boston,near,Massachusetts Institute of Technology,705.0,2945,17041,395,1824,734,2232
45,Meridian Street south of Nay Street,2020-09-24,Thursday,42.3829,-71.0393,Boston,away,MGH Institute of Health Professions,1494.0,76,17335,10,1597,10,2448
46,Mt. Vernon Street west of Harbor Point Boulevard,2020-09-24,Thursday,42.3188,-71.0451,Boston,near,University of Massachusetts-Boston,737.0,117,5555,8,500,36,814
47,North Harvard Street south of Soldiers Field Road,2020-09-24,Thursday,42.3677,-71.1243,Boston,near,Harvard University,445.0,1010,6619,120,771,220,880
48,North Washington Street Bridge south of Chelsea Street,2020-09-24,Thursday,42.3678,-71.059,Boston,near,MGH Institute of Health Professions,892.0,433,24297,60,3001,114,2950
49,Pleasant Street north of Morrill Street,2020-09-24,Thursday,42.3165,-71.0595,Boston,away,University of Massachusetts-Boston,1700.0,93,9016,12,897,19,1332
5,Beacon Street west of Dartmouth Street,2020-09-24,Thursday,42.3536,-71.0793,Boston,away,Berklee College of Music,1109.0,307,6591,23,832,71,896
50,Post Office Square north of Milk Street,2020-09-24,Thursday,42.3572,-71.056,Boston,near,Suffolk University,413.0,511,3118,71,325,87,403
51,Quincy Street west of Ceylon Street,2020-09-24,Thursday,42.3121,-71.0726,Boston,away,Boston University,2580.0,61,12754,5,1185,12,1774
52,Seaport Boulevard west of Sleeper Street,2020-09-24,Thursday,42.3537,-71.0497,Boston,away,Suffolk University,1037.0,842,15443,98,1661,180,1993
53,Seaver Street west of Humboldt Avenue,2020-09-24,Thursday,42.3103,-71.0925,Boston,away,Roxbury Community College,2118.0,22,19129,1,1870,5,2478
54,South Huntington Avenue south of Castleton Street,2020-09-24,Thursday,42.3224,-71.1121,Boston,away,Roxbury Community College,1565.0,257,8105,29,932,51,1016
55,Southwest Corridor Bicycle Path south of Heath Street,2020-09-24,Thursday,42.3238,-71.0996,Boston,near,Roxbury Community College,692.0,1401,,219,,308,
56,Summer Street east of Dorchester Avenue,2020-09-24,Thursday,42.351,-71.0519,Boston,near,Tufts University,801.0,631,12476,83,1429,146,1547
57,Talbot Avenue west of New England Avenue,2020-09-24,Thursday,42.292,-71.0779,Boston,away,University of Massachusetts-Boston,4006.0,69,11374,7,1078,11,1652
58,Warren Street north of Walnut Avenue,2020-09-24,Thursday,42.3244,-71.0829,Boston,away,Roxbury Community College,1169.0,155,18932,8,1994,27,2482
59,Washington Street East of Beethoven Street,2020-09-24,Thursday,42.3154,-71.0987,Boston,away,Roxbury Community College,1559.0,84,14351,10,1453,13,1782
6,Beacon Street east of Raleigh Street,2020-09-24,Thursday,42.3496,-71.0939,Boston,campus,Boston University,347.0,266,12891,23,1597,60,1630
60,Washington Street north of Bexley Road,2020-09-24,Thursday,42.2883,-71.1261,Boston,away,Roxbury Community College,5200.0,342,14635,48,1530,69,1959
61,Washington Street north of Kenwood Street,2020-09-24,Thursday,42.2918,-71.0717,Boston,away,University of Massachusetts-Boston,3627.0,103,14591,5,1450,11,1877
62,Washington Street south of Hayward Place,2020-09-24,Thursday,42.3528,-71.0626,Boston,campus,Emerson College,239.0,157,3118,15,325,30,402
63,Washington Street south of Herald Street,2020-09-24,Thursday,42.3462,-71.0647,Boston,near,Tufts University,479.0,444,6661,54,956,69,757
64,Weld Street west of Centre Street,2020-09-24,Thursday,42.2943,-71.1365,Boston,away,Roxbury Community College,5146.0,34,2331,5,311,5,356
65,Western Avenue east of Hague Street,2020-09-24,Thursday,42.3639,-71.1217,Boston,campus,Harvard University,200.0,424,6243,42,757,107,738
66,Western Avenue west of Waverly Street,2020-09-24,Thursday,42.3622,-71.1419,Boston,away,Harvard University,1831.0,283,10354,38,1241,54,1462
7,Belgrade Avenue east of Anawan Avenue,2020-09-24,Thursday,42.2861,-71.1471,Boston,away,Boston College,5620.0,77,10549,8,1213,12,1665
8,Blue Hill Avenue north of Rexford Street,2020-09-24,Thursday,42.2714,-71.0937,Boston,away,Roxbury Community College,6426.0,78,25195,6,2740,9,3253
9,Blue Hill Avenue north of Seaver Street,2020-09-24,Thursday,42.3057,-71.0846,Boston,away,Roxbury Community College,2764.0,70,21699,2,2072,16,2740
1,A Street north of Iron Street,2020-12-08,Tuesday,42.3459,-71.052,Boston,near,Tufts University,894.0,140,6553,29,779,12,975
15,Cambridge Street west of Staniford Street,2020-12-08,Tuesday,42.3613,-71.0642,Boston,campus,Suffolk University,324.0,280,13675,41,1859,67,1775
16,Centre Street north of Harris Avenue,2020-12-08,Tuesday,42.3113,-71.1145,Boston,away,Roxbury Community College,2534.0,162,11940,26,1389,25,1587
18,Charles River Dam Bridge west of Leverett Circle,2020-12-08,Tuesday,42.3671,-71.0689,Boston,campus,Hult International Business School,349.0,384,25810,64,2959,65,3192
19,Charles Street north of Revere Street,2020-12-08,Tuesday,42.3597,-71.0708,Boston,near,Suffolk University,735.0,150,3739,41,553,7,572
21,Columbia Road south of Quincy Street,2020-12-08,Tuesday,42.3107,-71.0713,Boston,away,University of Massachusetts-Boston,2669.0,19,26323,1,2854,4,3228
23,Columbus Avenue west of Holyoke Street,2020-12-08,Tuesday,42.3441,-71.0775,Boston,near,Berklee College of Music,991.0,249,6288,41,745,44,909
26,Commonwealth Avenue west of Silber Way,2020-12-08,Tuesday,42.3496,-71.102,Boston,campus,Boston University,26.0,407,9664,66,1049,59,1336
3,Atlantic Avenue south of Commercial Street,2020-12-08,Tuesday,42.3635,-71.0511,Boston,away,Suffolk University,1017.0,77,,14,,22,
31,Dorchester Avenue north of Doris Street,2020-12-08,Tuesday,42.3137,-71.057,Boston,away,University of Massachusetts-Boston,1467.0,80,12860,7,1338,10,1549
37,Longfellow Bridge west of Charles Street,2020-12-08,Tuesday,42.3614,-71.0734,Boston,near,Hult International Business School,978.0,697,14156,138,1799,123,1721
38,Longwood Avenue east of Pilgrim Road,2020-12-08,Tuesday,42.3392,-71.1078,Boston,campus,Simmons University,259.0,723,7517,152,985,156,970
39,Main Street south of Sullivan Square,2020-12-08,Tuesday,42.384,-71.0725,Boston,campus,Cambridge College,323.0,176,13487,36,1760,29,1783
42,Massachusetts Avenue south of Newmarket Square,2020-12-08,Tuesday,42.3261,-71.0662,Boston,away,Boston University,1117.0,95,19719,12,2098,11,2752
44,Massachusetts Avenue north of Back Street,2020-12-08,Tuesday,42.3532,-71.0906,Boston,near,Massachusetts Institute of Technology,705.0,993,15785,171,1883,169,2054
45,Meridian Street south of Nay Street,2020-12-08,Tuesday,42.3829,-71.0393,Boston,away,MGH Institute of Health Professions,1494.0,21,16582,2,1558,2,2345
52,Seaport Boulevard west of Sleeper Street,2020-12-08,Tuesday,42.3537,-71.0497,Boston,away,Suffolk University,1037.0,174,12036,31,1521,27,1571
55,Southwest Corridor Bicycle Path south of Heath Street,2020-12-08,Tuesday,42.3238,-71.0996,Boston,near,Roxbury Community College,692.0,465,,95,,82,
56,Summer Street east of Dorchester Avenue,2020-12-08,Tuesday,42.351,-71.0519,Boston,near,Tufts University,801.0,181,11260,23,1371,38,1588
58,Warren Street north of Walnut Avenue,2020-12-08,Tuesday,42.3244,-71.0829,Boston,away,Roxbury Community College,1169.0,54,17832,8,1998,3,2215
60,Washington Street north of Bexley Road,2020-12-08,Tuesday,42.2883,-71.1261,Boston,away,Roxbury Community College,5200.0,117,13590,20,1395,20,1836
68,Arlington Street south of Marlborough Street,2020-12-08,Tuesday,42.3545,-71.072,Boston,near,Emerson College,575.0,204,11382,31,1563,44,1703
76,Cummins Highway east of Rugby Road,2020-12-08,Tuesday,42.2709,-71.1027,Boston,away,Roxbury Community College,6507.0,1,13567,0,1385,0,1943
78,American Legion Highway north of Mount Hope Street,2020-12-08,Tuesday,42.2831,-71.114,Boston,away,Roxbury Community College,5347.0,11,24508,2,2587,1,3250
1,A Street north of Iron Street,2020-12-09,Wednesday,42.3459,-71.052,Boston,near,Tufts University,894.0,206,6580,33,773,36,823
15,Cambridge Street west of Staniford Street,2020-12-09,Wednesday,42.3613,-71.0642,Boston,campus,Suffolk University,324.0,293,14012,48,1891,59,1640
16,Centre Street north of Harris Avenue,2020-12-09,Wednesday,42.3113,-71.1145,Boston,away,Roxbury Community College,2534.0,200,12196,21,1317,40,1589
18,Charles River Dam Bridge west of Leverett Circle,2020-12-09,Wednesday,42.3671,-71.0689,Boston,campus,Hult International Business School,349.0,389,26557,60,2971,65,3245
19,Charles Street north of Revere Street,2020-12-09,Wednesday,42.3597,-71.0708,Boston,near,Suffolk University,735.0,136,4025,30,535,12,591
21,Columbia Road south of Quincy Street,2020-12-09,Wednesday,42.3107,-71.0713,Boston,away,University of Massachusetts-Boston,2669.0,20,26657,5,2766,0,3387
23,Columbus Avenue west of Holyoke Street,2020-12-09,Wednesday,42.3441,-71.0775,Boston,near,Berklee College of Music,991.0,262,6589,49,825,52,866
26,Commonwealth Avenue west of Silber Way,2020-12-09,Wednesday,42.3496,-71.102,Boston,campus,Boston University,26.0,429,9795,63,1018,72,1321
3,Atlantic Avenue south of Commercial Street,2020-12-09,Wednesday,42.3635,-71.0511,Boston,away,Suffolk University,1017.0,82,,9,,11,
31,Dorchester Avenue north of Doris Street,2020-12-09,Wednesday,42.3137,-71.057,Boston,away,University of Massachusetts-Boston,1467.0,87,13097,10,1420,11,1608
37,Longfellow Bridge west of Charles Street,2020-12-09,Wednesday,42.3614,-71.0734,Boston,near,Hult International Business School,978.0,766,14344,148,1872,157,1759
38,Longwood Avenue east of Pilgrim Road,2020-12-09,Wednesday,42.3392,-71.1078,Boston,campus,Simmons University,259.0,740,7509,156,1004,136,1036
39,Main Street south of Sullivan Square,2020-12-09,Wednesday,42.384,-71.0725,Boston,campus,Cambridge College,323.0,163,13616,36,1688,20,1783
42,Massachusetts Avenue south of Newmarket Square,2020-12-09,Wednesday,42.3261,-71.0662,Boston,away,Boston University,1117.0,101,19795,9,2146,13,2535
44,Massachusetts Avenue north of Back Street,2020-12-09,Wednesday,42.3532,-71.0906,Boston,near,Massachusetts Institute of Technology,705.0,1026,16334,169,1862,206,2024
45,Meridian Street south of Nay Street,2020-12-09,Wednesday,42.3829,-71.0393,Boston,away,MGH Institute of Health Professions,1494.0,26,16039,3,1495,1,2367
52,Seaport Boulevard west of Sleeper Street,2020-12-09,Wednesday,42.3537,-71.0497,Boston,away,Suffolk University,1037.0,181,12717,30,1527,29,1593
55,Southwest Corridor Bicycle Path south of Heath Street,2020-12-09,Wednesday,42.3238,-71.0996,Boston,near,Roxbury Community College,692.0,471,,78,,76,
56,Summer Street east of Dorchester Avenue,2020-12-09,Wednesday,42.351,-71.0519,Boston,near,Tufts University,801.0,213,11428,38,1375,23,1394
58,Warren Street north of Walnut Avenue,2020-12-09,Wednesday,42.3244,-71.0829,Boston,away,Roxbury Community College,1169.0,51,17962,9,1838,6,2222
60,Washington Street north of Bexley Road,2020-12-09,Wednesday,42.2883,-71.1261,Boston,away,Roxbury Community College,5200.0,115,13924,25,1547,20,1782
76,Cummins Highway east of Rugby Road,2020-12-09,Wednesday,42.2709,-71.1027,Boston,away,Roxbury Community College,6507.0,0,13411,0,1364,0,1937
78,American Legion Highway north of Mount Hope Street,2020-12-09,Wednesday,42.2831,-71.114,Boston,away,Roxbury Community College,5347.0,11,24465,0,2573,2,3259
1,A Street north of Iron Street,2021-03-17,Wednesday,42.3459,-71.052,Boston,near,Tufts University,894.0,217,7330,27,822,47,968
15,Cambridge Street west of Staniford Street,2021-03-17,Wednesday,42.3613,-71.0642,Boston,campus,Suffolk University,324.0,394,16240,51,2154,92,1937
16,Centre Street north of Harris Avenue,2021-03-17,Wednesday,42.3113,-71.1145,Boston,away,Roxbury Community College,2534.0,278,12698,35,1374,65,1675
18,Charles River Dam Bridge west of Leverett Circle,2021-03-17,Wednesday,42.3671,-71.0689,Boston,campus,Hult International Business School,349.0,550,27093,59,3082,120,3184
19,Charles Street north of Revere Street,2021-03-17,Wednesday,42.3597,-71.0708,Boston,near,Suffolk University,735.0,307,3712,54,523,68,478
21,Columbia Road south of Quincy Street,2021-03-17,Wednesday,42.3107,-71.0713,Boston,away,University of Massachusetts-Boston,2669.0,57,29387,4,2849,4,3813
23,Columbus Avenue west of Holyoke Street,2021-03-17,Wednesday,42.3441,-71.0775,Boston,near,Berklee College of Music,991.0,320,7158,55,887,60,1009
26,Commonwealth Avenue west of Silber Way,2021-03-17,Wednesday,42.3496,-71.102,Boston,campus,Boston University,26.0,516,10566,51,1079,106,1428
3,Atlantic Avenue south of Commercial Street,2021-03-17,Wednesday,42.3635,-71.0511,Boston,away,Suffolk University,1017.0,200,,17,,52,
31,Dorchester Avenue north of Doris Street,2021-03-17,Wednesday,42.3137,-71.057,Boston,away,University of Massachusetts-Boston,1467.0,119,13961,12,1514,28,1725
37,Longfellow Bridge west of Charles Street,2021-03-17,Wednesday,42.3614,-71.0734,Boston,near,Hult International Business School,978.0,874,15729,136,1885,190,2063
38,Longwood Avenue east of Pilgrim Road,2021-03-17,Wednesday,42.3392,-71.1078,Boston,campus,Simmons University,259.0,791,8071,142,986,157,1035
39,Main Street south of Sullivan Square,2021-03-17,Wednesday,42.384,-71.0725,Boston,campus,Cambridge College,323.0,142,13914,26,1711,31,1915
42,Massachusetts Avenue south of Newmarket Square,2021-03-17,Wednesday,42.3261,-71.0662,Boston,away,Boston University,1117.0,134,21928,5,2189,17,3055
44,Massachusetts Avenue north of Back Street,2021-03-17,Wednesday,42.3532,-71.0906,Boston,near,Massachusetts Institute of Technology,705.0,1430,18069,205,1933,358,2511
45,Meridian Street south of Nay Street,2021-03-17,Wednesday,42.3829,-71.0393,Boston,away,MGH Institute of Health Professions,1494.0,19,18440,2,1682,1,2457
52,Seaport Boulevard west of Sleeper Street,2021-03-17,Wednesday,42.3537,-71.0497,Boston,away,Suffolk University,1037.0,315,14240,47,1683,88,1920
55,Southwest Corridor Bicycle Path south of Heath Street,2021-03-17,Wednesday,42.3238,-71.0996,Boston,near,Roxbury Community College,692.0,765,,113,,166,
56,Summer Street east of Dorchester Avenue,2021-03-17,Wednesday,42.351,-71.0519,Boston,near,Tufts University,801.0,271,12051,37,1379,48,1555
58,Warren Street north of Walnut Avenue,2021-03-17,Wednesday,42.3244,-71.0829,Boston,away,Roxbury Community College,1169.0,68,19906,13,1967,9,2611
60,Washington Street north of Bexley Road,2021-03-17,Wednesday,42.2883,-71.1261,Boston,away,Roxbury Community College,5200.0,170,15055,27,1542,43,2059
1,A Street north of Iron Street,2021-03-18,Thursday,42.3459,-71.052,Boston,near,Tufts University,894.0,105,7675,27,820,8,1159
15,Cambridge Street west of Staniford Street,2021-03-18,Thursday,42.3613,-71.0642,Boston,campus,Suffolk University,324.0,238,15990,42,1997,37,1973
16,Centre Street north of Harris Avenue,2021-03-18,Thursday,42.3113,-71.1145,Boston,away,Roxbury Community College,2534.0,109,12367,24,1384,7,1673
18,Charles River Dam Bridge west of Leverett Circle,2021-03-18,Thursday,42.3671,-71.0689,Boston,campus,Hult International Business School,349.0,237,28166,39,3286,22,3465
19,Charles Street north of Revere Street,2021-03-18,Thursday,42.3597,-71.0708,Boston,near,Suffolk University,735.0,176,3814,39,504,16,514
21,Columbia Road south of Quincy Street,2021-03-18,Thursday,42.3107,-71.0713,Boston,away,University of Massachusetts-Boston,2669.0,26,28312,4,3082,0,3470
23,Columbus Avenue west of Holyoke Street,2021-03-18,Thursday,42.3441,-71.0775,Boston,near,Berklee College of Music,991.0,163,7239,35,835,25,1077
26,Commonwealth Avenue west of Silber Way,2021-03-18,Thursday,42.3496,-71.102,Boston,campus,Boston University,26.0,519,10965,81,1007,87,1468
3,Atlantic Avenue south of Commercial Street,2021-03-18,Thursday,42.3635,-71.0511,Boston,away,Suffolk University,1017.0,164,,31,,30,
31,Dorchester Avenue north of Doris Street,2021-03-18,Thursday,42.3137,-71.057,Boston,away,University of Massachusetts-Boston,1467.0,50,13827,9,1561,6,1679
37,Longfellow Bridge west of Charles Street,2021-03-18,Thursday,42.3614,-71.0734,Boston,near,Hult International Business School,978.0,491,14930,123,1676,59,1887
38,Longwood Avenue east of Pilgrim Road,2021-03-18,Thursday,42.3392,-71.1078,Boston,campus,Simmons University,259.0,535,8378,139,1006,71,1153
39,Main Street south of Sullivan Square,2021-03-18,Thursday,42.384,-71.0725,Boston,campus,Cambridge College,323.0,69,14104,23,1948,3,1859
42,Massachusetts Avenue south of Newmarket Square,2021-03-18,Thursday,42.3261,-71.0662,Boston,away,Boston University,1117.0,68,20709,5,2129,7,2800
44,Massachusetts Avenue north of Back Street,2021-03-18,Thursday,42.3532,-71.0906,Boston,near,Massachusetts Institute of Technology,705.0,671,18105,165,1900,81,2581
45,Meridian Street south of Nay Street,2021-03-18,Thursday,42.3829,-71.0393,Boston,away,MGH Institute of Health Professions,1494.0,17,17961,3,1680,1,2526
52,Seaport Boulevard west of Sleeper Street,2021-03-18,Thursday,42.3537,-71.0497,Boston,away,Suffolk University,1037.0,139,14532,20,1658,17,1909
55,Southwest Corridor Bicycle Path south of Heath Street,2021-03-18,Thursday,42.3238,-71.0996,Boston,near,Roxbury Community College,692.0,409,,97,,43,
56,Summer Street east of Dorchester Avenue,2021-03-18,Thursday,42.351,-71.0519,Boston,near,Tufts University,801.0,137,12187,29,1383,10,1630
58,Warren Street north of Walnut Avenue,2021-03-18,Thursday,42.3244,-71.0829,Boston,away,Roxbury Community College,1169.0,39,19793,10,2208,3,2497
60,Washington Street north of Bexley Road,2021-03-18,Thursday,42.2883,-71.1261,Boston,away,Roxbury Community College,5200.0,85,14740,18,1735,7,1942
78,American Legion Highway north of Mount Hope Street,2021-05-12,Wednesday,42.2831,-71.114,Boston,away,Roxbury Community College,5347.0,42,27313,2,3032,13,3683
78,American Legion Highway north of Mount Hope Street,2021-05-13,Thursday,42.2831,-71.114,Boston,away,Roxbury Community College,5347.0,55,28208,2,3220,8,3715
76,Cummins Highway east of Rugby Road,2021-05-25,Tuesday,42.2709,-71.1027,Boston,away,Roxbury Community College,6507.0,29,15759,4,1649,4,2305
76,Cummins Highway east of Rugby Road,2021-05-26,Wednesday,42.2709,-71.1027,Boston,away,Roxbury Community College,6507.0,53,15580,1,1643,1,2122
1,A Street north of Iron Street,2021-06-09,Wednesday,42.3459,-71.052,Boston,near,Tufts University,894.0,485,8902,80,923,102,1120
11,Brookline Avenue south of Francis Street,2021-06-09,Wednesday,42.3367,-71.1096,Boston,near,Harvard University,532.0,360,21888,76,2323,55,2889
13,Cambridge Street east of Lincoln Street,2021-06-09,Wednesday,42.3577,-71.1272,Boston,away,Harvard University,1022.0,330,38174,40,4494,59,5297
15,Cambridge Street west of Staniford Street,2021-06-09,Wednesday,42.3613,-71.0642,Boston,campus,Suffolk University,324.0,791,17731,114,2309,170,2371
16,Centre Street north of Harris Avenue,2021-06-09,Wednesday,42.3113,-71.1145,Boston,away,Roxbury Community College,2534.0,463,13790,57,1695,93,1666
18,Charles River Dam Bridge west of Leverett Circle,2021-06-09,Wednesday,42.3671,-71.0689,Boston,campus,Hult International Business School,349.0,1077,31166,145,3455,229,3823
19,Charles Street north of Revere Street,2021-06-09,Wednesday,42.3597,-71.0708,Boston,near,Suffolk University,735.0,659,4331,105,568,113,559
21,Columbia Road south of Quincy Street,2021-06-09,Wednesday,42.3107,-71.0713,Boston,away,University of Massachusetts-Boston,2669.0,80,30798,6,3409,19,3700
23,Columbus Avenue west of Holyoke Street,2021-06-09,Wednesday,42.3441,-71.0775,Boston,near,Berklee College of Music,991.0,599,8095,89,921,155,1157
25,Commonwealth Avenue east of Berkeley Street,2021-06-09,Wednesday,42.353,-71.0733,Boston,near,Emerson College,629.0,855,8226,118,937,196,1114
26,Commonwealth Avenue west of Silber Way,2021-06-09,Wednesday,42.3496,-71.102,Boston,campus,Boston University,26.0,969,9199,109,968,190,1208
28,D Street south of Fargo Street,2021-06-09,Wednesday,42.345,-71.0436,Boston,away,Tufts University,1568.0,181,6106,21,772,38,705
3,Atlantic Avenue south of Commercial Street,2021-06-09,Wednesday,42.3635,-71.0511,Boston,away,Suffolk University,1017.0,616,,68,,141,
31,Dorchester Avenue north of Doris Street,2021-06-09,Wednesday,42.3137,-71.057,Boston,away,University of Massachusetts-Boston,1467.0,235,14984,29,1654,45,1725
33,Dorchester Avenue south of Greenwich Street,2021-06-09,Wednesday,42.3025,-71.0596,Boston,away,University of Massachusetts-Boston,2099.0,173,14669,18,1689,39,1744
34,Franklin Street north of Alcott Street,2021-06-09,Wednesday,42.3581,-71.1331,Boston,away,Harvard University,1335.0,501,1382,61,135,90,191
37,Longfellow Bridge west of Charles Street,2021-06-09,Wednesday,42.3614,-71.0734,Boston,near,Hult International Business School,978.0,1607,17879,258,2024,342,2484
38,Longwood Avenue east of Pilgrim Road,2021-06-09,Wednesday,42.3392,-71.1078,Boston,campus,Simmons University,259.0,1053,8259,236,995,245,1098
39,Main Street south of Sullivan Square,2021-06-09,Wednesday,42.384,-71.0725,Boston,campus,Cambridge College,323.0,407,15398,67,1958,88,2047
4,Beacon Street east of Mountfort Street,2021-06-09,Wednesday,42.3478,-71.101,Boston,campus,Boston University,212.0,627,19372,76,2160,171,2853
42,Massachusetts Avenue south of Newmarket Square,2021-06-09,Wednesday,42.3261,-71.0662,Boston,away,Boston University,1117.0,276,24027,26,2499,55,3208
44,Massachusetts Avenue north of Back Street,2021-06-09,Wednesday,42.3532,-71.0906,Boston,near,Massachusetts Institute of Technology,705.0,2617,21155,375,2176,630,3119
45,Meridian Street south of Nay Street,2021-06-09,Wednesday,42.3829,-71.0393,Boston,away,MGH Institute of Health Professions,1494.0,56,20482,9,1936,10,2822
5,Beacon Street west of Dartmouth Street,2021-06-09,Wednesday,42.3536,-71.0793,Boston,away,Berklee College of Music,1109.0,277,5682,22,720,67,783
52,Seaport Boulevard west of Sleeper Street,2021-06-09,Wednesday,42.3537,-71.0497,Boston,away,Suffolk University,1037.0,900,19745,121,1953,214,2583
55,Southwest Corridor Bicycle Path south of Heath Street,2021-06-09,Wednesday,42.3238,-71.0996,Boston,near,Roxbury Community College,692.0,1273,,179,,282,
56,Summer Street east of Dorchester Avenue,2021-06-09,Wednesday,42.351,-71.0519,Boston,near,Tufts University,801.0,565,15490,79,1743,139,2096
58,Warren Street north of Walnut Avenue,2021-06-09,Wednesday,42.3244,-71.0829,Boston,away,Roxbury Community College,1169.0,106,21203,17,2543,15,2499
6,Beacon Street east of Raleigh Street,2021-06-09,Wednesday,42.3496,-71.0939,Boston,campus,Boston University,347.0,232,13886,20,1684,78,1902
60,Washington Street north of Bexley Road,2021-06-09,Wednesday,42.2883,-71.1261,Boston,away,Roxbury Community College,5200.0,311,16859,40,1863,60,2233
65,Western Avenue east of Hague Street,2021-06-09,Wednesday,42.3639,-71.1217,Boston,campus,Harvard University,200.0,392,6700,58,828,95,874
7,Belgrade Avenue east of Anawan Avenue,2021-06-09,Wednesday,42.2861,-71.1471,Boston,away,Boston College,5620.0,75,11514,16,1366,12,1720
8,Blue Hill Avenue north of Rexford Street,2021-06-09,Wednesday,42.2714,-71.0937,Boston,away,Roxbury Community College,6426.0,50,27714,9,3275,7,3214
1,A Street north of Iron Street,2021-06-10,Thursday,42.3459,-71.052,Boston,near,Tufts University,894.0,552,9049,93,991,131,1144
11,Brookline Avenue south of Francis Street,2021-06-10,Thursday,42.3367,-71.1096,Boston,near,Harvard University,532.0,383,22117,58,2417,74,2880
13,Cambridge Street east of Lincoln Street,2021-06-10,Thursday,42.3577,-71.1272,Boston,away,Harvard University,1022.0,358,38604,39,4435,66,5149
15,Cambridge Street west of Staniford Street,2021-06-10,Thursday,42.3613,-71.0642,Boston,campus,Suffolk University,324.0,936,18014,129,2263,205,2530
16,Centre Street north of Harris Avenue,2021-06-10,Thursday,42.3113,-71.1145,Boston,away,Roxbury Community College,2534.0,510,13973,68,1648,106,1685
18,Charles River Dam Bridge west of Leverett Circle,2021-06-10,Thursday,42.3671,-71.0689,Boston,campus,Hult International Business School,349.0,1241,31726,179,3482,302,3838
19,Charles Street north of Revere Street,2021-06-10,Thursday,42.3597,-71.0708,Boston,near,Suffolk University,735.0,769,4723,109,600,110,614
21,Columbia Road south of Quincy Street,2021-06-10,Thursday,42.3107,-71.0713,Boston,away,University of Massachusetts-Boston,2669.0,115,31483,7,3291,17,3841
23,Columbus Avenue west of Holyoke Street,2021-06-10,Thursday,42.3441,-71.0775,Boston,near,Berklee College of Music,991.0,706,8049,114,887,156,1136
25,Commonwealth Avenue east of Berkeley Street,2021-06-10,Thursday,42.353,-71.0733,Boston,near,Emerson College,629.0,1023,8729,149,926,229,1210
26,Commonwealth Avenue west of Silber Way,2021-06-10,Thursday,42.3496,-71.102,Boston,campus,Boston University,26.0,1243,9336,142,951,259,1208
28,D Street south of Fargo Street,2021-06-10,Thursday,42.345,-71.0436,Boston,away,Tufts University,1568.0,223,6638,19,700,48,804
3,Atlantic Avenue south of Commercial Street,2021-06-10,Thursday,42.3635,-71.0511,Boston,away,Suffolk University,1017.0,661,,82,,153,
31,Dorchester Avenue north of Doris Street,2021-06-10,Thursday,42.3137,-71.057,Boston,away,University of Massachusetts-Boston,1467.0,255,15077,35,1679,41,1731
33,Dorchester Avenue south of Greenwich Street,2021-06-10,Thursday,42.3025,-71.0596,Boston,away,University of Massachusetts-Boston,2099.0,213,14368,34,1637,37,1636
34,Franklin Street north of Alcott Street,2021-06-10,Thursday,42.3581,-71.1331,Boston,away,Harvard University,1335.0,662,1395,79,161,143,194
37,Longfellow Bridge west of Charles Street,2021-06-10,Thursday,42.3614,-71.0734,Boston,near,Hult International Business School,978.0,1823,18354,281,1991,398,2443
38,Longwood Avenue east of Pilgrim Road,2021-06-10,Thursday,42.3392,-71.1078,Boston,campus,Simmons University,259.0,1177,8092,202,932,240,1067
39,Main Street south of Sullivan Square,2021-06-10,Thursday,42.384,-71.0725,Boston,campus,Cambridge College,323.0,490,16096,78,2109,105,2109
4,Beacon Street east of Mountfort Street,2021-06-10,Thursday,42.3478,-71.101,Boston,campus,Boston University,212.0,725,19533,86,2139,174,2940
42,Massachusetts Avenue south of Newmarket Square,2021-06-10,Thursday,42.3261,-71.0662,Boston,away,Boston University,1117.0,232,23719,29,2352,26,3289
44,Massachusetts Avenue north of Back Street,2021-06-10,Thursday,42.3532,-71.0906,Boston,near,Massachusetts Institute of Technology,705.0,3229,21818,441,2182,758,3198
45,Meridian Street south of Nay Street,2021-06-10,Thursday,42.3829,-71.0393,Boston,away,MGH Institute of Health Professions,1494.0,61,21034,7,1963,10,2807
5,Beacon Street west of Dartmouth Street,2021-06-10,Thursday,42.3536,-71.0793,Boston,away,Berklee College of Music,1109.0,372,5695,24,723,131,776
52,Seaport Boulevard west of Sleeper Street,2021-06-10,Thursday,42.3537,-71.0497,Boston,away,Suffolk University,1037.0,1012,21379,134,2088,249,2787
55,Southwest Corridor Bicycle Path south of Heath Street,2021-06-10,Thursday,42.3238,-71.0996,Boston,near,Roxbury Community College,692.0,1519,,214,,319,
56,Summer Street east of Dorchester Avenue,2021-06-10,Thursday,42.351,-71.0519,Boston,near,Tufts University,801.0,688,16208,121,1708,130,2223
58,Warren Street north of Walnut Avenue,2021-06-10,Thursday,42.3244,-71.0829,Boston,away,Roxbury Community College,1169.0,145,21689,13,2417,15,2559
6,Beacon Street east of Raleigh Street,2021-06-10,Thursday,42.3496,-71.0939,Boston,campus,Boston University,347.0,302,13590,34,1683,97,1745
60,Washington Street north of Bexley Road,2021-06-10,Thursday,42.2883,-71.1261,Boston,away,Roxbury Community College,5200.0,357,16961,45,1903,80,2224
65,Western Avenue east of Hague Street,2021-06-10,Thursday,42.3639,-71.1217,Boston,campus,Harvard University,200.0,487,6423,74,813,95,807
7,Belgrade Avenue east of Anawan Avenue,2021-06-10,Thursday,42.2861,-71.1471,Boston,away,Boston College,5620.0,89,11777,11,1385,13,1781
8,Blue Hill Avenue north of Rexford Street,2021-06-10,Thursday,42.2714,-71.0937,Boston,away,Roxbury Community College,6426.0,73,28283,11,3291,18,3506
76,Cummins Highway east of Rugby Road,2021-06-15,Tuesday,42.2709,-71.1027,Boston,away,Roxbury Community College,6507.0,20,13851,3,1333,2,1985
76,Cummins Highway east of Rugby Road,2021-06-16,Wednesday,42.2709,-71.1027,Boston,away,Roxbury Community College,6507.0,14,14423,0,1385,3,2036
1,A Street north of Iron Street,2021-09-29,Wednesday,42.3459,-71.052,Boston,near,Tufts University,894.0,604,9526,99,1089,143,1234
10,Brighton Avenue east of St. Lukes Road,2021-09-29,Wednesday,42.3523,-71.126,Boston,away,Boston University,1343.0,1350,15307,178,1542,269,2334
11,Brookline Avenue south of Francis Street,2021-09-29,Wednesday,42.3367,-71.1096,Boston,near,Harvard University,532.0,465,21734,96,2419,80,2876
12,BU Bridge north of Commonwealth Avenue,2021-09-29,Wednesday,42.3523,-71.1107,Boston,campus,Boston University,148.0,2274,27226,476,3637,546,3739
13,Cambridge Street east of Lincoln Street,2021-09-29,Wednesday,42.3577,-71.1272,Boston,away,Harvard University,1022.0,390,38275,54,4185,85,5028
14,Cambridge Street west of Eleanor Street,2021-09-29,Wednesday,42.3513,-71.1445,Boston,away,Harvard University,2539.0,477,14078,66,1505,112,1713
15,Cambridge Street west of Staniford Street,2021-09-29,Wednesday,42.3613,-71.0642,Boston,campus,Suffolk University,324.0,1074,17640,202,2157,266,2522
16,Centre Street north of Harris Avenue,2021-09-29,Wednesday,42.3113,-71.1145,Boston,away,Roxbury Community College,2534.0,473,13517,60,1617,121,1633
17,Centre Street west of Wise Street,2021-09-29,Wednesday,42.3229,-71.1015,Boston,near,Roxbury Community College,860.0,473,13517,60,1617,121,1633
18,Charles River Dam Bridge west of Leverett Circle,2021-09-29,Wednesday,42.3671,-71.0689,Boston,campus,Hult International Business School,349.0,1137,33517,175,3815,272,3948
19,Charles Street north of Revere Street,2021-09-29,Wednesday,42.3597,-71.0708,Boston,near,Suffolk University,735.0,728,4506,132,581,137,640
2,Adams Street south of Washington Street,2021-09-29,Wednesday,42.272,-71.068,Boston,away,University of Massachusetts-Boston,5216.0,43,18937,7,2566,6,2700
20,Chestnut Hill Avenue north of Embassy Road,2021-09-29,Wednesday,42.3417,-71.1544,Boston,away,Boston College,1367.0,142,13310,18,1550,36,1826
21,Columbia Road south of Quincy Street,2021-09-29,Wednesday,42.3107,-71.0713,Boston,away,University of Massachusetts-Boston,2669.0,94,31274,8,3502,17,3790
22,Columbus Avenue west of Arlington Street,2021-09-29,Wednesday,42.3494,-71.0709,Boston,near,Emerson College,528.0,583,5510,115,621,140,777
23,Columbus Avenue west of Holyoke Street,2021-09-29,Wednesday,42.3441,-71.0775,Boston,near,Berklee College of Music,991.0,711,8500,135,977,173,1237
24,Columbus Avenue west of Massachusetts Avenue,2021-09-29,Wednesday,42.3404,-71.082,Boston,near,Northeastern University,561.0,1304,10457,232,1221,311,1473
25,Commonwealth Avenue east of Berkeley Street,2021-09-29,Wednesday,42.353,-71.0733,Boston,near,Emerson College,629.0,1001,8007,180,1014,206,1050
26,Commonwealth Avenue west of Silber Way,2021-09-29,Wednesday,42.3496,-71.102,Boston,campus,Boston University,26.0,2123,14403,261,1606,375,2062
27,Congress Street south of Milk Street,2021-09-29,Wednesday,42.3564,-71.0562,Boston,near,Suffolk University,425.0,268,10113,70,980,47,1650
28,D Street south of Fargo Street,2021-09-29,Wednesday,42.345,-71.0436,Boston,away,Tufts University,1568.0,185,5518,39,1014,39,478
29,D Street south of West Broadway,2021-09-29,Wednesday,42.3386,-71.0511,Boston,away,Tufts University,1510.0,249,6239,37,690,64,954
3,Atlantic Avenue south of Commercial Street,2021-09-29,Wednesday,42.3635,-71.0511,Boston,away,Suffolk University,1017.0,603,,69,,125,
30,Dorchester Avenue north of B Street,2021-09-29,Wednesday,42.3386,-71.0571,Boston,away,Boston University,1169.0,458,23588,58,2789,107,3264
31,Dorchester Avenue north of Doris Street,2021-09-29,Wednesday,42.3137,-71.057,Boston,away,University of Massachusetts-Boston,1467.0,257,14683,35,1623,57,1747
32,Dorchester Avenue north of Dracut Street,2021-09-29,Wednesday,42.2873,-71.0639,Boston,away,University of Massachusetts-Boston,3580.0,82,8764,9,1044,15,1154
33,Dorchester Avenue south of Greenwich Street,2021-09-29,Wednesday,42.3025,-71.0596,Boston,away,University of Massachusetts-Boston,2099.0,199,14147,26,1644,37,1684
34,Franklin Street north of Alcott Street,2021-09-29,Wednesday,42.3581,-71.1331,Boston,away,Harvard University,1335.0,677,1424,85,156,135,201
35,Harvard Avenue north of Commonwealth Avenue,2021-09-29,Wednesday,42.3506,-71.1311,Boston,away,Boston University,1758.0,868,13638,125,1404,199,1787
36,L Street north of East Broadway,2021-09-29,Wednesday,42.3361,-71.0354,Boston,away,University of Massachusetts-Boston,2496.0,138,13199,20,1402,33,1902
37,Longfellow Bridge west of Charles Street,2021-09-29,Wednesday,42.3614,-71.0734,Boston,near,Hult International Business School,978.0,1950,19642,366,2215,462,2906
38,Longwood Avenue east of Pilgrim Road,2021-09-29,Wednesday,42.3392,-71.1078,Boston,campus,Simmons University,259.0,1470,8526,319,1048,326,1159
39,Main Street south of Sullivan Square,2021-09-29,Wednesday,42.384,-71.0725,Boston,campus,Cambridge College,323.0,415,15470,81,2054,70,2188
4,Beacon Street east of Mountfort Street,2021-09-29,Wednesday,42.3478,-71.101,Boston,campus,Boston University,212.0,695,17060,111,2040,199,2304
40,Market Street south of North Beacon Street,2021-09-29,Wednesday,42.3558,-71.1493,Boston,away,Harvard University,2627.0,249,17060,34,2056,64,2583
41,Massachusetts Avenue south of Columbus Avenue,2021-09-29,Wednesday,42.3398,-71.0809,Boston,near,Northeastern University,650.0,1306,20462,179,2271,269,2578
42,Massachusetts Avenue south of Newmarket Square,2021-09-29,Wednesday,42.3261,-71.0662,Boston,away,Boston University,1117.0,302,24306,44,2756,49,3333
43,Massachusetts Avenue south of Shawmut Avenue,2021-09-29,Wednesday,42.3369,-71.0775,Boston,near,Boston University,515.0,1115,21753,148,2597,221,2667
44,Massachusetts Avenue north of Back Street,2021-09-29,Wednesday,42.3532,-71.0906,Boston,near,Massachusetts Institute of Technology,705.0,4232,21578,705,2332,975,3263
45,Meridian Street south of Nay Street,2021-09-29,Wednesday,42.3829,-71.0393,Boston,away,MGH Institute of Health Professions,1494.0,66,20601,14,2198,14,2823
46,Mt. Vernon Street west of Harbor Point Boulevard,2021-09-29,Wednesday,42.3188,-71.0451,Boston,near,University of Massachusetts-Boston,737.0,117,10264,11,1252,27,1349
47,North Harvard Street south of Soldiers Field Road,2021-09-29,Wednesday,42.3677,-71.1243,Boston,near,Harvard University,445.0,1648,8988,223,1151,357,1294
48,North Washington Street Bridge south of Chelsea Street,2021-09-29,Wednesday,42.3678,-71.059,Boston,near,MGH Institute of Health Professions,892.0,553,30405,96,3713,138,4027
49,Pleasant Street north of Morrill Street,2021-09-29,Wednesday,42.3165,-71.0595,Boston,away,University of Massachusetts-Boston,1700.0,76,9780,14,1200,19,1417
5,Beacon Street west of Dartmouth Street,2021-09-29,Wednesday,42.3536,-71.0793,Boston,away,Berklee College of Music,1109.0,294,6997,37,890,88,891
50,Post Office Square north of Milk Street,2021-09-29,Wednesday,42.3572,-71.056,Boston,near,Suffolk University,413.0,162,3651,23,353,42,579
51,Quincy Street west of Ceylon Street,2021-09-29,Wednesday,42.3121,-71.0726,Boston,away,Boston University,2580.0,35,13116,5,1542,6,1669
52,Seaport Boulevard west of Sleeper Street,2021-09-29,Wednesday,42.3537,-71.0497,Boston,away,Suffolk University,1037.0,973,20499,137,2103,249,2755
53,Seaver Street west of Humboldt Avenue,2021-09-29,Wednesday,42.3103,-71.0925,Boston,away,Roxbury Community College,2118.0,39,18614,0,2205,7,2510
54,South Huntington Avenue south of Castleton Street,2021-09-29,Wednesday,42.3224,-71.1121,Boston,away,Roxbury Community College,1565.0,291,9321,43,1269,61,1103
55,Southwest Corridor Bicycle Path south of Heath Street,2021-09-29,Wednesday,42.3238,-71.0996,Boston,near,Roxbury Community College,692.0,1702,,327,,408,
56,Summer Street east of Dorchester Avenue,2021-09-29,Wednesday,42.351,-71.0519,Boston,near,Tufts University,801.0,721,17690,119,2024,149,2618
57,Talbot Avenue west of New England Avenue,2021-09-29,Wednesday,42.292,-71.0779,Boston,away,University of Massachusetts-Boston,4006.0,61,13078,8,1478,11,1782
58,Warren Street north of Walnut Avenue,2021-09-29,Wednesday,42.3244,-71.0829,Boston,away,Roxbury Community College,1169.0,146,20674,16,2493,30,2593
59,Washington Street East of Beethoven Street,2021-09-29,Wednesday,42.3154,-71.0987,Boston,away,Roxbury Community College,1559.0,93,14022,13,1641,23,1604
6,Beacon Street east of Raleigh Street,2021-09-29,Wednesday,42.3496,-71.0939,Boston,campus,Boston University,347.0,348,13851,44,1745,93,1666
60,Washington Street north of Bexley Road,2021-09-29,Wednesday,42.2883,-71.1261,Boston,away,Roxbury Community College,5200.0,386,16244,59,1993,115,2310
61,Washington Street north of Kenwood Street,2021-09-29,Wednesday,42.2918,-71.0717,Boston,away,University of Massachusetts-Boston,3627.0,74,15075,7,1839,13,1852
62,Washington Street south of Hayward Place,2021-09-29,Wednesday,42.3528,-71.0626,Boston,campus,Emerson College,239.0,598,3469,133,406,98,429
63,Washington Street south of Herald Street,2021-09-29,Wednesday,42.3462,-71.0647,Boston,near,Tufts University,479.0,495,7087,98,1027,82,914
64,Weld Street west of Centre Street,2021-09-29,Wednesday,42.2943,-71.1365,Boston,away,Roxbury Community College,5146.0,35,2653,6,388,6,426
65,Western Avenue east of Hague Street,2021-09-29,Wednesday,42.3639,-71.1217,Boston,campus,Harvard University,200.0,820,7588,128,978,172,1048
66,Western Avenue west of Waverly Street,2021-09-29,Wednesday,42.3622,-71.1419,Boston,away,Harvard University,1831.0,377,11148,54,1507,98,1599
7,Belgrade Avenue east of Anawan Avenue,2021-09-29,Wednesday,42.2861,-71.1471,Boston,away,Boston College,5620.0,71,11342,6,1471,10,1720
8,Blue Hill Avenue north of Rexford Street,2021-09-29,Wednesday,42.2714,-71.0937,Boston,away,Roxbury Community College,6426.0,56,28693,7,3658,12,3570
9,Blue Hill Avenue north of Seaver Street,2021-09-29,Wednesday,42.3057,-71.0846,Boston,away,Roxbury Community College,2764.0,55,22084,7,2825,12,2582
1,A Street north of Iron Street,2021-09-30,Thursday,42.3459,-71.052,Boston,near,Tufts University,894.0,547,9659,97,1080,139,1197
10,Brighton Avenue east of St. Lukes Road,2021-09-30,Thursday,42.3523,-71.126,Boston,away,Boston University,1343.0,1242,15710,158,1520,233,2287
11,Brookline Avenue south of Francis Street,2021-09-30,Thursday,42.3367,-71.1096,Boston,near,Harvard University,532.0,437,22525,99,2534,70,2954
12,BU Bridge north of Commonwealth Avenue,2021-09-30,Thursday,42.3523,-71.1107,Boston,campus,Boston University,148.0,2055,28080,442,3564,454,3809
13,Cambridge Street east of Lincoln Street,2021-09-30,Thursday,42.3577,-71.1272,Boston,away,Harvard University,1022.0,350,40580,53,4443,61,5272
14,Cambridge Street west of Eleanor Street,2021-09-30,Thursday,42.3513,-71.1445,Boston,away,Harvard University,2539.0,455,14546,70,1584,88,1871
15,Cambridge Street west of Staniford Street,2021-09-30,Thursday,42.3613,-71.0642,Boston,campus,Suffolk University,324.0,1058,18790,204,2130,257,2751
16,Centre Street north of Harris Avenue,2021-09-30,Thursday,42.3113,-71.1145,Boston,away,Roxbury Community College,2534.0,457,13541,60,1587,103,1700
17,Centre Street west of Wise Street,2021-09-30,Thursday,42.3229,-71.1015,Boston,near,Roxbury Community College,860.0,457,13541,60,1587,103,1700
18,Charles River Dam Bridge west of Leverett Circle,2021-09-30,Thursday,42.3671,-71.0689,Boston,campus,Hult International Business School,349.0,996,34622,192,3884,210,4118
19,Charles Street north of Revere Street,2021-09-30,Thursday,42.3597,-71.0708,Boston,near,Suffolk University,735.0,674,4670,135,574,123,621
2,Adams Street south of Washington Street,2021-09-30,Thursday,42.272,-71.068,Boston,away,University of Massachusetts-Boston,5216.0,33,19024,3,2491,5,2747
20,Chestnut Hill Avenue north of Embassy Road,2021-09-30,Thursday,42.3417,-71.1544,Boston,away,Boston College,1367.0,120,14354,20,1745,27,1991
21,Columbia Road south of Quincy Street,2021-09-30,Thursday,42.3107,-71.0713,Boston,away,University of Massachusetts-Boston,2669.0,71,31239,7,3454,8,3951
22,Columbus Avenue west of Arlington Street,2021-09-30,Thursday,42.3494,-71.0709,Boston,near,Emerson College,528.0,528,5784,120,588,120,844
23,Columbus Avenue west of Holyoke Street,2021-09-30,Thursday,42.3441,-71.0775,Boston,near,Berklee College of Music,991.0,722,8686,150,935,174,1218
24,Columbus Avenue west of Massachusetts Avenue,2021-09-30,Thursday,42.3404,-71.082,Boston,near,Northeastern University,561.0,1225,10375,238,1219,269,1460
25,Commonwealth Avenue east of Berkeley Street,2021-09-30,Thursday,42.353,-71.0733,Boston,near,Emerson College,629.0,949,8456,145,1077,191,1051
26,Commonwealth Avenue west of Silber Way,2021-09-30,Thursday,42.3496,-71.102,Boston,campus,Boston University,26.0,1948,15366,262,1635,314,2101
27,Congress Street south of Milk Street,2021-09-30,Thursday,42.3564,-71.0562,Boston,near,Suffolk University,425.0,265,11012,68,968,51,1584
28,D Street south of Fargo Street,2021-09-30,Thursday,42.345,-71.0436,Boston,away,Tufts University,1568.0,140,5068,0,0,47,837
29,D Street south of West Broadway,2021-09-30,Thursday,42.3386,-71.0511,Boston,away,Tufts University,1510.0,209,6236,34,676,35,1016
3,Atlantic Avenue south of Commercial Street,2021-09-30,Thursday,42.3635,-71.0511,Boston,away,Suffolk University,1017.0,499,,76,,89,
30,Dorchester Avenue north of B Street,2021-09-30,Thursday,42.3386,-71.0571,Boston,away,Boston University,1169.0,372,23884,50,2805,98,3221
31,Dorchester Avenue north of Doris Street,2021-09-30,Thursday,42.3137,-71.057,Boston,away,University of Massachusetts-Boston,1467.0,184,14691,39,1562,38,1721
32,Dorchester Avenue north of Dracut Street,2021-09-30,Thursday,42.2873,-71.0639,Boston,away,University of Massachusetts-Boston,3580.0,77,8794,10,1093,13,1126
33,Dorchester Avenue south of Greenwich Street,2021-09-30,Thursday,42.3025,-71.0596,Boston,away,University of Massachusetts-Boston,2099.0,194,14106,31,1513,35,1720
34,Franklin Street north of Alcott Street,2021-09-30,Thursday,42.3581,-71.1331,Boston,away,Harvard University,1335.0,604,1533,87,197,133,225
35,Harvard Avenue north of Commonwealth Avenue,2021-09-30,Thursday,42.3506,-71.1311,Boston,away,Boston University,1758.0,761,14007,113,1483,149,1840
36,L Street north of East Broadway,2021-09-30,Thursday,42.3361,-71.0354,Boston,away,University of Massachusetts-Boston,2496.0,109,13306,16,1451,20,1933
37,Longfellow Bridge west of Charles Street,2021-09-30,Thursday,42.3614,-71.0734,Boston,near,Hult International Business School,978.0,1909,20360,374,2224,449,2961
38,Longwood Avenue east of Pilgrim Road,2021-09-30,Thursday,42.3392,-71.1078,Boston,campus,Simmons University,259.0,1394,8969,332,1073,283,1157
39,Main Street south of Sullivan Square,2021-09-30,Thursday,42.384,-71.0725,Boston,campus,Cambridge College,323.0,403,16275,81,2125,91,2208
4,Beacon Street east of Mountfort Street,2021-09-30,Thursday,42.3478,-71.101,Boston,campus,Boston University,212.0,669,18286,109,2054,157,2535
40,Market Street south of North Beacon Street,2021-09-30,Thursday,42.3558,-71.1493,Boston,away,Harvard University,2627.0,222,17301,42,2099,44,2635
41,Massachusetts Avenue south of Columbus Avenue,2021-09-30,Thursday,42.3398,-71.0809,Boston,near,Northeastern University,650.0,1190,21091,183,2206,206,2574
42,Massachusetts Avenue south of Newmarket Square,2021-09-30,Thursday,42.3261,-71.0662,Boston,away,Boston University,1117.0,265,24358,35,2625,48,3272
43,Massachusetts Avenue south of Shawmut Avenue,2021-09-30,Thursday,42.3369,-71.0775,Boston,near,Boston University,515.0,1003,22472,163,2525,169,2679
44,Massachusetts Avenue north of Back Street,2021-09-30,Thursday,42.3532,-71.0906,Boston,near,Massachusetts Institute of Technology,705.0,3933,22692,659,2304,828,3468
45,Meridian Street south of Nay Street,2021-09-30,Thursday,42.3829,-71.0393,Boston,away,MGH Institute of Health Professions,1494.0,41,20517,3,2032,4,2960
46,Mt. Vernon Street west of Harbor Point Boulevard,2021-09-30,Thursday,42.3188,-71.0451,Boston,near,University of Massachusetts-Boston,737.0,109,10093,10,1155,27,1303
47,North Harvard Street south of Soldiers Field Road,2021-09-30,Thursday,42.3677,-71.1243,Boston,near,Harvard University,445.0,1430,8755,187,1087,293,1294
48,North Washington Street Bridge south of Chelsea Street,2021-09-30,Thursday,42.3678,-71.059,Boston,near,MGH Institute of Health Professions,892.0,507,30918,102,3665,115,3837
49,Pleasant Street north of Morrill Street,2021-09-30,Thursday,42.3165,-71.0595,Boston,away,University of Massachusetts-Boston,1700.0,68,9716,15,1156,12,1401
50,Post Office Square north of Milk Street,2021-09-30,Thursday,42.3572,-71.056,Boston,near,Suffolk University,413.0,165,3895,20,338,49,535
51,Quincy Street west of Ceylon Street,2021-09-30,Thursday,42.3121,-71.0726,Boston,away,Boston University,2580.0,38,13268,8,1488,1,1780
52,Seaport Boulevard west of Sleeper Street,2021-09-30,Thursday,42.3537,-71.0497,Boston,away,Suffolk University,1037.0,882,21203,138,2252,209,2796
53,Seaver Street west of Humboldt Avenue,2021-09-30,Thursday,42.3103,-71.0925,Boston,away,Roxbury Community College,2118.0,36,19081,0,2275,7,2450
54,South Huntington Avenue south of Castleton Street,2021-09-30,Thursday,42.3224,-71.1121,Boston,away,Roxbury Community College,1565.0,301,9419,50,1194,69,1216
55,Southwest Corridor Bicycle Path south of Heath Street,2021-09-30,Thursday,42.3238,-71.0996,Boston,near,Roxbury Community College,692.0,1516,,302,,337,
56,Summer Street east of Dorchester Avenue,2021-09-30,Thursday,42.351,-71.0519,Boston,near,Tufts University,801.0,674,18028,125,2010,155,2621
57,Talbot Avenue west of New England Avenue,2021-09-30,Thursday,42.292,-71.0779,Boston,away,University of Massachusetts-Boston,4006.0,55,12843,10,1481,14,1801
58,Warren Street north of Walnut Avenue,2021-09-30,Thursday,42.3244,-71.0829,Boston,away,Roxbury Community College,1169.0,123,21102,17,2434,23,2753
59,Washington Street East of Beethoven Street,2021-09-30,Thursday,42.3154,-71.0987,Boston,away,Roxbury Community College,1559.0,60,14482,7,1612,18,1676
6,Beacon Street east of Raleigh Street,2021-09-30,Thursday,42.3496,-71.0939,Boston,campus,Boston University,347.0,292,14474,43,1714,69,1760
60,Washington Street north of Bexley Road,2021-09-30,Thursday,42.2883,-71.1261,Boston,away,Roxbury Community College,5200.0,284,16736,52,2036,54,2282
61,Washington Street north of Kenwood Street,2021-09-30,Thursday,42.2918,-71.0717,Boston,away,University of Massachusetts-Boston,3627.0,72,14981,8,1828,9,1822
62,Washington Street south of Hayward Place,2021-09-30,Thursday,42.3528,-71.0626,Boston,campus,Emerson College,239.0,567,3603,115,388,98,453
63,Washington Street south of Herald Street,2021-09-30,Thursday,42.3462,-71.0647,Boston,near,Tufts University,479.0,401,6970,75,1038,80,941
64,Weld Street west of Centre Street,2021-09-30,Thursday,42.2943,-71.1365,Boston,away,Roxbury Community College,5146.0,30,2656,8,350,8,420
65,Western Avenue east of Hague Street,2021-09-30,Thursday,42.3639,-71.1217,Boston,campus,Harvard University,200.0,705,7479,115,945,151,1056
66,Western Avenue west of Waverly Street,2021-09-30,Thursday,42.3622,-71.1419,Boston,away,Harvard University,1831.0,348,11646,53,1509,78,1649
7,Belgrade Avenue east of Anawan Avenue,2021-09-30,Thursday,42.2861,-71.1471,Boston,away,Boston College,5620.0,64,11491,11,1452,12,1736
8,Blue Hill Avenue north of Rexford Street,2021-09-30,Thursday,42.2714,-71.0937,Boston,away,Roxbury Community College,6426.0,35,28741,7,3742,3,3503
9,Blue Hill Avenue north of Seaver Street,2021-09-30,Thursday,42.3057,-71.0846,Boston,away,Roxbury Community College,2764.0,33,22550,4,2741,5,2768
68,Arlington Street south of Marlborough Street,2021-11-03,Wednesday,42.3545,-71.072,Boston,near,Emerson College,575.0,503,17590,86,2217,147,2558
69,Beacon Street west of Charles Street,2021-11-03,Wednesday,42.356,-71.0703,Boston,near,Emerson College,564.0,651,14189,63,1579,207,2122
71,Charles Street north of Boylston Street,2021-11-03,Wednesday,42.353,-71.0676,Boston,campus,Emerson College,176.0,367,11010,35,1306,104,1550
73,Tremont Street north of Boylston Street,2021-11-03,Wednesday,42.3541,-71.0639,Boston,campus,Emerson College,244.0,434,12416,33,1246,130,1812
68,Arlington Street south of Marlborough Street,2021-11-04,Thursday,42.3545,-71.072,Boston,near,Emerson College,575.0,459,18387,82,2315,114,2423
69,Beacon Street west of Charles Street,2021-11-04,Thursday,42.356,-71.0703,Boston,near,Emerson College,564.0,588,15004,63,1611,159,2238
71,Charles Street north of Boylston Street,2021-11-04,Thursday,42.353,-71.0676,Boston,campus,Emerson College,176.0,314,12338,37,1354,79,1967
73,Tremont Street north of Boylston Street,2021-11-04,Thursday,42.3541,-71.0639,Boston,campus,Emerson College,244.0,401,13495,40,1244,109,1907
1,A Street north of Iron Street,2021-12-01,Wednesday,42.3459,-71.052,Boston,near,Tufts University,894.0,214,8366,40,1053,55,1076
15,Cambridge Street west of Staniford Street,2021-12-01,Wednesday,42.3613,-71.0642,Boston,campus,Suffolk University,324.0,700,18048,129,2330,204,2733
16,Centre Street north of Harris Avenue,2021-12-01,Wednesday,42.3113,-71.1145,Boston,away,Roxbury Community College,2534.0,202,13037,41,1641,36,1660
18,Charles River Dam Bridge west of Leverett Circle,2021-12-01,Wednesday,42.3671,-71.0689,Boston,campus,Hult International Business School,349.0,416,33571,105,3766,48,4191
19,Charles Street north of Revere Street,2021-12-01,Wednesday,42.3597,-71.0708,Boston,near,Suffolk University,735.0,315,4421,78,505,60,658
21,Columbia Road south of Quincy Street,2021-12-01,Wednesday,42.3107,-71.0713,Boston,away,University of Massachusetts-Boston,2669.0,35,28716,5,3471,5,3549
23,Columbus Avenue west of Holyoke Street,2021-12-01,Wednesday,42.3441,-71.0775,Boston,near,Berklee College of Music,991.0,385,8112,49,906,48,938
26,Commonwealth Avenue west of Silber Way,2021-12-01,Wednesday,42.3496,-71.102,Boston,campus,Boston University,26.0,924,15489,151,1846,152,2230
3,Atlantic Avenue south of Commercial Street,2021-12-01,Wednesday,42.3635,-71.0511,Boston,away,Suffolk University,1017.0,145,,30,,30,
31,Dorchester Avenue north of Doris Street,2021-12-01,Wednesday,42.3137,-71.057,Boston,away,University of Massachusetts-Boston,1467.0,89,14043,18,1524,18,1694
37,Longfellow Bridge west of Charles Street,2021-12-01,Wednesday,42.3614,-71.0734,Boston,near,Hult International Business School,978.0,1053,18813,237,2163,241,2787
38,Longwood Avenue east of Pilgrim Road,2021-12-01,Wednesday,42.3392,-71.1078,Boston,campus,Simmons University,259.0,871,8582,208,1090,181,1097
39,Main Street south of Sullivan Square,2021-12-01,Wednesday,42.384,-71.0725,Boston,campus,Cambridge College,323.0,113,14809,40,2041,7,2066
42,Massachusetts Avenue south of Newmarket Square,2021-12-01,Wednesday,42.3261,-71.0662,Boston,away,Boston University,1117.0,122,23043,24,2605,19,3137
44,Massachusetts Avenue north of Back Street,2021-12-01,Wednesday,42.3532,-71.0906,Boston,near,Massachusetts Institute of Technology,705.0,2018,20608,431,2408,369,3068
45,Meridian Street south of Nay Street,2021-12-01,Wednesday,42.3829,-71.0393,Boston,away,MGH Institute of Health Professions,1494.0,26,18802,0,1964,0,2553
52,Seaport Boulevard west of Sleeper Street,2021-12-01,Wednesday,42.3537,-71.0497,Boston,away,Suffolk University,1037.0,393,17457,70,2093,90,2493
55,Southwest Corridor Bicycle Path south of Heath Street,2021-12-01,Wednesday,42.3238,-71.0996,Boston,near,Roxbury Community College,692.0,932,,211,,189,
56,Summer Street east of Dorchester Avenue,2021-12-01,Wednesday,42.351,-71.0519,Boston,near,Tufts University,801.0,301,14617,64,1802,69,2150
58,Warren Street north of Walnut Avenue,2021-12-01,Wednesday,42.3244,-71.0829,Boston,away,Roxbury Community College,1169.0,72,20151,9,2444,10,2491
60,Washington Street north of Bexley Road,2021-12-01,Wednesday,42.2883,-71.1261,Boston,away,Roxbury Community College,5200.0,182,15807,37,1958,47,2167
1,A Street north of Iron Street,2021-12-02,Thursday,42.3459,-71.052,Boston,near,Tufts University,894.0,311,8744,62,1082,65,1173
15,Cambridge Street west of Staniford Street,2021-12-02,Thursday,42.3613,-71.0642,Boston,campus,Suffolk University,324.0,754,19683,124,2257,177,2936
16,Centre Street north of Harris Avenue,2021-12-02,Thursday,42.3113,-71.1145,Boston,away,Roxbury Community College,2534.0,282,13298,42,1676,65,1721
18,Charles River Dam Bridge west of Leverett Circle,2021-12-02,Thursday,42.3671,-71.0689,Boston,campus,Hult International Business School,349.0,606,33801,115,3773,120,4221
19,Charles Street north of Revere Street,2021-12-02,Thursday,42.3597,-71.0708,Boston,near,Suffolk University,735.0,382,4544,93,548,67,637
21,Columbia Road south of Quincy Street,2021-12-02,Thursday,42.3107,-71.0713,Boston,away,University of Massachusetts-Boston,2669.0,44,28682,6,3420,5,3448
23,Columbus Avenue west of Holyoke Street,2021-12-02,Thursday,42.3441,-71.0775,Boston,near,Berklee College of Music,991.0,310,7524,90,981,51,1064
26,Commonwealth Avenue west of Silber Way,2021-12-02,Thursday,42.3496,-71.102,Boston,campus,Boston University,26.0,990,15361,146,1722,175,2194
3,Atlantic Avenue south of Commercial Street,2021-12-02,Thursday,42.3635,-71.0511,Boston,away,Suffolk University,1017.0,217,,44,,48,
31,Dorchester Avenue north of Doris Street,2021-12-02,Thursday,42.3137,-71.057,Boston,away,University of Massachusetts-Boston,1467.0,105,14520,31,1626,13,1762
37,Longfellow Bridge west of Charles Street,2021-12-02,Thursday,42.3614,-71.0734,Boston,near,Hult International Business School,978.0,1184,19453,241,2216,231,3099
38,Longwood Avenue east of Pilgrim Road,2021-12-02,Thursday,42.3392,-71.1078,Boston,campus,Simmons University,259.0,913,8632,230,1097,177,1147
39,Main Street south of Sullivan Square,2021-12-02,Thursday,42.384,-71.0725,Boston,campus,Cambridge College,323.0,147,15045,45,2053,21,2033
42,Massachusetts Avenue south of Newmarket Square,2021-12-02,Thursday,42.3261,-71.0662,Boston,away,Boston University,1117.0,111,23854,18,2714,23,3244
44,Massachusetts Avenue north of Back Street,2021-12-02,Thursday,42.3532,-71.0906,Boston,near,Massachusetts Institute of Technology,705.0,2445,21320,430,2473,472,3082
45,Meridian Street south of Nay Street,2021-12-02,Thursday,42.3829,-71.0393,Boston,away,MGH Institute of Health Professions,1494.0,23,20103,0,2026,2,2714
52,Seaport Boulevard west of Sleeper Street,2021-12-02,Thursday,42.3537,-71.0497,Boston,away,Suffolk University,1037.0,289,18430,65,2100,40,2620
55,Southwest Corridor Bicycle Path south of Heath Street,2021-12-02,Thursday,42.3238,-71.0996,Boston,near,Roxbury Community College,692.0,951,,189,,177,
56,Summer Street east of Dorchester Avenue,2021-12-02,Thursday,42.351,-71.0519,Boston,near,Tufts University,801.0,397,15242,83,1844,74,2233
58,Warren Street north of Walnut Avenue,2021-12-02,Thursday,42.3244,-71.0829,Boston,away,Roxbury Community College,1169.0,68,21204,11,2679,5,2605
60,Washington Street north of Bexley Road,2021-12-02,Thursday,42.2883,-71.1261,Boston,away,Roxbury Community College,5200.0,197,16117,35,1964,45,2156
68,Arlington Street south of Marlborough Street,2022-03-16,Wednesday,42.3545,-71.072,Boston,near,Emerson College,575.0,458,17868,63,2429,146,2450
69,Beacon Street west of Charles Street,2022-03-16,Wednesday,42.356,-71.0703,Boston,near,Emerson College,564.0,471,14130,38,1452,185,2471
70,Boylston Street east of Arlington Street,2022-03-16,Wednesday,42.3522,-71.0694,Boston,campus,Emerson College,302.0,810,8809,130,1230,173,1367
71,Charles Street north of Boylston Street,2022-03-16,Wednesday,42.353,-71.0676,Boston,campus,Emerson College,176.0,402,11650,37,1264,148,2132
72,Stuart Street east of Tremont Street,2022-03-16,Wednesday,42.351,-71.0642,Boston,campus,Emerson College,165.0,419,16715,95,1846,106,2221
73,Tremont Street north of Boylston Street,2022-03-16,Wednesday,42.3541,-71.0639,Boston,campus,Emerson College,244.0,543,12566,29,1268,155,1815
74,Tremont Street north of School Street,2022-03-16,Wednesday,42.3586,-71.06,Boston,campus,Suffolk University,105.0,422,12235,75,1486,98,1645
89,Boylston Street west of Tremont Street,2022-03-16,Wednesday,42.3525,-71.065,Boston,campus,Emerson College,46.0,824,6470,141,767,189,908
1,A Street north of Iron Street,2022-03-22,Tuesday,42.3459,-71.052,Boston,near,Tufts University,894.0,232,8920,60,1243,46,1064
15,Cambridge Street west of Staniford Street,2022-03-22,Tuesday,42.3613,-71.0642,Boston,campus,Suffolk University,324.0,641,19568,130,2526,181,2617
16,Centre Street north of Harris Avenue,2022-03-22,Tuesday,42.3113,-71.1145,Boston,away,Roxbury Community College,2534.0,228,12886,38,1566,47,1602
18,Charles River Dam Bridge west of Leverett Circle,2022-03-22,Tuesday,42.3671,-71.0689,Boston,campus,Hult International Business School,349.0,604,34512,119,4304,151,4190
19,Charles Street north of Revere Street,2022-03-22,Tuesday,42.3597,-71.0708,Boston,near,Suffolk University,735.0,336,4028,81,541,68,538
21,Columbia Road south of Quincy Street,2022-03-22,Tuesday,42.3107,-71.0713,Boston,away,University of Massachusetts-Boston,2669.0,28,27924,4,3281,9,3395
23,Columbus Avenue west of Holyoke Street,2022-03-22,Tuesday,42.3441,-71.0775,Boston,near,Berklee College of Music,991.0,484,7814,124,919,112,1106
26,Commonwealth Avenue west of Silber Way,2022-03-22,Tuesday,42.3496,-71.102,Boston,campus,Boston University,26.0,839,15134,122,1644,159,2066
3,Atlantic Avenue south of Commercial Street,2022-03-22,Tuesday,42.3635,-71.0511,Boston,away,Suffolk University,1017.0,113,,7,,34,
31,Dorchester Avenue north of Doris Street,2022-03-22,Tuesday,42.3137,-71.057,Boston,away,University of Massachusetts-Boston,1467.0,115,13774,17,1627,24,1656
37,Longfellow Bridge west of Charles Street,2022-03-22,Tuesday,42.3614,-71.0734,Boston,near,Hult International Business School,978.0,1059,19063,251,2246,263,3063
38,Longwood Avenue east of Pilgrim Road,2022-03-22,Tuesday,42.3392,-71.1078,Boston,campus,Simmons University,259.0,915,8227,224,1051,199,1074
39,Main Street south of Sullivan Square,2022-03-22,Tuesday,42.384,-71.0725,Boston,campus,Cambridge College,323.0,129,14573,49,2072,13,1970
42,Massachusetts Avenue south of Newmarket Square,2022-03-22,Tuesday,42.3261,-71.0662,Boston,away,Boston University,1117.0,156,22055,26,2487,22,3023
44,Massachusetts Avenue north of Back Street,2022-03-22,Tuesday,42.3532,-71.0906,Boston,near,Massachusetts Institute of Technology,705.0,2072,20762,386,2377,524,3155
45,Meridian Street south of Nay Street,2022-03-22,Tuesday,42.3829,-71.0393,Boston,away,MGH Institute of Health Professions,1494.0,27,19575,2,2306,7,2731
52,Seaport Boulevard west of Sleeper Street,2022-03-22,Tuesday,42.3537,-71.0497,Boston,away,Suffolk University,1037.0,456,18942,98,2359,108,2627
55,Southwest Corridor Bicycle Path south of Heath Street,2022-03-22,Tuesday,42.3238,-71.0996,Boston,near,Roxbury Community College,692.0,1005,,226,,241,
56,Summer Street east of Dorchester Avenue,2022-03-22,Tuesday,42.351,-71.0519,Boston,near,Tufts University,801.0,372,15434,89,2006,80,2229
58,Warren Street north of Walnut Avenue,2022-03-22,Tuesday,42.3244,-71.0829,Boston,away,Roxbury Community College,1169.0,89,20810,15,2514,15,2591
60,Washington Street north of Bexley Road,2022-03-22,Tuesday,42.2883,-71.1261,Boston,away,Roxbury Community College,5200.0,204,15416,36,1920,47,2105
62,Washington Street south of Hayward Place,2022-03-22,Tuesday,42.3528,-71.0626,Boston,campus,Emerson College,239.0,434,3470,87,384,84,467
1,A Street north of Iron Street,2022-03-23,Wednesday,42.3459,-71.052,Boston,near,Tufts University,894.0,215,9506,41,1300,57,1225
15,Cambridge Street west of Staniford Street,2022-03-23,Wednesday,42.3613,-71.0642,Boston,campus,Suffolk University,324.0,663,19949,121,2204,161,2840
16,Centre Street north of Harris Avenue,2022-03-23,Wednesday,42.3113,-71.1145,Boston,away,Roxbury Community College,2534.0,230,12902,40,1549,58,1657
18,Charles River Dam Bridge west of Leverett Circle,2022-03-23,Wednesday,42.3671,-71.0689,Boston,campus,Hult International Business School,349.0,595,36600,121,4312,155,4530
19,Charles Street north of Revere Street,2022-03-23,Wednesday,42.3597,-71.0708,Boston,near,Suffolk University,735.0,388,4190,110,603,83,577
21,Columbia Road south of Quincy Street,2022-03-23,Wednesday,42.3107,-71.0713,Boston,away,University of Massachusetts-Boston,2669.0,28,28678,1,3289,5,3534
23,Columbus Avenue west of Holyoke Street,2022-03-23,Wednesday,42.3441,-71.0775,Boston,near,Berklee College of Music,991.0,447,8496,94,1038,112,1182
26,Commonwealth Avenue west of Silber Way,2022-03-23,Wednesday,42.3496,-71.102,Boston,campus,Boston University,26.0,790,15547,114,1576,166,2189
3,Atlantic Avenue south of Commercial Street,2022-03-23,Wednesday,42.3635,-71.0511,Boston,away,Suffolk University,1017.0,318,,68,,66,
31,Dorchester Avenue north of Doris Street,2022-03-23,Wednesday,42.3137,-71.057,Boston,away,University of Massachusetts-Boston,1467.0,96,13833,19,1580,26,1665
37,Longfellow Bridge west of Charles Street,2022-03-23,Wednesday,42.3614,-71.0734,Boston,near,Hult International Business School,978.0,1102,19577,254,2388,276,3034
38,Longwood Avenue east of Pilgrim Road,2022-03-23,Wednesday,42.3392,-71.1078,Boston,campus,Simmons University,259.0,819,8313,201,1055,162,1055
39,Main Street south of Sullivan Square,2022-03-23,Wednesday,42.384,-71.0725,Boston,campus,Cambridge College,323.0,142,14734,45,2003,17,2063
42,Massachusetts Avenue south of Newmarket Square,2022-03-23,Wednesday,42.3261,-71.0662,Boston,away,Boston University,1117.0,121,22080,10,2446,26,2927
44,Massachusetts Avenue north of Back Street,2022-03-23,Wednesday,42.3532,-71.0906,Boston,near,Massachusetts Institute of Technology,705.0,2017,20741,374,2519,481,3051
45,Meridian Street south of Nay Street,2022-03-23,Wednesday,42.3829,-71.0393,Boston,away,MGH Institute of Health Professions,1494.0,17,19482,0,2438,3,2633
52,Seaport Boulevard west of Sleeper Street,2022-03-23,Wednesday,42.3537,-71.0497,Boston,away,Suffolk University,1037.0,452,20047,89,2408,110,2725
55,Southwest Corridor Bicycle Path south of Heath Street,2022-03-23,Wednesday,42.3238,-71.0996,Boston,near,Roxbury Community College,692.0,853,,190,,193,
56,Summer Street east of Dorchester Avenue,2022-03-23,Wednesday,42.351,-71.0519,Boston,near,Tufts University,801.0,361,16129,72,2101,80,2139
58,Warren Street north of Walnut Avenue,2022-03-23,Wednesday,42.3244,-71.0829,Boston,away,Roxbury Community College,1169.0,74,21023,17,2518,16,2560
60,Washington Street north of Bexley Road,2022-03-23,Wednesday,42.2883,-71.1261,Boston,away,Roxbury Community College,5200.0,209,15711,41,1871,47,2112
62,Washington Street south of Hayward Place,2022-03-23,Wednesday,42.3528,-71.0626,Boston,campus,Emerson College,239.0,420,3516,88,397,74,418
3,Atlantic Avenue south of Commercial Street,2022-06-14,Tuesday,42.3635,-71.0511,Boston,away,Suffolk University,1017.0,720,,82,,138,
33,Dorchester Avenue south of Greenwich Street,2022-06-14,Tuesday,42.3025,-71.0596,Boston,away,University of Massachusetts-Boston,2099.0,205,12914,37,1502,43,1553
45,Meridian Street south of Nay Street,2022-06-14,Tuesday,42.3829,-71.0393,Boston,away,MGH Institute of Health Professions,1494.0,88,21031,5,2084,22,2796
5,Beacon Street west of Dartmouth Street,2022-06-14,Tuesday,42.3536,-71.0793,Boston,away,Berklee College of Music,1109.0,389,8549,29,930,114,884
58,Warren Street north of Walnut Avenue,2022-06-14,Tuesday,42.3244,-71.0829,Boston,away,Roxbury Community College,1169.0,151,21409,19,2520,32,2605
6,Beacon Street east of Raleigh Street,2022-06-14,Tuesday,42.3496,-71.0939,Boston,campus,Boston University,347.0,324,13768,36,1482,99,1656
62,Washington Street south of Hayward Place,2022-06-14,Tuesday,42.3528,-71.0626,Boston,campus,Emerson College,239.0,573,3567,76,387,100,455
67,Neponset Greenway east of Blue Hill Avenue,2022-06-14,Tuesday,42.2672,-71.0934,Boston,away,University of Massachusetts-Boston,6840.0,133,,16,,32,
1,A Street north of Iron Street,2022-06-15,Wednesday,42.3459,-71.052,Boston,near,Tufts University,894.0,569,10099,102,1176,130,1213
11,Brookline Avenue south of Francis Street,2022-06-15,Wednesday,42.3367,-71.1096,Boston,near,Harvard University,532.0,475,14308,57,1762,101,1685
13,Cambridge Street east of Lincoln Street,2022-06-15,Wednesday,42.3577,-71.1272,Boston,away,Harvard University,1022.0,313,38023,54,4405,58,5071
15,Cambridge Street west of Staniford Street,2022-06-15,Wednesday,42.3613,-71.0642,Boston,campus,Suffolk University,324.0,1159,19413,189,2286,309,2642
16,Centre Street north of Harris Avenue,2022-06-15,Wednesday,42.3113,-71.1145,Boston,away,Roxbury Community College,2534.0,475,14308,57,1762,101,1685
18,Charles River Dam Bridge west of Leverett Circle,2022-06-15,Wednesday,42.3671,-71.0689,Boston,campus,Hult International Business School,349.0,1148,36597,208,4315,213,4343
19,Charles Street north of Revere Street,2022-06-15,Wednesday,42.3597,-71.0708,Boston,near,Suffolk University,735.0,651,5051,139,592,150,759
21,Columbia Road south of Quincy Street,2022-06-15,Wednesday,42.3107,-71.0713,Boston,away,University of Massachusetts-Boston,2669.0,69,29000,5,3300,7,3495
23,Columbus Avenue west of Holyoke Street,2022-06-15,Wednesday,42.3441,-71.0775,Boston,near,Berklee College of Music,991.0,815,8886,168,1005,179,1225
25,Commonwealth Avenue east of Berkeley Street,2022-06-15,Wednesday,42.353,-71.0733,Boston,near,Emerson College,629.0,1250,9975,208,1119,266,1419
26,Commonwealth Avenue west of Silber Way,2022-06-15,Wednesday,42.3496,-71.102,Boston,campus,Boston University,26.0,1065,12482,155,1489,264,1774
28,D Street south of Fargo Street,2022-06-15,Wednesday,42.345,-71.0436,Boston,away,Tufts University,1568.0,251,7508,36,968,66,887
3,Atlantic Avenue south of Commercial Street,2022-06-15,Wednesday,42.3635,-71.0511,Boston,away,Suffolk University,1017.0,685,,80,,155,
33,Dorchester Avenue south of Greenwich Street,2022-06-15,Wednesday,42.3025,-71.0596,Boston,away,University of Massachusetts-Boston,2099.0,191,13352,26,1533,39,1481
34,Franklin Street north of Alcott Street,2022-06-15,Wednesday,42.3581,-71.1331,Boston,away,Harvard University,1335.0,603,1391,92,195,145,181
37,Longfellow Bridge west of Charles Street,2022-06-15,Wednesday,42.3614,-71.0734,Boston,near,Hult International Business School,978.0,2046,21883,425,2347,498,3347
38,Longwood Avenue east of Pilgrim Road,2022-06-15,Wednesday,42.3392,-71.1078,Boston,campus,Simmons University,259.0,1233,8847,276,986,273,1261
39,Main Street south of Sullivan Square,2022-06-15,Wednesday,42.384,-71.0725,Boston,campus,Cambridge College,323.0,593,16330,119,2003,124,2167
4,Beacon Street east of Mountfort Street,2022-06-15,Wednesday,42.3478,-71.101,Boston,campus,Boston University,212.0,683,19209,110,2124,174,2658
42,Massachusetts Avenue south of Newmarket Square,2022-06-15,Wednesday,42.3261,-71.0662,Boston,away,Boston University,1117.0,288,25566,49,2756,50,3356
44,Massachusetts Avenue north of Back Street,2022-06-15,Wednesday,42.3532,-71.0906,Boston,near,Massachusetts Institute of Technology,705.0,4095,23329,683,2312,1027,3594
45,Meridian Street south of Nay Street,2022-06-15,Wednesday,42.3829,-71.0393,Boston,away,MGH Institute of Health Professions,1494.0,72,19962,6,1989,11,2522
5,Beacon Street west of Dartmouth Street,2022-06-15,Wednesday,42.3536,-71.0793,Boston,away,Berklee College of Music,1109.0,370,6706,29,808,111,945
52,Seaport Boulevard west of Sleeper Street,2022-06-15,Wednesday,42.3537,-71.0497,Boston,away,Suffolk University,1037.0,1103,22127,216,2437,297,2537
55,Southwest Corridor Bicycle Path south of Heath Street,2022-06-15,Wednesday,42.3238,-71.0996,Boston,near,Roxbury Community College,692.0,1630,,320,,357,
56,Summer Street east of Dorchester Avenue,2022-06-15,Wednesday,42.351,-71.0519,Boston,near,Tufts University,801.0,789,18291,132,2062,174,2479
58,Warren Street north of Walnut Avenue,2022-06-15,Wednesday,42.3244,-71.0829,Boston,away,Roxbury Community College,1169.0,162,21695,15,2502,23,2555
6,Beacon Street east of Raleigh Street,2022-06-15,Wednesday,42.3496,-71.0939,Boston,campus,Boston University,347.0,342,14310,33,1529,123,1698
60,Washington Street north of Bexley Road,2022-06-15,Wednesday,42.2883,-71.1261,Boston,away,Roxbury Community College,5200.0,386,17520,55,2129,91,2351
62,Washington Street south of Hayward Place,2022-06-15,Wednesday,42.3528,-71.0626,Boston,campus,Emerson College,239.0,799,3713,91,441,117,414
65,Western Avenue east of Hague Street,2022-06-15,Wednesday,42.3639,-71.1217,Boston,campus,Harvard University,200.0,618,7828,125,1053,148,1074
67,Neponset Greenway east of Blue Hill Avenue,2022-06-15,Wednesday,42.2672,-71.0934,Boston,away,University of Massachusetts-Boston,6840.0,163,,25,,29,
7,Belgrade Avenue east of Anawan Avenue,2022-06-15,Wednesday,42.2861,-71.1471,Boston,away,Boston College,5620.0,94,12153,9,1600,16,1846
8,Blue Hill Avenue north of Rexford Street,2022-06-15,Wednesday,42.2714,-71.0937,Boston,away,Roxbury Community College,6426.0,36,29003,4,3768,13,3568
1,A Street north of Iron Street,2022-06-16,Thursday,42.3459,-71.052,Boston,near,Tufts University,894.0,557,10683,103,1185,122,1175
11,Brookline Avenue south of Francis Street,2022-06-16,Thursday,42.3367,-71.1096,Boston,near,Harvard University,532.0,486,13470,61,1608,125,1580
13,Cambridge Street east of Lincoln Street,2022-06-16,Thursday,42.3577,-71.1272,Boston,away,Harvard University,1022.0,356,38483,60,4334,86,4889
15,Cambridge Street west of Staniford Street,2022-06-16,Thursday,42.3613,-71.0642,Boston,campus,Suffolk University,324.0,1248,21587,206,2394,319,2940
16,Centre Street north of Harris Avenue,2022-06-16,Thursday,42.3113,-71.1145,Boston,away,Roxbury Community College,2534.0,486,13470,61,1608,125,1580
18,Charles River Dam Bridge west of Leverett Circle,2022-06-16,Thursday,42.3671,-71.0689,Boston,campus,Hult International Business School,349.0,1146,36977,220,4227,243,4518
19,Charles Street north of Revere Street,2022-06-16,Thursday,42.3597,-71.0708,Boston,near,Suffolk University,735.0,601,5357,137,556,99,853
21,Columbia Road south of Quincy Street,2022-06-16,Thursday,42.3107,-71.0713,Boston,away,University of Massachusetts-Boston,2669.0,92,28551,6,3209,19,3190
23,Columbus Avenue west of Holyoke Street,2022-06-16,Thursday,42.3441,-71.0775,Boston,near,Berklee College of Music,991.0,723,9163,139,934,189,1373
28,D Street south of Fargo Street,2022-06-16,Thursday,42.345,-71.0436,Boston,away,Tufts University,1568.0,241,7244,51,953,52,888
34,Franklin Street north of Alcott Street,2022-06-16,Thursday,42.3581,-71.1331,Boston,away,Harvard University,1335.0,664,1480,95,182,150,234
37,Longfellow Bridge west of Charles Street,2022-06-16,Thursday,42.3614,-71.0734,Boston,near,Hult International Business School,978.0,1982,21872,402,2157,461,3583
38,Longwood Avenue east of Pilgrim Road,2022-06-16,Thursday,42.3392,-71.1078,Boston,campus,Simmons University,259.0,1128,8869,276,1025,211,1147
39,Main Street south of Sullivan Square,2022-06-16,Thursday,42.384,-71.0725,Boston,campus,Cambridge College,323.0,576,16515,129,2017,124,2272
4,Beacon Street east of Mountfort Street,2022-06-16,Thursday,42.3478,-71.101,Boston,campus,Boston University,212.0,654,19661,98,2234,153,2561
42,Massachusetts Avenue south of Newmarket Square,2022-06-16,Thursday,42.3261,-71.0662,Boston,away,Boston University,1117.0,210,24879,30,2753,32,3485
44,Massachusetts Avenue north of Back Street,2022-06-16,Thursday,42.3532,-71.0906,Boston,near,Massachusetts Institute of Technology,705.0,3943,22763,612,2369,883,3226
52,Seaport Boulevard west of Sleeper Street,2022-06-16,Thursday,42.3537,-71.0497,Boston,away,Suffolk University,1037.0,1001,24264,193,2356,246,2918
55,Southwest Corridor Bicycle Path south of Heath Street,2022-06-16,Thursday,42.3238,-71.0996,Boston,near,Roxbury Community College,692.0,1548,,308,,373,
56,Summer Street east of Dorchester Avenue,2022-06-16,Thursday,42.351,-71.0519,Boston,near,Tufts University,801.0,741,20080,123,2137,144,2686
60,Washington Street north of Bexley Road,2022-06-16,Thursday,42.2883,-71.1261,Boston,away,Roxbury Community College,5200.0,390,16917,59,2005,58,2202
65,Western Avenue east of Hague Street,2022-06-16,Thursday,42.3639,-71.1217,Boston,campus,Harvard University,200.0,546,7704,86,976,145,961
7,Belgrade Avenue east of Anawan Avenue,2022-06-16,Thursday,42.2861,-71.1471,Boston,away,Boston College,5620.0,85,12216,13,1569,11,1846
8,Blue Hill Avenue north of Rexford Street,2022-06-16,Thursday,42.2714,-71.0937,Boston,away,Roxbury Community College,6426.0,37,28681,4,3812,7,3358
68,Arlington Street south of Marlborough Street,2022-06-22,Wednesday,42.3545,-71.072,Boston,near,Emerson College,575.0,872,17860,131,2341,227,2644
69,Beacon Street west of Charles Street,2022-06-22,Wednesday,42.356,-71.0703,Boston,near,Emerson College,564.0,1051,16390,104,1589,322,2733
70,Boylston Street east of Arlington Street,2022-06-22,Wednesday,42.3522,-71.0694,Boston,campus,Emerson College,302.0,1436,9582,292,1163,274,1424
71,Charles Street north of Boylston Street,2022-06-22,Wednesday,42.353,-71.0676,Boston,campus,Emerson College,176.0,768,12723,75,1316,221,1841
72,Stuart Street east of Tremont Street,2022-06-22,Wednesday,42.351,-71.0642,Boston,campus,Emerson College,165.0,722,17438,135,1933,165,2155
73,Tremont Street north of Boylston Street,2022-06-22,Wednesday,42.3541,-71.0639,Boston,campus,Emerson College,244.0,974,11344,99,1062,280,1693
74,Tremont Street north of School Street,2022-06-22,Wednesday,42.3586,-71.06,Boston,campus,Suffolk University,105.0,716,12714,155,1538,145,1677
89,Boylston Street west of Tremont Street,2022-06-22,Wednesday,42.3525,-71.065,Boston,campus,Emerson College,46.0,1670,6599,336,749,371,975
31,Dorchester Avenue north of Doris Street,2022-06-29,Wednesday,42.3137,-71.057,Boston,away,University of Massachusetts-Boston,1467.0,218,13278,34,1401,40,1524
31,Dorchester Avenue north of Doris Street,2022-06-30,Thursday,42.3137,-71.057,Boston,away,University of Massachusetts-Boston,1467.0,231,14039,37,1440,39,1524
68,Arlington Street south of Marlborough Street,2022-09-21,Wednesday,42.3545,-71.072,Boston,near,Emerson College,575.0,977,19295,151,2582,280,2500
69,Beacon Street west of Charles Street,2022-09-21,Wednesday,42.356,-71.0703,Boston,near,Emerson College,564.0,860,16039,97,1648,325,2508
70,Boylston Street east of Arlington Street,2022-09-21,Wednesday,42.3522,-71.0694,Boston,campus,Emerson College,302.0,1611,9184,328,1258,336,1277
71,Charles Street north of Boylston Street,2022-09-21,Wednesday,42.353,-71.0676,Boston,campus,Emerson College,176.0,781,14061,90,1760,236,2049
72,Stuart Street east of Tremont Street,2022-09-21,Wednesday,42.351,-71.0642,Boston,campus,Emerson College,165.0,824,16466,173,1865,208,1952
73,Tremont Street north of Boylston Street,2022-09-21,Wednesday,42.3541,-71.0639,Boston,campus,Emerson College,244.0,1176,13855,102,1427,346,2038
89,Boylston Street west of Tremont Street,2022-09-21,Wednesday,42.3525,-71.065,Boston,campus,Emerson College,46.0,1890,6873,352,830,452,967
18,Charles River Dam Bridge west of Leverett Circle,2022-09-27,Tuesday,42.3671,-71.0689,Boston,campus,Hult International Business School,349.0,1267,36814,278,4274,319,4325
2,Adams Street south of Washington Street,2022-09-27,Tuesday,42.272,-71.068,Boston,away,University of Massachusetts-Boston,5216.0,28,19598,3,2726,6,2690
25,Commonwealth Avenue east of Berkeley Street,2022-09-27,Tuesday,42.353,-71.0733,Boston,near,Emerson College,629.0,1219,9122,220,1240,324,1266
27,Congress Street south of Milk Street,2022-09-27,Tuesday,42.3564,-71.0562,Boston,near,Suffolk University,425.0,300,10775,85,1272,38,1569
3,Atlantic Avenue south of Commercial Street,2022-09-27,Tuesday,42.3635,-71.0511,Boston,away,Suffolk University,1017.0,613,,98,,148,
46,Mt. Vernon Street west of Harbor Point Boulevard,2022-09-27,Tuesday,42.3188,-71.0451,Boston,near,University of Massachusetts-Boston,737.0,176,9891,15,1183,24,1250
51,Quincy Street west of Ceylon Street,2022-09-27,Tuesday,42.3121,-71.0726,Boston,away,Boston University,2580.0,75,13361,13,1600,15,1720
66,Western Avenue west of Waverly Street,2022-09-27,Tuesday,42.3622,-71.1419,Boston,away,Harvard University,1831.0,512,11137,82,1519,116,1635
67,Neponset Greenway east of Blue Hill Avenue,2022-09-27,Tuesday,42.2672,-71.0934,Boston,away,University of Massachusetts-Boston,6840.0,123,,10,,34,
82,North Beacon Street west of Glencoe Street,2022-09-27,Tuesday,42.3559,-71.1482,Boston,away,Harvard University,2539.0,165,10899,23,1407,34,1740
9,Blue Hill Avenue north of Seaver Street,2022-09-27,Tuesday,42.3057,-71.0846,Boston,away,Roxbury Community College,2764.0,51,21584,9,2618,10,2732
90,Boylston Street west of Fairfield Street,2022-09-27,Tuesday,42.3487,-71.0824,Boston,near,Berklee College of Music,589.0,583,10904,89,1162,101,1632
1,A Street north of Iron Street,2022-09-28,Wednesday,42.3459,-71.052,Boston,near,Tufts University,894.0,600,10166,119,1306,155,1252
10,Brighton Avenue east of St. Lukes Road,2022-09-28,Wednesday,42.3523,-71.126,Boston,away,Boston University,1343.0,1349,15023,187,1440,271,2237
11,Brookline Avenue south of Francis Street,2022-09-28,Wednesday,42.3367,-71.1096,Boston,near,Harvard University,532.0,505,21906,114,2375,89,2904
12,BU Bridge north of Commonwealth Avenue,2022-09-28,Wednesday,42.3523,-71.1107,Boston,campus,Boston University,148.0,2267,28768,488,3872,514,3538
13,Cambridge Street east of Lincoln Street,2022-09-28,Wednesday,42.3577,-71.1272,Boston,away,Harvard University,1022.0,403,36231,60,4296,92,4737
14,Cambridge Street west of Eleanor Street,2022-09-28,Wednesday,42.3513,-71.1445,Boston,away,Harvard University,2539.0,578,13358,101,1501,128,1621
15,Cambridge Street west of Staniford Street,2022-09-28,Wednesday,42.3613,-71.0642,Boston,campus,Suffolk University,324.0,1261,20875,219,2450,337,2991
16,Centre Street north of Harris Avenue,2022-09-28,Wednesday,42.3113,-71.1145,Boston,away,Roxbury Community College,2534.0,418,12746,61,1635,63,1287
17,Centre Street west of Wise Street,2022-09-28,Wednesday,42.3229,-71.1015,Boston,near,Roxbury Community College,860.0,429,13565,62,1476,97,1772
19,Charles Street north of Revere Street,2022-09-28,Wednesday,42.3597,-71.0708,Boston,near,Suffolk University,735.0,743,4849,193,561,145,725
2,Adams Street south of Washington Street,2022-09-28,Wednesday,42.272,-71.068,Boston,away,University of Massachusetts-Boston,5216.0,20,19792,3,2732,4,2616
21,Columbia Road south of Quincy Street,2022-09-28,Wednesday,42.3107,-71.0713,Boston,away,University of Massachusetts-Boston,2669.0,88,29246,14,3327,14,3531
23,Columbus Avenue west of Holyoke Street,2022-09-28,Wednesday,42.3441,-71.0775,Boston,near,Berklee College of Music,991.0,953,8576,200,980,234,1124
24,Columbus Avenue west of Massachusetts Avenue,2022-09-28,Wednesday,42.3404,-71.082,Boston,near,Northeastern University,561.0,1606,10141,336,1178,353,1424
28,D Street south of Fargo Street,2022-09-28,Wednesday,42.345,-71.0436,Boston,away,Tufts University,1568.0,104,6789,10,1084,19,750
29,D Street south of West Broadway,2022-09-28,Wednesday,42.3386,-71.0511,Boston,away,Tufts University,1510.0,219,5409,38,647,52,861
3,Atlantic Avenue south of Commercial Street,2022-09-28,Wednesday,42.3635,-71.0511,Boston,away,Suffolk University,1017.0,508,,64,,136,
30,Dorchester Avenue north of B Street,2022-09-28,Wednesday,42.3386,-71.0571,Boston,away,Boston University,1169.0,568,24318,106,3148,139,3081
31,Dorchester Avenue north of Doris Street,2022-09-28,Wednesday,42.3137,-71.057,Boston,away,University of Massachusetts-Boston,1467.0,238,13754,36,1493,55,1598
32,Dorchester Avenue north of Dracut Street,2022-09-28,Wednesday,42.2873,-71.0639,Boston,away,University of Massachusetts-Boston,3580.0,84,8319,9,986,15,1073
33,Dorchester Avenue south of Greenwich Street,2022-09-28,Wednesday,42.3025,-71.0596,Boston,away,University of Massachusetts-Boston,2099.0,294,13087,48,1477,57,1543
34,Franklin Street north of Alcott Street,2022-09-28,Wednesday,42.3581,-71.1331,Boston,away,Harvard University,1335.0,725,1458,101,223,183,223
36,L Street north of East Broadway,2022-09-28,Wednesday,42.3361,-71.0354,Boston,away,University of Massachusetts-Boston,2496.0,115,13428,15,1592,31,1879
37,Longfellow Bridge west of Charles Street,2022-09-28,Wednesday,42.3614,-71.0734,Boston,near,Hult International Business School,978.0,2171,21435,477,2489,498,3379
38,Longwood Avenue east of Pilgrim Road,2022-09-28,Wednesday,42.3392,-71.1078,Boston,campus,Simmons University,259.0,1484,9373,334,1093,306,1267
39,Main Street south of Sullivan Square,2022-09-28,Wednesday,42.384,-71.0725,Boston,campus,Cambridge College,323.0,752,15430,159,2082,186,2117
4,Beacon Street east of Mountfort Street,2022-09-28,Wednesday,42.3478,-71.101,Boston,campus,Boston University,212.0,946,19326,164,2433,246,2513
40,Market Street south of North Beacon Street,2022-09-28,Wednesday,42.3558,-71.1493,Boston,away,Harvard University,2627.0,317,16651,42,2135,70,2518
41,Massachusetts Avenue south of Columbus Avenue,2022-09-28,Wednesday,42.3398,-71.0809,Boston,near,Northeastern University,650.0,1331,20902,190,2344,284,2336
42,Massachusetts Avenue south of Newmarket Square,2022-09-28,Wednesday,42.3261,-71.0662,Boston,away,Boston University,1117.0,650,23872,62,2672,103,3095
43,Massachusetts Avenue south of Shawmut Avenue,2022-09-28,Wednesday,42.3369,-71.0775,Boston,near,Boston University,515.0,1079,22702,168,2640,213,2532
44,Massachusetts Avenue north of Back Street,2022-09-28,Wednesday,42.3532,-71.0906,Boston,near,Massachusetts Institute of Technology,705.0,5759,22163,952,2525,1306,3310
45,Meridian Street south of Nay Street,2022-09-28,Wednesday,42.3829,-71.0393,Boston,away,MGH Institute of Health Professions,1494.0,23,20894,3,2434,3,2728
46,Mt. Vernon Street west of Harbor Point Boulevard,2022-09-28,Wednesday,42.3188,-71.0451,Boston,near,University of Massachusetts-Boston,737.0,133,9910,15,1145,19,1226
47,North Harvard Street south of Soldiers Field Road,2022-09-28,Wednesday,42.3677,-71.1243,Boston,near,Harvard University,445.0,1554,9398,248,1214,308,1252
48,North Washington Street Bridge south of Chelsea Street,2022-09-28,Wednesday,42.3678,-71.059,Boston,near,MGH Institute of Health Professions,892.0,835,30414,192,3306,213,3610
49,Pleasant Street north of Morrill Street,2022-09-28,Wednesday,42.3165,-71.0595,Boston,away,University of Massachusetts-Boston,1700.0,117,9034,15,1101,35,1237
5,Beacon Street west of Dartmouth Street,2022-09-28,Wednesday,42.3536,-71.0793,Boston,away,Berklee College of Music,1109.0,402,7522,47,919,119,1078
50,Post Office Square north of Milk Street,2022-09-28,Wednesday,42.3572,-71.056,Boston,near,Suffolk University,413.0,62,3702,6,423,11,652
51,Quincy Street west of Ceylon Street,2022-09-28,Wednesday,42.3121,-71.0726,Boston,away,Boston University,2580.0,56,13188,7,1476,6,1721
52,Seaport Boulevard west of Sleeper Street,2022-09-28,Wednesday,42.3537,-71.0497,Boston,away,Suffolk University,1037.0,1115,22467,214,2575,265,2863
53,Seaver Street west of Humboldt Avenue,2022-09-28,Wednesday,42.3103,-71.0925,Boston,away,Roxbury Community College,2118.0,21,17596,4,2247,1,2362
54,South Huntington Avenue south of Castleton Street,2022-09-28,Wednesday,42.3224,-71.1121,Boston,away,Roxbury Community College,1565.0,204,8960,31,1289,41,1197
55,Southwest Corridor Bicycle Path south of Heath Street,2022-09-28,Wednesday,42.3238,-71.0996,Boston,near,Roxbury Community College,692.0,1971,,420,,432,
57,Talbot Avenue west of New England Avenue,2022-09-28,Wednesday,42.292,-71.0779,Boston,away,University of Massachusetts-Boston,4006.0,60,12645,4,1573,14,1754
58,Warren Street north of Walnut Avenue,2022-09-28,Wednesday,42.3244,-71.0829,Boston,away,Roxbury Community College,1169.0,169,21229,31,2584,26,2675
59,Washington Street East of Beethoven Street,2022-09-28,Wednesday,42.3154,-71.0987,Boston,away,Roxbury Community College,1559.0,169,21229,31,2584,26,2675
6,Beacon Street east of Raleigh Street,2022-09-28,Wednesday,42.3496,-71.0939,Boston,campus,Boston University,347.0,486,14569,49,1672,142,1776
60,Washington Street north of Bexley Road,2022-09-28,Wednesday,42.2883,-71.1261,Boston,away,Roxbury Community College,5200.0,391,16073,50,1965,87,2223
61,Washington Street north of Kenwood Street,2022-09-28,Wednesday,42.2918,-71.0717,Boston,away,University of Massachusetts-Boston,3627.0,58,14963,3,1809,12,1805
62,Washington Street south of Hayward Place,2022-09-28,Wednesday,42.3528,-71.0626,Boston,campus,Emerson College,239.0,840,3687,196,378,131,480
63,Washington Street south of Herald Street,2022-09-28,Wednesday,42.3462,-71.0647,Boston,near,Tufts University,479.0,518,7655,98,1091,91,1006
64,Weld Street west of Centre Street,2022-09-28,Wednesday,42.2943,-71.1365,Boston,away,Roxbury Community College,5146.0,53,2627,13,367,10,389
65,Western Avenue east of Hague Street,2022-09-28,Wednesday,42.3639,-71.1217,Boston,campus,Harvard University,200.0,921,7716,153,1047,192,1061
66,Western Avenue west of Waverly Street,2022-09-28,Wednesday,42.3622,-71.1419,Boston,away,Harvard University,1831.0,587,11800,72,1501,121,1748
67,Neponset Greenway east of Blue Hill Avenue,2022-09-28,Wednesday,42.2672,-71.0934,Boston,away,University of Massachusetts-Boston,6840.0,109,,14,,21,
7,Belgrade Avenue east of Anawan Avenue,2022-09-28,Wednesday,42.2861,-71.1471,Boston,away,Boston College,5620.0,74,11747,14,1525,13,1775
8,Blue Hill Avenue north of Rexford Street,2022-09-28,Wednesday,42.2714,-71.0937,Boston,away,Roxbury Community College,6426.0,57,29355,9,3564,16,3565
82,North Beacon Street west of Glencoe Street,2022-09-28,Wednesday,42.3559,-71.1482,Boston,away,Harvard University,2539.0,164,11329,27,1436,31,1685
90,Boylston Street west of Fairfield Street,2022-09-28,Wednesday,42.3487,-71.0824,Boston,near,Berklee College of Music,589.0,590,11785,71,1151,100,1739
1,A Street north of Iron Street,2022-09-29,Thursday,42.3459,-71.052,Boston,near,Tufts University,894.0,550,10107,109,1332,123,1304
10,Brighton Avenue east of St. Lukes Road,2022-09-29,Thursday,42.3523,-71.126,Boston,away,Boston University,1343.0,1367,16602,213,1501,284,2327
11,Brookline Avenue south of Francis Street,2022-09-29,Thursday,42.3367,-71.1096,Boston,near,Harvard University,532.0,479,22182,88,2295,91,2893
12,BU Bridge north of Commonwealth Avenue,2022-09-29,Thursday,42.3523,-71.1107,Boston,campus,Boston University,148.0,2219,29793,425,3784,513,3899
13,Cambridge Street east of Lincoln Street,2022-09-29,Thursday,42.3577,-71.1272,Boston,away,Harvard University,1022.0,425,38315,57,3956,89,4980
14,Cambridge Street west of Eleanor Street,2022-09-29,Thursday,42.3513,-71.1445,Boston,away,Harvard University,2539.0,506,13686,84,1488,107,1750
15,Cambridge Street west of Staniford Street,2022-09-29,Thursday,42.3613,-71.0642,Boston,campus,Suffolk University,324.0,1294,19948,218,2315,320,2828
16,Centre Street north of Harris Avenue,2022-09-29,Thursday,42.3113,-71.1145,Boston,away,Roxbury Community College,2534.0,459,13415,60,1604,105,1598
17,Centre Street west of Wise Street,2022-09-29,Thursday,42.3229,-71.1015,Boston,near,Roxbury Community College,860.0,453,13799,69,1575,88,1862
19,Charles Street north of Revere Street,2022-09-29,Thursday,42.3597,-71.0708,Boston,near,Suffolk University,735.0,672,5368,171,626,139,956
21,Columbia Road south of Quincy Street,2022-09-29,Thursday,42.3107,-71.0713,Boston,away,University of Massachusetts-Boston,2669.0,114,30386,13,3630,17,3732
23,Columbus Avenue west of Holyoke Street,2022-09-29,Thursday,42.3441,-71.0775,Boston,near,Berklee College of Music,991.0,933,9176,206,1030,216,1321
24,Columbus Avenue west of Massachusetts Avenue,2022-09-29,Thursday,42.3404,-71.082,Boston,near,Northeastern University,561.0,1603,10642,327,1245,361,1445
28,D Street south of Fargo Street,2022-09-29,Thursday,42.345,-71.0436,Boston,away,Tufts University,1568.0,252,7253,45,995,53,980
29,D Street south of West Broadway,2022-09-29,Thursday,42.3386,-71.0511,Boston,away,Tufts University,1510.0,182,5957,28,719,42,915
30,Dorchester Avenue north of B Street,2022-09-29,Thursday,42.3386,-71.0571,Boston,away,Boston University,1169.0,504,24799,93,3141,121,3040
31,Dorchester Avenue north of Doris Street,2022-09-29,Thursday,42.3137,-71.057,Boston,away,University of Massachusetts-Boston,1467.0,217,13767,38,1493,53,1575
32,Dorchester Avenue north of Dracut Street,2022-09-29,Thursday,42.2873,-71.0639,Boston,away,University of Massachusetts-Boston,3580.0,60,8725,7,942,18,1176
33,Dorchester Avenue south of Greenwich Street,2022-09-29,Thursday,42.3025,-71.0596,Boston,away,University of Massachusetts-Boston,2099.0,205,13119,29,1425,40,1502
34,Franklin Street north of Alcott Street,2022-09-29,Thursday,42.3581,-71.1331,Boston,away,Harvard University,1335.0,744,1452,108,182,169,229
36,L Street north of East Broadway,2022-09-29,Thursday,42.3361,-71.0354,Boston,away,University of Massachusetts-Boston,2496.0,118,13918,18,1553,30,1949
37,Longfellow Bridge west of Charles Street,2022-09-29,Thursday,42.3614,-71.0734,Boston,near,Hult International Business School,978.0,2129,22463,472,2551,501,3677
38,Longwood Avenue east of Pilgrim Road,2022-09-29,Thursday,42.3392,-71.1078,Boston,campus,Simmons University,259.0,1408,9647,286,1136,315,1200
39,Main Street south of Sullivan Square,2022-09-29,Thursday,42.384,-71.0725,Boston,campus,Cambridge College,323.0,696,16553,138,2160,133,2201
4,Beacon Street east of Mountfort Street,2022-09-29,Thursday,42.3478,-71.101,Boston,campus,Boston University,212.0,923,20019,155,2392,227,2412
40,Market Street south of North Beacon Street,2022-09-29,Thursday,42.3558,-71.1493,Boston,away,Harvard University,2627.0,336,17493,50,2091,73,2635
41,Massachusetts Avenue south of Columbus Avenue,2022-09-29,Thursday,42.3398,-71.0809,Boston,near,Northeastern University,650.0,1222,21432,197,2406,229,2437
42,Massachusetts Avenue south of Newmarket Square,2022-09-29,Thursday,42.3261,-71.0662,Boston,away,Boston University,1117.0,509,24178,52,2741,96,3062
43,Massachusetts Avenue south of Shawmut Avenue,2022-09-29,Thursday,42.3369,-71.0775,Boston,near,Boston University,515.0,930,23117,156,2679,180,2801
44,Massachusetts Avenue north of Back Street,2022-09-29,Thursday,42.3532,-71.0906,Boston,near,Massachusetts Institute of Technology,705.0,5744,22497,897,2574,1248,2553
45,Meridian Street south of Nay Street,2022-09-29,Thursday,42.3829,-71.0393,Boston,away,MGH Institute of Health Professions,1494.0,16,19862,2,2149,0,2778
47,North Harvard Street south of Soldiers Field Road,2022-09-29,Thursday,42.3677,-71.1243,Boston,near,Harvard University,445.0,1679,9965,251,1226,355,1491
48,North Washington Street Bridge south of Chelsea Street,2022-09-29,Thursday,42.3678,-71.059,Boston,near,MGH Institute of Health Professions,892.0,797,29437,166,3654,170,3846
49,Pleasant Street north of Morrill Street,2022-09-29,Thursday,42.3165,-71.0595,Boston,away,University of Massachusetts-Boston,1700.0,90,9142,14,1155,22,1081
5,Beacon Street west of Dartmouth Street,2022-09-29,Thursday,42.3536,-71.0793,Boston,away,Berklee College of Music,1109.0,354,7758,38,863,96,1058
50,Post Office Square north of Milk Street,2022-09-29,Thursday,42.3572,-71.056,Boston,near,Suffolk University,413.0,131,4294,24,322,31,849
52,Seaport Boulevard west of Sleeper Street,2022-09-29,Thursday,42.3537,-71.0497,Boston,away,Suffolk University,1037.0,1052,22923,226,2500,266,2691
53,Seaver Street west of Humboldt Avenue,2022-09-29,Thursday,42.3103,-71.0925,Boston,away,Roxbury Community College,2118.0,23,17983,3,2361,2,2419
54,South Huntington Avenue south of Castleton Street,2022-09-29,Thursday,42.3224,-71.1121,Boston,away,Roxbury Community College,1565.0,252,9248,27,1282,46,1142
55,Southwest Corridor Bicycle Path south of Heath Street,2022-09-29,Thursday,42.3238,-71.0996,Boston,near,Roxbury Community College,692.0,1935,,409,,416,
57,Talbot Avenue west of New England Avenue,2022-09-29,Thursday,42.292,-71.0779,Boston,away,University of Massachusetts-Boston,4006.0,61,12733,8,1502,9,1790
58,Warren Street north of Walnut Avenue,2022-09-29,Thursday,42.3244,-71.0829,Boston,away,Roxbury Community College,1169.0,164,21950,26,2664,31,2608
59,Washington Street East of Beethoven Street,2022-09-29,Thursday,42.3154,-71.0987,Boston,away,Roxbury Community College,1559.0,164,21950,26,2664,31,2608
6,Beacon Street east of Raleigh Street,2022-09-29,Thursday,42.3496,-71.0939,Boston,campus,Boston University,347.0,441,14853,45,1565,122,1773
60,Washington Street north of Bexley Road,2022-09-29,Thursday,42.2883,-71.1261,Boston,away,Roxbury Community College,5200.0,384,16437,66,1955,66,2272
61,Washington Street north of Kenwood Street,2022-09-29,Thursday,42.2918,-71.0717,Boston,away,University of Massachusetts-Boston,3627.0,53,14975,10,1761,5,1878
62,Washington Street south of Hayward Place,2022-09-29,Thursday,42.3528,-71.0626,Boston,campus,Emerson College,239.0,821,3784,167,361,132,522
63,Washington Street south of Herald Street,2022-09-29,Thursday,42.3462,-71.0647,Boston,near,Tufts University,479.0,472,7709,99,1111,84,1009
64,Weld Street west of Centre Street,2022-09-29,Thursday,42.2943,-71.1365,Boston,away,Roxbury Community College,5146.0,45,2666,7,376,10,389
65,Western Avenue east of Hague Street,2022-09-29,Thursday,42.3639,-71.1217,Boston,campus,Harvard University,200.0,945,7680,162,999,199,1031
7,Belgrade Avenue east of Anawan Avenue,2022-09-29,Thursday,42.2861,-71.1471,Boston,away,Boston College,5620.0,63,12315,8,1569,13,1986
8,Blue Hill Avenue north of Rexford Street,2022-09-29,Thursday,42.2714,-71.0937,Boston,away,Roxbury Community College,6426.0,40,29526,4,3742,9,3573
9,Blue Hill Avenue north of Seaver Street,2022-09-29,Thursday,42.3057,-71.0846,Boston,away,Roxbury Community College,2764.0,50,21418,4,2679,8,2610
20,Chestnut Hill Avenue north of Embassy Road,2022-10-04,Tuesday,42.3417,-71.1544,Boston,away,Boston College,1367.0,124,12997,21,1654,23,1915
20,Chestnut Hill Avenue north of Embassy Road,2022-10-05,Wednesday,42.3417,-71.1544,Boston,away,Boston College,1367.0,65,12062,7,1549,18,1776
22,Columbus Avenue west of Arlington Street,2022-10-05,Wednesday,42.3494,-71.0709,Boston,near,Emerson College,528.0,222,6527,40,922,54,828
26,Commonwealth Avenue west of Silber Way,2022-10-05,Wednesday,42.3496,-71.102,Boston,campus,Boston University,26.0,833,15563,82,1740,146,2310
35,Harvard Avenue north of Commonwealth Avenue,2022-10-05,Wednesday,42.3506,-71.1311,Boston,away,Boston University,1758.0,490,12937,40,1369,101,1682
56,Summer Street east of Dorchester Avenue,2022-10-05,Wednesday,42.351,-71.0519,Boston,near,Tufts University,801.0,274,16821,26,2182,79,2262
18,Charles River Dam Bridge west of Leverett Circle,2022-10-06,Thursday,42.3671,-71.0689,Boston,campus,Hult International Business School,349.0,1212,37551,229,4146,306,4278
22,Columbus Avenue west of Arlington Street,2022-10-06,Thursday,42.3494,-71.0709,Boston,near,Emerson College,528.0,616,6922,160,889,150,926
25,Commonwealth Avenue east of Berkeley Street,2022-10-06,Thursday,42.353,-71.0733,Boston,near,Emerson College,629.0,1174,9513,203,1238,285,1258
26,Commonwealth Avenue west of Silber Way,2022-10-06,Thursday,42.3496,-71.102,Boston,campus,Boston University,26.0,1699,15519,243,1799,330,2116
27,Congress Street south of Milk Street,2022-10-06,Thursday,42.3564,-71.0562,Boston,near,Suffolk University,425.0,310,11780,71,1263,54,1613
35,Harvard Avenue north of Commonwealth Avenue,2022-10-06,Thursday,42.3506,-71.1311,Boston,away,Boston University,1758.0,792,13454,120,1433,169,1748
56,Summer Street east of Dorchester Avenue,2022-10-06,Thursday,42.351,-71.0519,Boston,near,Tufts University,801.0,703,17524,113,2044,161,2393
15,Cambridge Street west of Staniford Street,2022-12-06,Tuesday,42.3613,-71.0642,Boston,campus,Suffolk University,324.0,797,17488,172,2328,208,2382
16,Centre Street north of Harris Avenue,2022-12-06,Tuesday,42.3113,-71.1145,Boston,away,Roxbury Community College,2534.0,221,12697,50,1631,35,1554
18,Charles River Dam Bridge west of Leverett Circle,2022-12-06,Tuesday,42.3671,-71.0689,Boston,campus,Hult International Business School,349.0,654,35909,164,4432,116,4097
19,Charles Street north of Revere Street,2022-12-06,Tuesday,42.3597,-71.0708,Boston,near,Suffolk University,735.0,380,4527,108,605,62,709
23,Columbus Avenue west of Holyoke Street,2022-12-06,Tuesday,42.3441,-71.0775,Boston,near,Berklee College of Music,991.0,506,7958,138,941,97,1092
3,Atlantic Avenue south of Commercial Street,2022-12-06,Tuesday,42.3635,-71.0511,Boston,away,Suffolk University,1017.0,225,,39,,65,
31,Dorchester Avenue north of Doris Street,2022-12-06,Tuesday,42.3137,-71.057,Boston,away,University of Massachusetts-Boston,1467.0,143,13153,24,1475,32,1443
37,Longfellow Bridge west of Charles Street,2022-12-06,Tuesday,42.3614,-71.0734,Boston,near,Hult International Business School,978.0,1395,19986,342,2488,308,3019
38,Longwood Avenue east of Pilgrim Road,2022-12-06,Tuesday,42.3392,-71.1078,Boston,campus,Simmons University,259.0,1022,8797,245,1136,196,1144
42,Massachusetts Avenue south of Newmarket Square,2022-12-06,Tuesday,42.3261,-71.0662,Boston,away,Boston University,1117.0,188,22174,33,2633,18,3029
45,Meridian Street south of Nay Street,2022-12-06,Tuesday,42.3829,-71.0393,Boston,away,MGH Institute of Health Professions,1494.0,18,18820,3,2131,1,2450
55,Southwest Corridor Bicycle Path south of Heath Street,2022-12-06,Tuesday,42.3238,-71.0996,Boston,near,Roxbury Community College,692.0,1146,,281,,258,
56,Summer Street east of Dorchester Avenue,2022-12-06,Tuesday,42.351,-71.0519,Boston,near,Tufts University,801.0,409,16680,95,2203,87,2197
58,Warren Street north of Walnut Avenue,2022-12-06,Tuesday,42.3244,-71.0829,Boston,away,Roxbury Community College,1169.0,130,21106,21,2738,11,2614
62,Washington Street south of Hayward Place,2022-12-06,Tuesday,42.3528,-71.0626,Boston,campus,Emerson College,239.0,529,3423,124,392,70,426
68,Arlington Street south of Marlborough Street,2022-12-06,Tuesday,42.3545,-71.072,Boston,near,Emerson College,575.0,530,18649,104,2505,124,2401
69,Beacon Street west of Charles Street,2022-12-06,Tuesday,42.356,-71.0703,Boston,near,Emerson College,564.0,632,15540,71,1617,162,2323
70,Boylston Street east of Arlington Street,2022-12-06,Tuesday,42.3522,-71.0694,Boston,campus,Emerson College,302.0,777,9077,191,1309,116,1309
71,Charles Street north of Boylston Street,2022-12-06,Tuesday,42.353,-71.0676,Boston,campus,Emerson College,176.0,407,11910,41,1436,113,1645
72,Stuart Street east of Tremont Street,2022-12-06,Tuesday,42.351,-71.0642,Boston,campus,Emerson College,165.0,417,16004,114,1860,92,1905
73,Tremont Street north of Boylston Street,2022-12-06,Tuesday,42.3541,-71.0639,Boston,campus,Emerson College,244.0,668,10735,62,1129,172,1460
74,Tremont Street north of School Street,2022-12-06,Tuesday,42.3586,-71.06,Boston,campus,Suffolk University,105.0,475,12844,110,1672,87,1541
89,Boylston Street west of Tremont Street,2022-12-06,Tuesday,42.3525,-71.065,Boston,campus,Emerson College,46.0,1026,6690,222,808,214,907
15,Cambridge Street west of Staniford Street,2022-12-08,Thursday,42.3613,-71.0642,Boston,campus,Suffolk University,324.0,911,19819,162,2223,205,2725
16,Centre Street north of Harris Avenue,2022-12-08,Thursday,42.3113,-71.1145,Boston,away,Roxbury Community College,2534.0,243,13233,44,1638,41,1630
18,Charles River Dam Bridge west of Leverett Circle,2022-12-08,Thursday,42.3671,-71.0689,Boston,campus,Hult International Business School,349.0,649,38383,152,4375,96,4218
19,Charles Street north of Revere Street,2022-12-08,Thursday,42.3597,-71.0708,Boston,near,Suffolk University,735.0,359,4952,106,603,63,872
23,Columbus Avenue west of Holyoke Street,2022-12-08,Thursday,42.3441,-71.0775,Boston,near,Berklee College of Music,991.0,558,9144,131,1061,114,1213
3,Atlantic Avenue south of Commercial Street,2022-12-08,Thursday,42.3635,-71.0511,Boston,away,Suffolk University,1017.0,254,,53,,52,
31,Dorchester Avenue north of Doris Street,2022-12-08,Thursday,42.3137,-71.057,Boston,away,University of Massachusetts-Boston,1467.0,132,13466,25,1485,18,1647
37,Longfellow Bridge west of Charles Street,2022-12-08,Thursday,42.3614,-71.0734,Boston,near,Hult International Business School,978.0,1451,21943,345,2390,301,3395
38,Longwood Avenue east of Pilgrim Road,2022-12-08,Thursday,42.3392,-71.1078,Boston,campus,Simmons University,259.0,996,8866,235,1035,187,1218
42,Massachusetts Avenue south of Newmarket Square,2022-12-08,Thursday,42.3261,-71.0662,Boston,away,Boston University,1117.0,172,23794,24,2706,37,3207
45,Meridian Street south of Nay Street,2022-12-08,Thursday,42.3829,-71.0393,Boston,away,MGH Institute of Health Professions,1494.0,16,20155,2,2058,2,2691
55,Southwest Corridor Bicycle Path south of Heath Street,2022-12-08,Thursday,42.3238,-71.0996,Boston,near,Roxbury Community College,692.0,1191,,267,,243,
56,Summer Street east of Dorchester Avenue,2022-12-08,Thursday,42.351,-71.0519,Boston,near,Tufts University,801.0,530,18744,104,2170,103,2661
58,Warren Street north of Walnut Avenue,2022-12-08,Thursday,42.3244,-71.0829,Boston,away,Roxbury Community College,1169.0,114,21639,19,2724,22,2605
62,Washington Street south of Hayward Place,2022-12-08,Thursday,42.3528,-71.0626,Boston,campus,Emerson College,239.0,583,3895,134,350,78,541
1,A Street north of Iron Street,2022-12-13,Tuesday,42.3459,-71.052,Boston,near,Tufts University,894.0,198,9572,47,1223,25,1327
21,Columbia Road south of Quincy Street,2022-12-13,Tuesday,42.3107,-71.0713,Boston,away,University of Massachusetts-Boston,2669.0,8,25869,1,3276,0,3330
26,Commonwealth Avenue west of Silber Way,2022-12-13,Tuesday,42.3496,-71.102,Boston,campus,Boston University,26.0,871,15071,132,1771,159,2073
39,Main Street south of Sullivan Square,2022-12-13,Tuesday,42.384,-71.0725,Boston,campus,Cambridge College,323.0,210,14752,52,1913,31,2096
44,Massachusetts Avenue north of Back Street,2022-12-13,Tuesday,42.3532,-71.0906,Boston,near,Massachusetts Institute of Technology,705.0,2322,20604,444,2363,534,3022
52,Seaport Boulevard west of Sleeper Street,2022-12-13,Tuesday,42.3537,-71.0497,Boston,away,Suffolk University,1037.0,318,22177,85,2476,66,3242
60,Washington Street north of Bexley Road,2022-12-13,Tuesday,42.2883,-71.1261,Boston,away,Roxbury Community College,5200.0,114,15987,30,1951,20,2081
1,A Street north of Iron Street,2022-12-15,Thursday,42.3459,-71.052,Boston,near,Tufts University,894.0,188,10803,54,1367,28,1396
21,Columbia Road south of Quincy Street,2022-12-15,Thursday,42.3107,-71.0713,Boston,away,University of Massachusetts-Boston,2669.0,26,27644,4,3266,4,3555
26,Commonwealth Avenue west of Silber Way,2022-12-15,Thursday,42.3496,-71.102,Boston,campus,Boston University,26.0,1014,15490,149,1596,157,2311
39,Main Street south of Sullivan Square,2022-12-15,Thursday,42.384,-71.0725,Boston,campus,Cambridge College,323.0,161,15844,48,2125,18,2022
44,Massachusetts Avenue north of Back Street,2022-12-15,Thursday,42.3532,-71.0906,Boston,near,Massachusetts Institute of Technology,705.0,1729,22734,361,2303,297,3245
52,Seaport Boulevard west of Sleeper Street,2022-12-15,Thursday,42.3537,-71.0497,Boston,away,Suffolk University,1037.0,309,24209,104,2813,26,2772
60,Washington Street north of Bexley Road,2022-12-15,Thursday,42.2883,-71.1261,Boston,away,Roxbury Community College,5200.0,95,16132,29,1893,6,2078
1,A Street north of Iron Street,2023-03-15,Wednesday,42.3459,-71.052,Boston,near,Tufts University,894.0,232,8920,60,1243,46,1064
15,Cambridge Street west of Staniford Street,2023-03-15,Wednesday,42.3613,-71.0642,Boston,campus,Suffolk University,324.0,458,17497,85,2322,129,2485
16,Centre Street north of Harris Avenue,2023-03-15,Wednesday,42.3113,-71.1145,Boston,away,Roxbury Community College,2534.0,166,12973,29,1512,42,1563
18,Charles River Dam Bridge west of Leverett Circle,2023-03-15,Wednesday,42.3671,-71.0689,Boston,campus,Hult International Business School,349.0,323,36396,67,4444,81,4281
19,Charles Street north of Revere Street,2023-03-15,Wednesday,42.3597,-71.0708,Boston,near,Suffolk University,735.0,306,4285,70,615,71,604
21,Columbia Road south of Quincy Street,2023-03-15,Wednesday,42.3107,-71.0713,Boston,away,University of Massachusetts-Boston,2669.0,24,27254,1,3119,2,3525
23,Columbus Avenue west of Holyoke Street,2023-03-15,Wednesday,42.3441,-71.0775,Boston,near,Berklee College of Music,991.0,221,8557,59,1046,58,1132
26,Commonwealth Avenue west of Silber Way,2023-03-15,Wednesday,42.3496,-71.102,Boston,campus,Boston University,26.0,546,15927,78,1695,94,2376
31,Dorchester Avenue north of Doris Street,2023-03-15,Wednesday,42.3137,-71.057,Boston,away,University of Massachusetts-Boston,1467.0,74,13213,17,1421,15,1582
37,Longfellow Bridge west of Charles Street,2023-03-15,Wednesday,42.3614,-71.0734,Boston,near,Hult International Business School,978.0,878,20071,208,2488,242,2985
42,Massachusetts Avenue south of Newmarket Square,2023-03-15,Wednesday,42.3261,-71.0662,Boston,away,Boston University,1117.0,80,22238,10,2443,18,3106
44,Massachusetts Avenue north of Back Street,2023-03-15,Wednesday,42.3532,-71.0906,Boston,near,Massachusetts Institute of Technology,705.0,1898,20269,365,2250,436,3058
45,Meridian Street south of Nay Street,2023-03-15,Wednesday,42.3829,-71.0393,Boston,away,MGH Institute of Health Professions,1494.0,12,19402,1,1904,3,2490
52,Seaport Boulevard west of Sleeper Street,2023-03-15,Wednesday,42.3537,-71.0497,Boston,away,Suffolk University,1037.0,337,20375,80,2610,92,2426
55,Southwest Corridor Bicycle Path south of Heath Street,2023-03-15,Wednesday,42.3238,-71.0996,Boston,near,Roxbury Community College,692.0,552,,123,,124,
56,Summer Street east of Dorchester Avenue,2023-03-15,Wednesday,42.351,-71.0519,Boston,near,Tufts University,801.0,266,16309,48,2186,66,2237
58,Warren Street north of Walnut Avenue,2023-03-15,Wednesday,42.3244,-71.0829,Boston,away,Roxbury Community College,1169.0,54,20751,10,2533,8,2423
60,Washington Street north of Bexley Road,2023-03-15,Wednesday,42.2883,-71.1261,Boston,away,Roxbury Community College,5200.0,103,15775,14,1860,27,2104
62,Washington Street south of Hayward Place,2023-03-15,Wednesday,42.3528,-71.0626,Boston,campus,Emerson College,239.0,283,3426,95,347,42,484
1,A Street north of Iron Street,2023-03-16,Thursday,42.3459,-71.052,Boston,near,Tufts University,894.0,215,9506,41,1300,57,1225
15,Cambridge Street west of Staniford Street,2023-03-16,Thursday,42.3613,-71.0642,Boston,campus,Suffolk University,324.0,748,20691,149,2127,195,2952
16,Centre Street north of Harris Avenue,2023-03-16,Thursday,42.3113,-71.1145,Boston,away,Roxbury Community College,2534.0,251,12926,39,1495,52,1528
18,Charles River Dam Bridge west of Leverett Circle,2023-03-16,Thursday,42.3671,-71.0689,Boston,campus,Hult International Business School,349.0,589,40337,130,4594,138,4694
19,Charles Street north of Revere Street,2023-03-16,Thursday,42.3597,-71.0708,Boston,near,Suffolk University,735.0,384,5113,113,652,64,777
21,Columbia Road south of Quincy Street,2023-03-16,Thursday,42.3107,-71.0713,Boston,away,University of Massachusetts-Boston,2669.0,39,28715,2,3375,6,3668
23,Columbus Avenue west of Holyoke Street,2023-03-16,Thursday,42.3441,-71.0775,Boston,near,Berklee College of Music,991.0,450,9401,103,1013,120,1306
26,Commonwealth Avenue west of Silber Way,2023-03-16,Thursday,42.3496,-71.102,Boston,campus,Boston University,26.0,818,17065,122,1852,141,2307
3,Atlantic Avenue south of Commercial Street,2023-03-16,Thursday,42.3635,-71.0511,Boston,away,Suffolk University,1017.0,239,,39,,70,
31,Dorchester Avenue north of Doris Street,2023-03-16,Thursday,42.3137,-71.057,Boston,away,University of Massachusetts-Boston,1467.0,121,13833,18,1485,28,1564
37,Longfellow Bridge west of Charles Street,2023-03-16,Thursday,42.3614,-71.0734,Boston,near,Hult International Business School,978.0,1294,22473,323,2660,312,3487
42,Massachusetts Avenue south of Newmarket Square,2023-03-16,Thursday,42.3261,-71.0662,Boston,away,Boston University,1117.0,111,24083,14,2656,18,3134
44,Massachusetts Avenue north of Back Street,2023-03-16,Thursday,42.3532,-71.0906,Boston,near,Massachusetts Institute of Technology,705.0,2883,23209,526,2362,653,3484
45,Meridian Street south of Nay Street,2023-03-16,Thursday,42.3829,-71.0393,Boston,away,MGH Institute of Health Professions,1494.0,24,20572,2,2106,4,2924
52,Seaport Boulevard west of Sleeper Street,2023-03-16,Thursday,42.3537,-71.0497,Boston,away,Suffolk University,1037.0,529,23028,120,2705,124,2534
55,Southwest Corridor Bicycle Path south of Heath Street,2023-03-16,Thursday,42.3238,-71.0996,Boston,near,Roxbury Community College,692.0,957,,214,,222,
56,Summer Street east of Dorchester Avenue,2023-03-16,Thursday,42.351,-71.0519,Boston,near,Tufts University,801.0,374,18746,85,2300,67,2517
58,Warren Street north of Walnut Avenue,2023-03-16,Thursday,42.3244,-71.0829,Boston,away,Roxbury Community College,1169.0,89,22032,15,2724,14,2722
60,Washington Street north of Bexley Road,2023-03-16,Thursday,42.2883,-71.1261,Boston,away,Roxbury Community College,5200.0,169,16497,21,2018,38,2214
62,Washington Street south of Hayward Place,2023-03-16,Thursday,42.3528,-71.0626,Boston,campus,Emerson College,239.0,413,3752,95,375,70,528
68,Arlington Street south of Marlborough Street,2023-03-16,Thursday,42.3545,-71.072,Boston,near,Emerson College,575.0,469,20186,83,2663,101,2571
69,Beacon Street west of Charles Street,2023-03-16,Thursday,42.356,-71.0703,Boston,near,Emerson College,564.0,594,16785,56,1675,195,2724
70,Boylston Street east of Arlington Street,2023-03-16,Thursday,42.3522,-71.0694,Boston,campus,Emerson College,302.0,731,9819,163,1313,134,1520
71,Charles Street north of Boylston Street,2023-03-16,Thursday,42.353,-71.0676,Boston,campus,Emerson College,176.0,366,15145,46,1731,97,2456
72,Stuart Street east of Tremont Street,2023-03-16,Thursday,42.351,-71.0642,Boston,campus,Emerson College,165.0,370,17387,80,1875,96,2114
73,Tremont Street north of Boylston Street,2023-03-16,Thursday,42.3541,-71.0639,Boston,campus,Emerson College,244.0,543,11540,42,1072,173,1652
74,Tremont Street north of School Street,2023-03-16,Thursday,42.3586,-71.06,Boston,campus,Suffolk University,105.0,443,13976,99,1558,101,1913
89,Boylston Street west of Tremont Street,2023-03-16,Thursday,42.3525,-71.065,Boston,campus,Emerson College,46.0,866,6948,188,860,194,999
38,Longwood Avenue east of Pilgrim Road,2023-03-22,Wednesday,42.3392,-71.1078,Boston,campus,Simmons University,259.0,947,8834,208,1128,200,1096
39,Main Street south of Sullivan Square,2023-03-22,Wednesday,42.384,-71.0725,Boston,campus,Cambridge College,323.0,178,15427,71,2138,20,2039
38,Longwood Avenue east of Pilgrim Road,2023-03-23,Thursday,42.3392,-71.1078,Boston,campus,Simmons University,259.0,917,9010,194,1096,200,1143
39,Main Street south of Sullivan Square,2023-03-23,Thursday,42.384,-71.0725,Boston,campus,Cambridge College,323.0,161,15623,63,2217,16,2075
1,A Street north of Iron Street,2023-06-06,Tuesday,42.3459,-71.052,Boston,near,Tufts University,894.0,671,11415,160,1711,160,1152
11,Brookline Avenue south of Francis Street,2023-06-06,Tuesday,42.3367,-71.1096,Boston,near,Harvard University,532.0,453,22580,108,2568,82,2960
13,Cambridge Street east of Lincoln Street,2023-06-06,Tuesday,42.3577,-71.1272,Boston,away,Harvard University,1022.0,330,36946,57,4486,70,4728
15,Cambridge Street west of Staniford Street,2023-06-06,Tuesday,42.3613,-71.0642,Boston,campus,Suffolk University,324.0,1416,17677,299,2413,384,2470
16,Centre Street north of Harris Avenue,2023-06-06,Tuesday,42.3113,-71.1145,Boston,away,Roxbury Community College,2534.0,385,12797,61,1504,81,1519
18,Charles River Dam Bridge west of Leverett Circle,2023-06-06,Tuesday,42.3671,-71.0689,Boston,campus,Hult International Business School,349.0,1186,38475,213,4589,274,4495
21,Columbia Road south of Quincy Street,2023-06-06,Tuesday,42.3107,-71.0713,Boston,away,University of Massachusetts-Boston,2669.0,99,28528,11,3454,15,3581
23,Columbus Avenue west of Holyoke Street,2023-06-06,Tuesday,42.3441,-71.0775,Boston,near,Berklee College of Music,991.0,810,9445,192,1104,215,1318
25,Commonwealth Avenue east of Berkeley Street,2023-06-06,Tuesday,42.353,-71.0733,Boston,near,Emerson College,629.0,1043,9180,232,1320,251,1166
26,Commonwealth Avenue west of Silber Way,2023-06-06,Tuesday,42.3496,-71.102,Boston,campus,Boston University,26.0,1117,12253,169,1580,240,1703
28,D Street south of Fargo Street,2023-06-06,Tuesday,42.345,-71.0436,Boston,away,Tufts University,1568.0,245,10593,41,1694,54,1406
3,Atlantic Avenue south of Commercial Street,2023-06-06,Tuesday,42.3635,-71.0511,Boston,away,Suffolk University,1017.0,552,,81,,151,
31,Dorchester Avenue north of Doris Street,2023-06-06,Tuesday,42.3137,-71.057,Boston,away,University of Massachusetts-Boston,1467.0,239,13650,48,1491,58,1589
33,Dorchester Avenue south of Greenwich Street,2023-06-06,Tuesday,42.3025,-71.0596,Boston,away,University of Massachusetts-Boston,2099.0,201,13140,37,1567,43,1527
34,Franklin Street north of Alcott Street,2023-06-06,Tuesday,42.3581,-71.1331,Boston,away,Harvard University,1335.0,538,1551,87,181,150,248
37,Longfellow Bridge west of Charles Street,2023-06-06,Tuesday,42.3614,-71.0734,Boston,near,Hult International Business School,978.0,2219,22034,478,2674,542,3382
38,Longwood Avenue east of Pilgrim Road,2023-06-06,Tuesday,42.3392,-71.1078,Boston,campus,Simmons University,259.0,1077,9043,246,1184,238,1100
39,Main Street south of Sullivan Square,2023-06-06,Tuesday,42.384,-71.0725,Boston,campus,Cambridge College,323.0,501,16394,110,2191,128,2348
4,Beacon Street east of Mountfort Street,2023-06-06,Tuesday,42.3478,-71.101,Boston,campus,Boston University,212.0,687,19032,160,2414,169,2589
42,Massachusetts Avenue south of Newmarket Square,2023-06-06,Tuesday,42.3261,-71.0662,Boston,away,Boston University,1117.0,346,22630,42,2475,68,3003
44,Massachusetts Avenue north of Back Street,2023-06-06,Tuesday,42.3532,-71.0906,Boston,near,Massachusetts Institute of Technology,705.0,4352,21508,891,2498,1021,3117
45,Meridian Street south of Nay Street,2023-06-06,Tuesday,42.3829,-71.0393,Boston,away,MGH Institute of Health Professions,1494.0,46,20523,5,2162,5,2611
5,Beacon Street west of Dartmouth Street,2023-06-06,Tuesday,42.3536,-71.0793,Boston,away,Berklee College of Music,1109.0,356,7935,49,902,99,999
52,Seaport Boulevard west of Sleeper Street,2023-06-06,Tuesday,42.3537,-71.0497,Boston,away,Suffolk University,1037.0,1201,25910,232,3110,330,2898
55,Southwest Corridor Bicycle Path south of Heath Street,2023-06-06,Tuesday,42.3238,-71.0996,Boston,near,Roxbury Community College,692.0,1635,,368,,354,
56,Summer Street east of Dorchester Avenue,2023-06-06,Tuesday,42.351,-71.0519,Boston,near,Tufts University,801.0,958,23589,172,3314,217,2949
58,Warren Street north of Walnut Avenue,2023-06-06,Tuesday,42.3244,-71.0829,Boston,away,Roxbury Community College,1169.0,177,22588,31,2786,12,2743
6,Beacon Street east of Raleigh Street,2023-06-06,Tuesday,42.3496,-71.0939,Boston,campus,Boston University,347.0,397,14211,51,1590,105,1864
60,Washington Street north of Bexley Road,2023-06-06,Tuesday,42.2883,-71.1261,Boston,away,Roxbury Community College,5200.0,316,16854,65,2013,59,2307
62,Washington Street south of Hayward Place,2023-06-06,Tuesday,42.3528,-71.0626,Boston,campus,Emerson College,239.0,739,3611,193,409,95,428
65,Western Avenue east of Hague Street,2023-06-06,Tuesday,42.3639,-71.1217,Boston,campus,Harvard University,200.0,554,6548,106,856,162,907
67,Neponset Greenway east of Blue Hill Avenue,2023-06-06,Tuesday,42.2672,-71.0934,Boston,away,University of Massachusetts-Boston,6840.0,170,1,11,1,26,0
7,Belgrade Avenue east of Anawan Avenue,2023-06-06,Tuesday,42.2861,-71.1471,Boston,away,Boston College,5620.0,79,11704,15,1501,10,1700
8,Blue Hill Avenue north of Rexford Street,2023-06-06,Tuesday,42.2714,-71.0937,Boston,away,Roxbury Community College,6426.0,59,27124,7,3608,17,3205
1,A Street north of Iron Street,2023-06-07,Wednesday,42.3459,-71.052,Boston,near,Tufts University,894.0,680,11436,161,1664,152,1269
11,Brookline Avenue south of Francis Street,2023-06-07,Wednesday,42.3367,-71.1096,Boston,near,Harvard University,532.0,454,22694,113,2513,72,3083
13,Cambridge Street east of Lincoln Street,2023-06-07,Wednesday,42.3577,-71.1272,Boston,away,Harvard University,1022.0,379,38061,67,4431,76,4959
15,Cambridge Street west of Staniford Street,2023-06-07,Wednesday,42.3613,-71.0642,Boston,campus,Suffolk University,324.0,1430,18435,269,2468,388,2508
16,Centre Street north of Harris Avenue,2023-06-07,Wednesday,42.3113,-71.1145,Boston,away,Roxbury Community College,2534.0,386,12973,70,1665,68,1563
18,Charles River Dam Bridge west of Leverett Circle,2023-06-07,Wednesday,42.3671,-71.0689,Boston,campus,Hult International Business School,349.0,1063,39107,240,4575,243,4398
19,Charles Street north of Revere Street,2023-06-07,Wednesday,42.3597,-71.0708,Boston,near,Suffolk University,735.0,646,5208,180,724,123,740
23,Columbus Avenue west of Holyoke Street,2023-06-07,Wednesday,42.3441,-71.0775,Boston,near,Berklee College of Music,991.0,772,9533,180,1203,207,1295
25,Commonwealth Avenue east of Berkeley Street,2023-06-07,Wednesday,42.353,-71.0733,Boston,near,Emerson College,629.0,1104,9162,256,1231,248,1136
26,Commonwealth Avenue west of Silber Way,2023-06-07,Wednesday,42.3496,-71.102,Boston,campus,Boston University,26.0,1108,12221,173,1584,233,1619
28,D Street south of Fargo Street,2023-06-07,Wednesday,42.345,-71.0436,Boston,away,Tufts University,1568.0,258,10903,39,1730,60,1484
3,Atlantic Avenue south of Commercial Street,2023-06-07,Wednesday,42.3635,-71.0511,Boston,away,Suffolk University,1017.0,529,,87,,134,
31,Dorchester Avenue north of Doris Street,2023-06-07,Wednesday,42.3137,-71.057,Boston,away,University of Massachusetts-Boston,1467.0,290,13756,50,1511,58,1538
33,Dorchester Avenue south of Greenwich Street,2023-06-07,Wednesday,42.3025,-71.0596,Boston,away,University of Massachusetts-Boston,2099.0,180,13079,35,1507,26,1474
34,Franklin Street north of Alcott Street,2023-06-07,Wednesday,42.3581,-71.1331,Boston,away,Harvard University,1335.0,592,1472,89,152,120,242
37,Longfellow Bridge west of Charles Street,2023-06-07,Wednesday,42.3614,-71.0734,Boston,near,Hult International Business School,978.0,2218,21624,529,2797,564,3288
38,Longwood Avenue east of Pilgrim Road,2023-06-07,Wednesday,42.3392,-71.1078,Boston,campus,Simmons University,259.0,1099,8773,266,1130,254,1146
39,Main Street south of Sullivan Square,2023-06-07,Wednesday,42.384,-71.0725,Boston,campus,Cambridge College,323.0,585,16705,137,2304,128,2154
4,Beacon Street east of Mountfort Street,2023-06-07,Wednesday,42.3478,-71.101,Boston,campus,Boston University,212.0,732,18647,177,2310,181,2450
42,Massachusetts Avenue south of Newmarket Square,2023-06-07,Wednesday,42.3261,-71.0662,Boston,away,Boston University,1117.0,370,22938,42,2520,59,3178
44,Massachusetts Avenue north of Back Street,2023-06-07,Wednesday,42.3532,-71.0906,Boston,near,Massachusetts Institute of Technology,705.0,4322,22070,848,2574,1030,3137
45,Meridian Street south of Nay Street,2023-06-07,Wednesday,42.3829,-71.0393,Boston,away,MGH Institute of Health Professions,1494.0,40,21420,5,2341,5,2767
5,Beacon Street west of Dartmouth Street,2023-06-07,Wednesday,42.3536,-71.0793,Boston,away,Berklee College of Music,1109.0,359,7911,36,946,122,1014
52,Seaport Boulevard west of Sleeper Street,2023-06-07,Wednesday,42.3537,-71.0497,Boston,away,Suffolk University,1037.0,1125,24500,243,2969,284,2829
55,Southwest Corridor Bicycle Path south of Heath Street,2023-06-07,Wednesday,42.3238,-71.0996,Boston,near,Roxbury Community College,692.0,1588,,374,,381,
56,Summer Street east of Dorchester Avenue,2023-06-07,Wednesday,42.351,-71.0519,Boston,near,Tufts University,801.0,942,23164,191,3098,211,2945
58,Warren Street north of Walnut Avenue,2023-06-07,Wednesday,42.3244,-71.0829,Boston,away,Roxbury Community College,1169.0,164,22876,27,2807,29,2834
6,Beacon Street east of Raleigh Street,2023-06-07,Wednesday,42.3496,-71.0939,Boston,campus,Boston University,347.0,429,14095,62,1603,123,1704
60,Washington Street north of Bexley Road,2023-06-07,Wednesday,42.2883,-71.1261,Boston,away,Roxbury Community College,5200.0,339,16742,65,2040,70,2268
62,Washington Street south of Hayward Place,2023-06-07,Wednesday,42.3528,-71.0626,Boston,campus,Emerson College,239.0,781,3589,194,372,99,446
65,Western Avenue east of Hague Street,2023-06-07,Wednesday,42.3639,-71.1217,Boston,campus,Harvard University,200.0,558,6387,104,844,157,893
67,Neponset Greenway east of Blue Hill Avenue,2023-06-07,Wednesday,42.2672,-71.0934,Boston,away,University of Massachusetts-Boston,6840.0,144,1,34,1,33,0
7,Belgrade Avenue east of Anawan Avenue,2023-06-07,Wednesday,42.2861,-71.1471,Boston,away,Boston College,5620.0,86,11782,12,1576,18,1706
8,Blue Hill Avenue north of Rexford Street,2023-06-07,Wednesday,42.2714,-71.0937,Boston,away,Roxbury Community College,6426.0,53,26992,2,3550,10,3093
19,Charles Street north of Revere Street,2023-06-08,Thursday,42.3597,-71.0708,Boston,near,Suffolk University,735.0,613,5377,147,686,112,845
21,Columbia Road south of Quincy Street,2023-06-08,Thursday,42.3107,-71.0713,Boston,away,University of Massachusetts-Boston,2669.0,85,29243,10,3330,8,3422
19,Charles Street north of Revere Street,2023-06-09,Friday,42.3597,-71.0708,Boston,near,Suffolk University,735.0,429,5165,102,575,64,808
19,Charles Street north of Revere Street,2023-06-12,Monday,42.3597,-71.0708,Boston,near,Suffolk University,735.0,598,4532,150,576,102,567
19,Charles Street north of Revere Street,2023-06-13,Tuesday,42.3597,-71.0708,Boston,near,Suffolk University,735.0,644,5132,183,650,108,787
19,Charles Street north of Revere Street,2023-06-17,Saturday,42.3597,-71.0708,Boston,near,Suffolk University,735.0,150,3948,19,346,11,528
19,Charles Street north of Revere Street,2023-06-18,Sunday,42.3597,-71.0708,Boston,near,Suffolk University,735.0,370,3476,23,257,60,445
1,A Street north of Iron Street,2023-09-20,Wednesday,42.3459,-71.052,Boston,near,Tufts University,894.0,775,11401,144,1668,205,1362
10,Brighton Avenue east of St. Lukes Road,2023-09-20,Wednesday,42.3523,-71.126,Boston,away,Boston University,1343.0,1208,15070,210,1517,261,2150
11,Brookline Avenue south of Francis Street,2023-09-20,Wednesday,42.3367,-71.1096,Boston,near,Harvard University,532.0,657,23134,121,2513,137,3072
13,Cambridge Street east of Lincoln Street,2023-09-20,Wednesday,42.3577,-71.1272,Boston,away,Harvard University,1022.0,366,37757,20,4240,137,4661
14,Cambridge Street west of Eleanor Street,2023-09-20,Wednesday,42.3513,-71.1445,Boston,away,Harvard University,2539.0,558,13066,138,1516,119,1664
15,Cambridge Street west of Staniford Street,2023-09-20,Wednesday,42.3613,-71.0642,Boston,campus,Suffolk University,324.0,1561,18351,280,2448,424,2256
18,Charles River Dam Bridge west of Leverett Circle,2023-09-20,Wednesday,42.3671,-71.0689,Boston,campus,Hult International Business School,349.0,1883,39212,403,4293,458,4157
19,Charles Street north of Revere Street,2023-09-20,Wednesday,42.3597,-71.0708,Boston,near,Suffolk University,735.0,904,5397,252,680,153,861
2,Adams Street south of Washington Street,2023-09-20,Wednesday,42.272,-71.068,Boston,away,University of Massachusetts-Boston,5216.0,35,20180,4,2699,4,2702
20,Chestnut Hill Avenue north of Embassy Road,2023-09-20,Wednesday,42.3417,-71.1544,Boston,away,Boston College,1367.0,265,13605,42,1714,56,1881
21,Columbia Road south of Quincy Street,2023-09-20,Wednesday,42.3107,-71.0713,Boston,away,University of Massachusetts-Boston,2669.0,118,29306,8,3402,16,3573
22,Columbus Avenue west of Arlington Street,2023-09-20,Wednesday,42.3494,-71.0709,Boston,near,Emerson College,528.0,653,7200,144,869,147,1075
23,Columbus Avenue west of Holyoke Street,2023-09-20,Wednesday,42.3441,-71.0775,Boston,near,Berklee College of Music,991.0,835,9714,156,1164,202,1292
25,Commonwealth Avenue east of Berkeley Street,2023-09-20,Wednesday,42.353,-71.0733,Boston,near,Emerson College,629.0,1288,9434,287,1329,316,979
26,Commonwealth Avenue west of Silber Way,2023-09-20,Wednesday,42.3496,-71.102,Boston,campus,Boston University,26.0,1994,15634,314,1922,356,2261
28,D Street south of Fargo Street,2023-09-20,Wednesday,42.345,-71.0436,Boston,away,Tufts University,1568.0,271,7828,44,1195,67,1183
3,Atlantic Avenue south of Commercial Street,2023-09-20,Wednesday,42.3635,-71.0511,Boston,away,Suffolk University,1017.0,728,,112,,183,
31,Dorchester Avenue north of Doris Street,2023-09-20,Wednesday,42.3137,-71.057,Boston,away,University of Massachusetts-Boston,1467.0,319,13642,49,1414,64,1566
32,Dorchester Avenue north of Dracut Street,2023-09-20,Wednesday,42.2873,-71.0639,Boston,away,University of Massachusetts-Boston,3580.0,132,8453,13,992,26,1115
33,Dorchester Avenue south of Greenwich Street,2023-09-20,Wednesday,42.3025,-71.0596,Boston,away,University of Massachusetts-Boston,2099.0,307,13103,47,1460,71,1509
35,Harvard Avenue north of Commonwealth Avenue,2023-09-20,Wednesday,42.3506,-71.1311,Boston,away,Boston University,1758.0,840,14133,123,1394,184,1970
37,Longfellow Bridge west of Charles Street,2023-09-20,Wednesday,42.3614,-71.0734,Boston,near,Hult International Business School,978.0,2556,21872,579,2721,634,3341
38,Longwood Avenue east of Pilgrim Road,2023-09-20,Wednesday,42.3392,-71.1078,Boston,campus,Simmons University,259.0,1527,9403,339,1183,311,1181
39,Main Street south of Sullivan Square,2023-09-20,Wednesday,42.384,-71.0725,Boston,campus,Cambridge College,323.0,675,16078,128,2176,173,2145
4,Beacon Street east of Mountfort Street,2023-09-20,Wednesday,42.3478,-71.101,Boston,campus,Boston University,212.0,1052,19877,198,2495,271,2688
40,Market Street south of North Beacon Street,2023-09-20,Wednesday,42.3558,-71.1493,Boston,away,Harvard University,2627.0,305,17936,49,2293,60,2719
41,Massachusetts Avenue south of Columbus Avenue,2023-09-20,Wednesday,42.3398,-71.0809,Boston,near,Northeastern University,650.0,1430,22206,191,2424,277,2985
42,Massachusetts Avenue south of Newmarket Square,2023-09-20,Wednesday,42.3261,-71.0662,Boston,away,Boston University,1117.0,597,22555,79,2543,91,3260
44,Massachusetts Avenue north of Back Street,2023-09-20,Wednesday,42.3532,-71.0906,Boston,near,Massachusetts Institute of Technology,705.0,6331,22227,1144,2436,1451,3065
45,Meridian Street south of Nay Street,2023-09-20,Wednesday,42.3829,-71.0393,Boston,away,MGH Institute of Health Professions,1494.0,88,20153,6,2160,11,2693
46,Mt. Vernon Street west of Harbor Point Boulevard,2023-09-20,Wednesday,42.3188,-71.0451,Boston,near,University of Massachusetts-Boston,737.0,130,10598,14,1228,31,1442
47,North Harvard Street south of Soldiers Field Road,2023-09-20,Wednesday,42.3677,-71.1243,Boston,near,Harvard University,445.0,1596,9913,230,1246,345,1420
5,Beacon Street west of Dartmouth Street,2023-09-20,Wednesday,42.3536,-71.0793,Boston,away,Berklee College of Music,1109.0,512,7023,56,822,151,1152
52,Seaport Boulevard west of Sleeper Street,2023-09-20,Wednesday,42.3537,-71.0497,Boston,away,Suffolk University,1037.0,1162,22664,269,3099,299,2433
55,Southwest Corridor Bicycle Path south of Heath Street,2023-09-20,Wednesday,42.3238,-71.0996,Boston,near,Roxbury Community College,692.0,1995,,433,,447,
56,Summer Street east of Dorchester Avenue,2023-09-20,Wednesday,42.351,-71.0519,Boston,near,Tufts University,801.0,1072,18878,193,2423,250,2621
57,Talbot Avenue west of New England Avenue,2023-09-20,Wednesday,42.292,-71.0779,Boston,away,University of Massachusetts-Boston,4006.0,72,12395,8,1511,20,1612
58,Warren Street north of Walnut Avenue,2023-09-20,Wednesday,42.3244,-71.0829,Boston,away,Roxbury Community College,1169.0,192,22897,31,2901,27,2739
6,Beacon Street east of Raleigh Street,2023-09-20,Wednesday,42.3496,-71.0939,Boston,campus,Boston University,347.0,654,14471,103,1748,170,1886
61,Washington Street north of Kenwood Street,2023-09-20,Wednesday,42.2918,-71.0717,Boston,away,University of Massachusetts-Boston,3627.0,120,14762,10,1759,11,1827
62,Washington Street south of Hayward Place,2023-09-20,Wednesday,42.3528,-71.0626,Boston,campus,Emerson College,239.0,851,4034,201,399,145,529
65,Western Avenue east of Hague Street,2023-09-20,Wednesday,42.3639,-71.1217,Boston,campus,Harvard University,200.0,599,7219,95,993,155,862
66,Western Avenue west of Waverly Street,2023-09-20,Wednesday,42.3622,-71.1419,Boston,away,Harvard University,1831.0,494,11368,86,1709,124,1600
67,Neponset Greenway east of Blue Hill Avenue,2023-09-20,Wednesday,42.2672,-71.0934,Boston,away,University of Massachusetts-Boston,6840.0,124,1,28,0,37,0
68,Arlington Street south of Marlborough Street,2023-09-20,Wednesday,42.3545,-71.072,Boston,near,Emerson College,575.0,1161,20001,234,2554,284,2489
69,Beacon Street west of Charles Street,2023-09-20,Wednesday,42.356,-71.0703,Boston,near,Emerson College,564.0,1176,18996,107,2128,382,3087
70,Boylston Street east of Arlington Street,2023-09-20,Wednesday,42.3522,-71.0694,Boston,campus,Emerson College,302.0,1688,10737,392,1391,311,1569
71,Charles Street north of Boylston Street,2023-09-20,Wednesday,42.353,-71.0676,Boston,campus,Emerson College,176.0,930,16565,102,2007,300,2563
72,Stuart Street east of Tremont Street,2023-09-20,Wednesday,42.351,-71.0642,Boston,campus,Emerson College,165.0,890,19022,158,2172,183,2135
73,Tremont Street north of Boylston Street,2023-09-20,Wednesday,42.3541,-71.0639,Boston,campus,Emerson College,244.0,1290,14489,147,1326,333,1876
74,Tremont Street north of School Street,2023-09-20,Wednesday,42.3586,-71.06,Boston,campus,Suffolk University,105.0,1225,14986,240,1689,247,1971
89,Boylston Street west of Tremont Street,2023-09-20,Wednesday,42.3525,-71.065,Boston,campus,Emerson College,46.0,2095,6942,450,793,472,951
1,A Street north of Iron Street,2023-09-21,Thursday,42.3459,-71.052,Boston,near,Tufts University,894.0,612,11226,128,1600,157,1287
10,Brighton Avenue east of St. Lukes Road,2023-09-21,Thursday,42.3523,-71.126,Boston,away,Boston University,1343.0,1316,16059,219,1561,272,2269
11,Brookline Avenue south of Francis Street,2023-09-21,Thursday,42.3367,-71.1096,Boston,near,Harvard University,532.0,580,23540,102,2575,135,3006
13,Cambridge Street east of Lincoln Street,2023-09-21,Thursday,42.3577,-71.1272,Boston,away,Harvard University,1022.0,438,38969,78,4194,100,4872
14,Cambridge Street west of Eleanor Street,2023-09-21,Thursday,42.3513,-71.1445,Boston,away,Harvard University,2539.0,531,13314,104,1424,108,1707
15,Cambridge Street west of Staniford Street,2023-09-21,Thursday,42.3613,-71.0642,Boston,campus,Suffolk University,324.0,1655,19008,276,2298,419,2530
18,Charles River Dam Bridge west of Leverett Circle,2023-09-21,Thursday,42.3671,-71.0689,Boston,campus,Hult International Business School,349.0,1638,39566,372,4354,316,4530
19,Charles Street north of Revere Street,2023-09-21,Thursday,42.3597,-71.0708,Boston,near,Suffolk University,735.0,824,5361,190,644,163,820
2,Adams Street south of Washington Street,2023-09-21,Thursday,42.272,-71.068,Boston,away,University of Massachusetts-Boston,5216.0,40,20190,5,2611,7,2781
20,Chestnut Hill Avenue north of Embassy Road,2023-09-21,Thursday,42.3417,-71.1544,Boston,away,Boston College,1367.0,198,13763,31,1743,53,1993
21,Columbia Road south of Quincy Street,2023-09-21,Thursday,42.3107,-71.0713,Boston,away,University of Massachusetts-Boston,2669.0,115,29474,4,3349,17,3642
22,Columbus Avenue west of Arlington Street,2023-09-21,Thursday,42.3494,-71.0709,Boston,near,Emerson College,528.0,637,7203,178,819,135,1100
23,Columbus Avenue west of Holyoke Street,2023-09-21,Thursday,42.3441,-71.0775,Boston,near,Berklee College of Music,991.0,885,10054,211,1109,178,1334
25,Commonwealth Avenue east of Berkeley Street,2023-09-21,Thursday,42.353,-71.0733,Boston,near,Emerson College,629.0,1250,9184,256,1314,307,1178
26,Commonwealth Avenue west of Silber Way,2023-09-21,Thursday,42.3496,-71.102,Boston,campus,Boston University,26.0,1991,17126,322,1970,377,2533
28,D Street south of Fargo Street,2023-09-21,Thursday,42.345,-71.0436,Boston,away,Tufts University,1568.0,245,8368,45,1216,52,1090
3,Atlantic Avenue south of Commercial Street,2023-09-21,Thursday,42.3635,-71.0511,Boston,away,Suffolk University,1017.0,758,,127,,200,
31,Dorchester Avenue north of Doris Street,2023-09-21,Thursday,42.3137,-71.057,Boston,away,University of Massachusetts-Boston,1467.0,341,13994,60,1505,67,1561
32,Dorchester Avenue north of Dracut Street,2023-09-21,Thursday,42.2873,-71.0639,Boston,away,University of Massachusetts-Boston,3580.0,112,8627,18,1026,9,1111
33,Dorchester Avenue south of Greenwich Street,2023-09-21,Thursday,42.3025,-71.0596,Boston,away,University of Massachusetts-Boston,2099.0,271,13130,49,1501,41,1457
35,Harvard Avenue north of Commonwealth Avenue,2023-09-21,Thursday,42.3506,-71.1311,Boston,away,Boston University,1758.0,721,14325,102,1492,138,1849
37,Longfellow Bridge west of Charles Street,2023-09-21,Thursday,42.3614,-71.0734,Boston,near,Hult International Business School,978.0,2487,22185,517,2890,614,3229
38,Longwood Avenue east of Pilgrim Road,2023-09-21,Thursday,42.3392,-71.1078,Boston,campus,Simmons University,259.0,1397,9331,318,1078,280,1301
39,Main Street south of Sullivan Square,2023-09-21,Thursday,42.384,-71.0725,Boston,campus,Cambridge College,323.0,674,17249,135,2251,132,2417
4,Beacon Street east of Mountfort Street,2023-09-21,Thursday,42.3478,-71.101,Boston,campus,Boston University,212.0,839,20202,173,2452,205,2679
40,Market Street south of North Beacon Street,2023-09-21,Thursday,42.3558,-71.1493,Boston,away,Harvard University,2627.0,302,17357,42,2175,73,2552
41,Massachusetts Avenue south of Columbus Avenue,2023-09-21,Thursday,42.3398,-71.0809,Boston,near,Northeastern University,650.0,1293,22379,206,2437,239,2747
42,Massachusetts Avenue south of Newmarket Square,2023-09-21,Thursday,42.3261,-71.0662,Boston,away,Boston University,1117.0,622,22915,71,2552,128,2956
44,Massachusetts Avenue north of Back Street,2023-09-21,Thursday,42.3532,-71.0906,Boston,near,Massachusetts Institute of Technology,705.0,5988,23113,1082,2667,1319,3233
45,Meridian Street south of Nay Street,2023-09-21,Thursday,42.3829,-71.0393,Boston,away,MGH Institute of Health Professions,1494.0,47,20639,2,2325,6,2784
46,Mt. Vernon Street west of Harbor Point Boulevard,2023-09-21,Thursday,42.3188,-71.0451,Boston,near,University of Massachusetts-Boston,737.0,123,10924,12,1258,19,1426
47,North Harvard Street south of Soldiers Field Road,2023-09-21,Thursday,42.3677,-71.1243,Boston,near,Harvard University,445.0,1576,10045,240,1365,363,1388
5,Beacon Street west of Dartmouth Street,2023-09-21,Thursday,42.3536,-71.0793,Boston,away,Berklee College of Music,1109.0,416,7560,65,843,123,999
52,Seaport Boulevard west of Sleeper Street,2023-09-21,Thursday,42.3537,-71.0497,Boston,away,Suffolk University,1037.0,1428,24636,269,3005,353,2788
55,Southwest Corridor Bicycle Path south of Heath Street,2023-09-21,Thursday,42.3238,-71.0996,Boston,near,Roxbury Community College,692.0,1975,,444,,466,
56,Summer Street east of Dorchester Avenue,2023-09-21,Thursday,42.351,-71.0519,Boston,near,Tufts University,801.0,1008,19158,171,2234,229,2404
57,Talbot Avenue west of New England Avenue,2023-09-21,Thursday,42.292,-71.0779,Boston,away,University of Massachusetts-Boston,4006.0,91,12509,8,1450,15,1757
58,Warren Street north of Walnut Avenue,2023-09-21,Thursday,42.3244,-71.0829,Boston,away,Roxbury Community College,1169.0,181,23687,28,2897,24,2793
6,Beacon Street east of Raleigh Street,2023-09-21,Thursday,42.3496,-71.0939,Boston,campus,Boston University,347.0,610,14923,97,1582,165,1974
61,Washington Street north of Kenwood Street,2023-09-21,Thursday,42.2918,-71.0717,Boston,away,University of Massachusetts-Boston,3627.0,94,14501,5,1503,10,1795
62,Washington Street south of Hayward Place,2023-09-21,Thursday,42.3528,-71.0626,Boston,campus,Emerson College,239.0,897,3880,194,380,145,432
65,Western Avenue east of Hague Street,2023-09-21,Thursday,42.3639,-71.1217,Boston,campus,Harvard University,200.0,780,7443,148,1027,186,945
66,Western Avenue west of Waverly Street,2023-09-21,Thursday,42.3622,-71.1419,Boston,away,Harvard University,1831.0,569,11399,80,1546,129,1589
67,Neponset Greenway east of Blue Hill Avenue,2023-09-21,Thursday,42.2672,-71.0934,Boston,away,University of Massachusetts-Boston,6840.0,117,1,11,0,17,0
19,Charles Street north of Revere Street,2023-09-23,Saturday,42.3597,-71.0708,Boston,near,Suffolk University,735.0,303,4883,41,475,28,777
12,BU Bridge north of Commonwealth Avenue,2023-09-26,Tuesday,42.3523,-71.1107,Boston,campus,Boston University,148.0,2279,28581,506,3870,528,3776
16,Centre Street north of Harris Avenue,2023-09-26,Tuesday,42.3113,-71.1145,Boston,away,Roxbury Community College,2534.0,362,12541,51,1682,93,1475
17,Centre Street west of Wise Street,2023-09-26,Tuesday,42.3229,-71.1015,Boston,near,Roxbury Community College,860.0,359,13668,53,1591,81,1800
24,Columbus Avenue west of Massachusetts Avenue,2023-09-26,Tuesday,42.3404,-71.082,Boston,near,Northeastern University,561.0,1307,10559,247,1238,305,1421
27,Congress Street south of Milk Street,2023-09-26,Tuesday,42.3564,-71.0562,Boston,near,Suffolk University,425.0,259,10688,74,1229,34,1517
29,D Street south of West Broadway,2023-09-26,Tuesday,42.3386,-71.0511,Boston,away,Tufts University,1510.0,184,5677,36,669,51,895
30,Dorchester Avenue north of B Street,2023-09-26,Tuesday,42.3386,-71.0571,Boston,away,Boston University,1169.0,517,24096,96,3159,112,3113
34,Franklin Street north of Alcott Street,2023-09-26,Tuesday,42.3581,-71.1331,Boston,away,Harvard University,1335.0,647,1438,78,160,144,245
36,L Street north of East Broadway,2023-09-26,Tuesday,42.3361,-71.0354,Boston,away,University of Massachusetts-Boston,2496.0,92,12701,16,1603,25,1825
43,Massachusetts Avenue south of Shawmut Avenue,2023-09-26,Tuesday,42.3369,-71.0775,Boston,near,Boston University,515.0,1050,23147,169,2574,227,2982
48,North Washington Street Bridge south of Chelsea Street,2023-09-26,Tuesday,42.3678,-71.059,Boston,near,MGH Institute of Health Professions,892.0,307,29152,52,3725,81,4006
49,Pleasant Street north of Morrill Street,2023-09-26,Tuesday,42.3165,-71.0595,Boston,away,University of Massachusetts-Boston,1700.0,96,9056,9,1140,18,1178
50,Post Office Square north of Milk Street,2023-09-26,Tuesday,42.3572,-71.056,Boston,near,Suffolk University,413.0,165,3638,27,374,47,682
51,Quincy Street west of Ceylon Street,2023-09-26,Tuesday,42.3121,-71.0726,Boston,away,Boston University,2580.0,39,13512,2,1647,8,1683
53,Seaver Street west of Humboldt Avenue,2023-09-26,Tuesday,42.3103,-71.0925,Boston,away,Roxbury Community College,2118.0,14,17412,1,2176,2,2251
54,South Huntington Avenue south of Castleton Street,2023-09-26,Tuesday,42.3224,-71.1121,Boston,away,Roxbury Community College,1565.0,285,9311,52,1397,63,1116
59,Washington Street East of Beethoven Street,2023-09-26,Tuesday,42.3154,-71.0987,Boston,away,Roxbury Community College,1559.0,62,12883,10,1267,11,1368
60,Washington Street north of Bexley Road,2023-09-26,Tuesday,42.2883,-71.1261,Boston,away,Roxbury Community College,5200.0,347,16383,57,2021,94,2311
63,Washington Street south of Herald Street,2023-09-26,Tuesday,42.3462,-71.0647,Boston,near,Tufts University,479.0,451,8451,94,1339,68,1110
64,Weld Street west of Centre Street,2023-09-26,Tuesday,42.2943,-71.1365,Boston,away,Roxbury Community College,5146.0,46,2936,10,439,13,479
7,Belgrade Avenue east of Anawan Avenue,2023-09-26,Tuesday,42.2861,-71.1471,Boston,away,Boston College,5620.0,80,11531,6,1597,18,1790
9,Blue Hill Avenue north of Seaver Street,2023-09-26,Tuesday,42.3057,-71.0846,Boston,away,Roxbury Community College,2764.0,48,20780,5,2718,8,2423
12,BU Bridge north of Commonwealth Avenue,2023-09-27,Wednesday,42.3523,-71.1107,Boston,campus,Boston University,148.0,2318,29375,506,3931,561,3934
16,Centre Street north of Harris Avenue,2023-09-27,Wednesday,42.3113,-71.1145,Boston,away,Roxbury Community College,2534.0,368,12866,53,1555,89,1538
17,Centre Street west of Wise Street,2023-09-27,Wednesday,42.3229,-71.1015,Boston,near,Roxbury Community College,860.0,349,14139,56,1685,71,1906
24,Columbus Avenue west of Massachusetts Avenue,2023-09-27,Wednesday,42.3404,-71.082,Boston,near,Northeastern University,561.0,1387,11060,295,1291,320,1479
27,Congress Street south of Milk Street,2023-09-27,Wednesday,42.3564,-71.0562,Boston,near,Suffolk University,425.0,288,10726,70,1176,27,1387
29,D Street south of West Broadway,2023-09-27,Wednesday,42.3386,-71.0511,Boston,away,Tufts University,1510.0,239,5787,42,708,52,899
30,Dorchester Avenue north of B Street,2023-09-27,Wednesday,42.3386,-71.0571,Boston,away,Boston University,1169.0,523,24761,99,3118,105,3172
34,Franklin Street north of Alcott Street,2023-09-27,Wednesday,42.3581,-71.1331,Boston,away,Harvard University,1335.0,729,1475,100,182,153,220
36,L Street north of East Broadway,2023-09-27,Wednesday,42.3361,-71.0354,Boston,away,University of Massachusetts-Boston,2496.0,118,12982,19,1532,30,1899
43,Massachusetts Avenue south of Shawmut Avenue,2023-09-27,Wednesday,42.3369,-71.0775,Boston,near,Boston University,515.0,1127,23283,191,2637,241,2827
48,North Washington Street Bridge south of Chelsea Street,2023-09-27,Wednesday,42.3678,-71.059,Boston,near,MGH Institute of Health Professions,892.0,361,30024,54,3729,94,3955
49,Pleasant Street north of Morrill Street,2023-09-27,Wednesday,42.3165,-71.0595,Boston,away,University of Massachusetts-Boston,1700.0,143,9404,25,1211,25,1277
50,Post Office Square north of Milk Street,2023-09-27,Wednesday,42.3572,-71.056,Boston,near,Suffolk University,413.0,164,3932,27,411,41,779
51,Quincy Street west of Ceylon Street,2023-09-27,Wednesday,42.3121,-71.0726,Boston,away,Boston University,2580.0,33,13938,3,1628,4,1645
53,Seaver Street west of Humboldt Avenue,2023-09-27,Wednesday,42.3103,-71.0925,Boston,away,Roxbury Community College,2118.0,19,18256,1,2185,5,2552
54,South Huntington Avenue south of Castleton Street,2023-09-27,Wednesday,42.3224,-71.1121,Boston,away,Roxbury Community College,1565.0,316,9076,39,1280,65,1077
59,Washington Street East of Beethoven Street,2023-09-27,Wednesday,42.3154,-71.0987,Boston,away,Roxbury Community College,1559.0,71,12615,6,1230,14,1466
60,Washington Street north of Bexley Road,2023-09-27,Wednesday,42.2883,-71.1261,Boston,away,Roxbury Community College,5200.0,323,16769,61,2015,67,2267
63,Washington Street south of Herald Street,2023-09-27,Wednesday,42.3462,-71.0647,Boston,near,Tufts University,479.0,496,8165,87,1414,97,1062
64,Weld Street west of Centre Street,2023-09-27,Wednesday,42.2943,-71.1365,Boston,away,Roxbury Community College,5146.0,43,2973,8,412,5,461
7,Belgrade Avenue east of Anawan Avenue,2023-09-27,Wednesday,42.2861,-71.1471,Boston,away,Boston College,5620.0,84,11779,7,1555,23,1748
9,Blue Hill Avenue north of Seaver Street,2023-09-27,Wednesday,42.3057,-71.0846,Boston,away,Roxbury Community College,2764.0,34,21179,4,2671,6,2510
8,Blue Hill Avenue north of Rexford Street,2023-10-03,Tuesday,42.2714,-71.0937,Boston,away,Roxbury Community College,6426.0,43,28085,11,3549,12,3439
8,Blue Hill Avenue north of Rexford Street,2023-10-04,Wednesday,42.2714,-71.0937,Boston,away,Roxbury Community College,6426.0,41,28354,3,3758,7,3389
1,A Street north of Iron Street,2023-12-05,Tuesday,42.3459,-71.052,Boston,near,Tufts University,894.0,392,11020,102,1738,88,1199
15,Cambridge Street west of Staniford Street,2023-12-05,Tuesday,42.3613,-71.0642,Boston,campus,Suffolk University,324.0,1040,19152,204,2739,266,2521
16,Centre Street north of Harris Avenue,2023-12-05,Tuesday,42.3113,-71.1145,Boston,away,Roxbury Community College,2534.0,269,12102,46,1447,62,1439
18,Charles River Dam Bridge west of Leverett Circle,2023-12-05,Tuesday,42.3671,-71.0689,Boston,campus,Hult International Business School,349.0,1095,37776,281,4706,267,4233
19,Charles Street north of Revere Street,2023-12-05,Tuesday,42.3597,-71.0708,Boston,near,Suffolk University,735.0,546,4747,139,623,111,734
20,Chestnut Hill Avenue north of Embassy Road,2023-12-05,Tuesday,42.3417,-71.1544,Boston,away,Boston College,1367.0,112,13700,22,1733,14,1941
21,Columbia Road south of Quincy Street,2023-12-05,Tuesday,42.3107,-71.0713,Boston,away,University of Massachusetts-Boston,2669.0,54,27812,3,3330,7,3412
23,Columbus Avenue west of Holyoke Street,2023-12-05,Tuesday,42.3441,-71.0775,Boston,near,Berklee College of Music,991.0,810,9445,192,1104,215,1318
26,Commonwealth Avenue west of Silber Way,2023-12-05,Tuesday,42.3496,-71.102,Boston,campus,Boston University,26.0,1129,18273,178,2226,229,2307
3,Atlantic Avenue south of Commercial Street,2023-12-05,Tuesday,42.3635,-71.0511,Boston,away,Suffolk University,1017.0,386,,67,,102,
31,Dorchester Avenue north of Doris Street,2023-12-05,Tuesday,42.3137,-71.057,Boston,away,University of Massachusetts-Boston,1467.0,165,13279,42,1474,29,1527
37,Longfellow Bridge west of Charles Street,2023-12-05,Tuesday,42.3614,-71.0734,Boston,near,Hult International Business School,978.0,1677,21367,410,2762,390,3133
38,Longwood Avenue east of Pilgrim Road,2023-12-05,Tuesday,42.3392,-71.1078,Boston,campus,Simmons University,259.0,993,9616,275,1206,204,1281
39,Main Street south of Sullivan Square,2023-12-05,Tuesday,42.384,-71.0725,Boston,campus,Cambridge College,323.0,171,16277,69,2287,10,2196
42,Massachusetts Avenue south of Newmarket Square,2023-12-05,Tuesday,42.3261,-71.0662,Boston,away,Boston University,1117.0,359,21459,45,2526,61,2721
44,Massachusetts Avenue north of Back Street,2023-12-05,Tuesday,42.3532,-71.0906,Boston,near,Massachusetts Institute of Technology,705.0,3701,21535,792,2684,766,3135
45,Meridian Street south of Nay Street,2023-12-05,Tuesday,42.3829,-71.0393,Boston,away,MGH Institute of Health Professions,1494.0,39,19519,5,2146,1,2617
52,Seaport Boulevard west of Sleeper Street,2023-12-05,Tuesday,42.3537,-71.0497,Boston,away,Suffolk University,1037.0,740,24293,161,3033,162,2678
54,South Huntington Avenue south of Castleton Street,2023-12-05,Tuesday,42.3224,-71.1121,Boston,away,Roxbury Community College,1565.0,218,8937,49,1244,39,992
55,Southwest Corridor Bicycle Path south of Heath Street,2023-12-05,Tuesday,42.3238,-71.0996,Boston,near,Roxbury Community College,692.0,1318,,312,,269,
56,Summer Street east of Dorchester Avenue,2023-12-05,Tuesday,42.351,-71.0519,Boston,near,Tufts University,801.0,631,16059,157,2075,134,2205
58,Warren Street north of Walnut Avenue,2023-12-05,Tuesday,42.3244,-71.0829,Boston,away,Roxbury Community College,1169.0,108,22415,13,2990,13,2631
60,Washington Street north of Bexley Road,2023-12-05,Tuesday,42.2883,-71.1261,Boston,away,Roxbury Community College,5200.0,255,16319,53,1994,55,2183
62,Washington Street south of Hayward Place,2023-12-05,Tuesday,42.3528,-71.0626,Boston,campus,Emerson College,239.0,566,3926,144,423,117,537
66,Western Avenue west of Waverly Street,2023-12-05,Tuesday,42.3622,-71.1419,Boston,away,Harvard University,1831.0,262,10641,53,1425,54,1570
1,A Street north of Iron Street,2023-12-06,Wednesday,42.3459,-71.052,Boston,near,Tufts University,894.0,255,10954,66,1560,31,1307
15,Cambridge Street west of Staniford Street,2023-12-06,Wednesday,42.3613,-71.0642,Boston,campus,Suffolk University,324.0,852,19333,162,2459,222,2184
16,Centre Street north of Harris Avenue,2023-12-06,Wednesday,42.3113,-71.1145,Boston,away,Roxbury Community College,2534.0,188,12278,29,1470,38,1486
18,Charles River Dam Bridge west of Leverett Circle,2023-12-06,Wednesday,42.3671,-71.0689,Boston,campus,Hult International Business School,349.0,825,39826,193,4548,180,4555
19,Charles Street north of Revere Street,2023-12-06,Wednesday,42.3597,-71.0708,Boston,near,Suffolk University,735.0,398,5060,116,633,69,818
20,Chestnut Hill Avenue north of Embassy Road,2023-12-06,Wednesday,42.3417,-71.1544,Boston,away,Boston College,1367.0,84,13576,19,1716,11,1873
21,Columbia Road south of Quincy Street,2023-12-06,Wednesday,42.3107,-71.0713,Boston,away,University of Massachusetts-Boston,2669.0,54,27741,0,3212,6,3434
23,Columbus Avenue west of Holyoke Street,2023-12-06,Wednesday,42.3441,-71.0775,Boston,near,Berklee College of Music,991.0,772,9533,180,1203,207,1295
26,Commonwealth Avenue west of Silber Way,2023-12-06,Wednesday,42.3496,-71.102,Boston,campus,Boston University,26.0,929,17469,137,2098,143,2442
3,Atlantic Avenue south of Commercial Street,2023-12-06,Wednesday,42.3635,-71.0511,Boston,away,Suffolk University,1017.0,287,,57,,67,
31,Dorchester Avenue north of Doris Street,2023-12-06,Wednesday,42.3137,-71.057,Boston,away,University of Massachusetts-Boston,1467.0,115,14117,23,1496,9,1680
37,Longfellow Bridge west of Charles Street,2023-12-06,Wednesday,42.3614,-71.0734,Boston,near,Hult International Business School,978.0,1368,21082,329,2681,330,3027
38,Longwood Avenue east of Pilgrim Road,2023-12-06,Wednesday,42.3392,-71.1078,Boston,campus,Simmons University,259.0,899,9532,196,1234,163,1204
39,Main Street south of Sullivan Square,2023-12-06,Wednesday,42.384,-71.0725,Boston,campus,Cambridge College,323.0,126,16815,43,2355,11,2268
42,Massachusetts Avenue south of Newmarket Square,2023-12-06,Wednesday,42.3261,-71.0662,Boston,away,Boston University,1117.0,360,21666,51,2518,69,2804
44,Massachusetts Avenue north of Back Street,2023-12-06,Wednesday,42.3532,-71.0906,Boston,near,Massachusetts Institute of Technology,705.0,3059,22627,661,2532,554,3153
45,Meridian Street south of Nay Street,2023-12-06,Wednesday,42.3829,-71.0393,Boston,away,MGH Institute of Health Professions,1494.0,15,19703,2,2247,1,2473
52,Seaport Boulevard west of Sleeper Street,2023-12-06,Wednesday,42.3537,-71.0497,Boston,away,Suffolk University,1037.0,585,25852,141,3087,110,3337
54,South Huntington Avenue south of Castleton Street,2023-12-06,Wednesday,42.3224,-71.1121,Boston,away,Roxbury Community College,1565.0,104,8722,18,1250,25,1035
55,Southwest Corridor Bicycle Path south of Heath Street,2023-12-06,Wednesday,42.3238,-71.0996,Boston,near,Roxbury Community College,692.0,1026,,246,,251,
56,Summer Street east of Dorchester Avenue,2023-12-06,Wednesday,42.351,-71.0519,Boston,near,Tufts University,801.0,470,16954,103,2187,114,2187
58,Warren Street north of Walnut Avenue,2023-12-06,Wednesday,42.3244,-71.0829,Boston,away,Roxbury Community College,1169.0,90,22057,11,2728,10,2669
60,Washington Street north of Bexley Road,2023-12-06,Wednesday,42.2883,-71.1261,Boston,away,Roxbury Community College,5200.0,199,16254,42,2001,44,2137
62,Washington Street south of Hayward Place,2023-12-06,Wednesday,42.3528,-71.0626,Boston,campus,Emerson College,239.0,477,4510,110,404,71,624
66,Western Avenue west of Waverly Street,2023-12-06,Wednesday,42.3622,-71.1419,Boston,away,Harvard University,1831.0,231,10638,36,1458,54,1557
68,Arlington Street south of Marlborough Street,2023-12-13,Wednesday,42.3545,-71.072,Boston,near,Emerson College,575.0,609,19202,135,2598,153,2676
69,Beacon Street west of Charles Street,2023-12-13,Wednesday,42.356,-71.0703,Boston,near,Emerson College,564.0,563,18136,79,1896,165,2942
70,Boylston Street east of Arlington Street,2023-12-13,Wednesday,42.3522,-71.0694,Boston,campus,Emerson College,302.0,974,10048,258,1273,160,1494
71,Charles Street north of Boylston Street,2023-12-13,Wednesday,42.353,-71.0676,Boston,campus,Emerson College,176.0,439,15212,62,1813,133,2328
72,Stuart Street east of Tremont Street,2023-12-13,Wednesday,42.351,-71.0642,Boston,campus,Emerson College,165.0,729,19540,150,1897,145,2365
73,Tremont Street north of Boylston Street,2023-12-13,Wednesday,42.3541,-71.0639,Boston,campus,Emerson College,244.0,696,14381,63,1348,206,2076
74,Tremont Street north of School Street,2023-12-13,Wednesday,42.3586,-71.06,Boston,campus,Suffolk University,105.0,688,15267,126,1986,161,2142
89,Boylston Street west of Tremont Street,2023-12-13,Wednesday,42.3525,-71.065,Boston,campus,Emerson College,46.0,1092,7378,256,796,239,1007
1,A Street north of Iron Street,2024-03-13,Wednesday,42.3459,-71.052,Boston,near,Tufts University,894.0,441,9640,89,1496,95,1045
12,BU Bridge north of Commonwealth Avenue,2024-03-13,Wednesday,42.3523,-71.1107,Boston,campus,Boston University,148.0,1554,25336,376,3425,401,3429
15,Cambridge Street west of Staniford Street,2024-03-13,Wednesday,42.3613,-71.0642,Boston,campus,Suffolk University,324.0,1000,17997,204,2436,253,2337
16,Centre Street north of Harris Avenue,2024-03-13,Wednesday,42.3113,-71.1145,Boston,away,Roxbury Community College,2534.0,304,11739,62,1436,54,1457
18,Charles River Dam Bridge west of Leverett Circle,2024-03-13,Wednesday,42.3671,-71.0689,Boston,campus,Hult International Business School,349.0,1170,37378,285,4750,289,4311
19,Charles Street north of Revere Street,2024-03-13,Wednesday,42.3597,-71.0708,Boston,near,Suffolk University,735.0,484,4718,146,627,100,689
20,Chestnut Hill Avenue north of Embassy Road,2024-03-13,Wednesday,42.3417,-71.1544,Boston,away,Boston College,1367.0,123,12851,21,1674,31,1836
21,Columbia Road south of Quincy Street,2024-03-13,Wednesday,42.3107,-71.0713,Boston,away,University of Massachusetts-Boston,2669.0,110,27794,10,3224,22,3423
23,Columbus Avenue west of Holyoke Street,2024-03-13,Wednesday,42.3441,-71.0775,Boston,near,Berklee College of Music,991.0,518,8637,127,1065,119,1157
26,Commonwealth Avenue west of Silber Way,2024-03-13,Wednesday,42.3496,-71.102,Boston,campus,Boston University,26.0,749,11812,126,1388,168,1550
3,Atlantic Avenue south of Commercial Street,2024-03-13,Wednesday,42.3635,-71.0511,Boston,away,Suffolk University,1017.0,368,,85,,99,
31,Dorchester Avenue north of Doris Street,2024-03-13,Wednesday,42.3137,-71.057,Boston,away,University of Massachusetts-Boston,1467.0,168,13777,35,1477,33,1707
37,Longfellow Bridge west of Charles Street,2024-03-13,Wednesday,42.3614,-71.0734,Boston,near,Hult International Business School,978.0,1732,20393,401,2551,461,3008
38,Longwood Avenue east of Pilgrim Road,2024-03-13,Wednesday,42.3392,-71.1078,Boston,campus,Simmons University,259.0,932,9073,237,1159,190,1131
39,Main Street south of Sullivan Square,2024-03-13,Wednesday,42.384,-71.0725,Boston,campus,Cambridge College,323.0,347,16557,80,2124,81,2466
42,Massachusetts Avenue south of Newmarket Square,2024-03-13,Wednesday,42.3261,-71.0662,Boston,away,Boston University,1117.0,329,20766,46,2377,56,2789
44,Massachusetts Avenue north of Back Street,2024-03-13,Wednesday,42.3532,-71.0906,Boston,near,Massachusetts Institute of Technology,705.0,4352,21508,891,2498,1021,3117
52,Seaport Boulevard west of Sleeper Street,2024-03-13,Wednesday,42.3537,-71.0497,Boston,away,Suffolk University,1037.0,789,24006,155,3125,197,2871
54,South Huntington Avenue south of Castleton Street,2024-03-13,Wednesday,42.3224,-71.1121,Boston,away,Roxbury Community College,1565.0,208,8717,40,1290,50,984
55,Southwest Corridor Bicycle Path south of Heath Street,2024-03-13,Wednesday,42.3238,-71.0996,Boston,near,Roxbury Community College,692.0,1339,,555,,99,
56,Summer Street east of Dorchester Avenue,2024-03-13,Wednesday,42.351,-71.0519,Boston,near,Tufts University,801.0,634,15671,129,1993,177,2016
58,Warren Street north of Walnut Avenue,2024-03-13,Wednesday,42.3244,-71.0829,Boston,away,Roxbury Community College,1169.0,111,22804,18,2844,16,2707
60,Washington Street north of Bexley Road,2024-03-13,Wednesday,42.2883,-71.1261,Boston,away,Roxbury Community College,5200.0,215,16363,40,1900,62,2140
62,Washington Street south of Hayward Place,2024-03-13,Wednesday,42.3528,-71.0626,Boston,campus,Emerson College,239.0,563,3901,141,405,98,517
66,Western Avenue west of Waverly Street,2024-03-13,Wednesday,42.3622,-71.1419,Boston,away,Harvard University,1831.0,283,9596,45,1245,60,1411
68,Arlington Street south of Marlborough Street,2024-03-13,Wednesday,42.3545,-71.072,Boston,near,Emerson College,575.0,591,18767,120,2694,152,2577
69,Beacon Street west of Charles Street,2024-03-13,Wednesday,42.356,-71.0703,Boston,near,Emerson College,564.0,783,16739,81,1796,256,2740
70,Boylston Street east of Arlington Street,2024-03-13,Wednesday,42.3522,-71.0694,Boston,campus,Emerson College,302.0,748,9434,211,1231,156,1530
71,Charles Street north of Boylston Street,2024-03-13,Wednesday,42.353,-71.0676,Boston,campus,Emerson College,176.0,519,14133,65,1715,155,2247
72,Stuart Street east of Tremont Street,2024-03-13,Wednesday,42.351,-71.0642,Boston,campus,Emerson College,165.0,508,17694,98,1917,114,2135
73,Tremont Street north of Boylston Street,2024-03-13,Wednesday,42.3541,-71.0639,Boston,campus,Emerson College,244.0,667,13372,43,1400,210,1843
74,Tremont Street north of School Street,2024-03-13,Wednesday,42.3586,-71.06,Boston,campus,Suffolk University,105.0,674,14183,130,1805,148,1861
75,Huntington Avenue west of Evans Way,2024-03-13,Wednesday,42.3365,-71.0986,Boston,campus,Massachusetts College of Art and Design,69.0,666,21170,119,2759,126,2476
76,Cummins Highway east of Rugby Road,2024-03-13,Wednesday,42.2709,-71.1027,Boston,away,Roxbury Community College,6507.0,11,16082,2,1764,1,2280
77,Tremont Street west of Union Park,2024-03-13,Wednesday,42.3434,-71.0727,Boston,near,Boston University,792.0,355,9550,61,1311,74,1271
91,Meridian Street south of Nay Street,2024-03-13,Wednesday,42.3829,-71.0393,Boston,away,MGH Institute of Health Professions,1494.0,100,19293,9,1948,19,2608
1,A Street north of Iron Street,2024-03-14,Thursday,42.3459,-71.052,Boston,near,Tufts University,894.0,374,10135,85,1409,92,1169
12,BU Bridge north of Commonwealth Avenue,2024-03-14,Thursday,42.3523,-71.1107,Boston,campus,Boston University,148.0,1642,26821,396,3330,420,3701
15,Cambridge Street west of Staniford Street,2024-03-14,Thursday,42.3613,-71.0642,Boston,campus,Suffolk University,324.0,1164,19686,238,2433,315,2633
16,Centre Street north of Harris Avenue,2024-03-14,Thursday,42.3113,-71.1145,Boston,away,Roxbury Community College,2534.0,291,11911,42,1378,43,1385
18,Charles River Dam Bridge west of Leverett Circle,2024-03-14,Thursday,42.3671,-71.0689,Boston,campus,Hult International Business School,349.0,1259,39143,264,4937,337,4658
19,Charles Street north of Revere Street,2024-03-14,Thursday,42.3597,-71.0708,Boston,near,Suffolk University,735.0,536,4872,154,680,98,696
20,Chestnut Hill Avenue north of Embassy Road,2024-03-14,Thursday,42.3417,-71.1544,Boston,away,Boston College,1367.0,107,13072,21,1632,17,1849
21,Columbia Road south of Quincy Street,2024-03-14,Thursday,42.3107,-71.0713,Boston,away,University of Massachusetts-Boston,2669.0,94,28384,8,3277,23,3360
23,Columbus Avenue west of Holyoke Street,2024-03-14,Thursday,42.3441,-71.0775,Boston,near,Berklee College of Music,991.0,538,9031,129,1026,133,1247
26,Commonwealth Avenue west of Silber Way,2024-03-14,Thursday,42.3496,-71.102,Boston,campus,Boston University,26.0,787,12556,131,1395,164,1654
3,Atlantic Avenue south of Commercial Street,2024-03-14,Thursday,42.3635,-71.0511,Boston,away,Suffolk University,1017.0,305,,14,,112,
31,Dorchester Avenue north of Doris Street,2024-03-14,Thursday,42.3137,-71.057,Boston,away,University of Massachusetts-Boston,1467.0,141,14179,33,1606,29,1656
37,Longfellow Bridge west of Charles Street,2024-03-14,Thursday,42.3614,-71.0734,Boston,near,Hult International Business School,978.0,1823,22071,418,2781,460,3329
38,Longwood Avenue east of Pilgrim Road,2024-03-14,Thursday,42.3392,-71.1078,Boston,campus,Simmons University,259.0,944,9138,224,1085,205,1122
39,Main Street south of Sullivan Square,2024-03-14,Thursday,42.384,-71.0725,Boston,campus,Cambridge College,323.0,428,16917,84,2167,88,2430
42,Massachusetts Avenue south of Newmarket Square,2024-03-14,Thursday,42.3261,-71.0662,Boston,away,Boston University,1117.0,392,20646,53,2356,75,2674
44,Massachusetts Avenue north of Back Street,2024-03-14,Thursday,42.3532,-71.0906,Boston,near,Massachusetts Institute of Technology,705.0,4322,22070,848,2574,1030,3137
52,Seaport Boulevard west of Sleeper Street,2024-03-14,Thursday,42.3537,-71.0497,Boston,away,Suffolk University,1037.0,839,23992,179,3096,177,2712
54,South Huntington Avenue south of Castleton Street,2024-03-14,Thursday,42.3224,-71.1121,Boston,away,Roxbury Community College,1565.0,210,8802,34,1270,48,1056
55,Southwest Corridor Bicycle Path south of Heath Street,2024-03-14,Thursday,42.3238,-71.0996,Boston,near,Roxbury Community College,692.0,1340,,37,,495,
56,Summer Street east of Dorchester Avenue,2024-03-14,Thursday,42.351,-71.0519,Boston,near,Tufts University,801.0,607,16168,118,2120,143,2160
58,Warren Street north of Walnut Avenue,2024-03-14,Thursday,42.3244,-71.0829,Boston,away,Roxbury Community College,1169.0,137,23541,18,2804,19,2852
60,Washington Street north of Bexley Road,2024-03-14,Thursday,42.2883,-71.1261,Boston,away,Roxbury Community College,5200.0,253,16587,45,1888,60,2110
62,Washington Street south of Hayward Place,2024-03-14,Thursday,42.3528,-71.0626,Boston,campus,Emerson College,239.0,598,4247,132,424,95,629
66,Western Avenue west of Waverly Street,2024-03-14,Thursday,42.3622,-71.1419,Boston,away,Harvard University,1831.0,245,9951,50,1326,62,1437
68,Arlington Street south of Marlborough Street,2024-03-14,Thursday,42.3545,-71.072,Boston,near,Emerson College,575.0,652,19783,124,2696,171,2396
69,Beacon Street west of Charles Street,2024-03-14,Thursday,42.356,-71.0703,Boston,near,Emerson College,564.0,799,18094,88,1775,232,2954
70,Boylston Street east of Arlington Street,2024-03-14,Thursday,42.3522,-71.0694,Boston,campus,Emerson College,302.0,928,9764,216,1296,154,1512
71,Charles Street north of Boylston Street,2024-03-14,Thursday,42.353,-71.0676,Boston,campus,Emerson College,176.0,508,15505,57,1792,150,2472
72,Stuart Street east of Tremont Street,2024-03-14,Thursday,42.351,-71.0642,Boston,campus,Emerson College,165.0,535,17379,108,1889,111,2185
73,Tremont Street north of Boylston Street,2024-03-14,Thursday,42.3541,-71.0639,Boston,campus,Emerson College,244.0,719,14052,64,1398,222,1832
74,Tremont Street north of School Street,2024-03-14,Thursday,42.3586,-71.06,Boston,campus,Suffolk University,105.0,800,14925,164,1707,161,1985
75,Huntington Avenue west of Evans Way,2024-03-14,Thursday,42.3365,-71.0986,Boston,campus,Massachusetts College of Art and Design,69.0,767,21752,117,2588,132,2536
76,Cummins Highway east of Rugby Road,2024-03-14,Thursday,42.2709,-71.1027,Boston,away,Roxbury Community College,6507.0,10,15976,0,1686,4,2269
77,Tremont Street west of Union Park,2024-03-14,Thursday,42.3434,-71.0727,Boston,near,Boston University,792.0,344,10261,51,1294,88,1292
91,Meridian Street south of Nay Street,2024-03-14,Thursday,42.3829,-71.0393,Boston,away,MGH Institute of Health Professions,1494.0,103,20480,13,2116,9,2682
1,A Street north of Iron Street,2024-06-11,Tuesday,42.3459,-71.052,Boston,near,Tufts University,894.0,790,10024,149,1439,188,1076
12,BU Bridge north of Commonwealth Avenue,2024-06-11,Tuesday,42.3523,-71.1107,Boston,campus,Boston University,148.0,2413,27798,510,3546,566,3656
13,Cambridge Street east of Lincoln Street,2024-06-11,Tuesday,42.3577,-71.1272,Boston,away,Harvard University,1022.0,491,38402,79,4559,109,4890
14,Cambridge Street west of Eleanor Street,2024-06-11,Tuesday,42.3513,-71.1445,Boston,away,Harvard University,2539.0,575,12541,93,1421,112,1610
16,Centre Street north of Harris Avenue,2024-06-11,Tuesday,42.3113,-71.1145,Boston,away,Roxbury Community College,2534.0,426,12056,57,1504,69,1359
17,Centre Street west of Wise Street,2024-06-11,Tuesday,42.3229,-71.1015,Boston,near,Roxbury Community College,860.0,438,13769,77,1508,116,1738
18,Charles River Dam Bridge west of Leverett Circle,2024-06-11,Tuesday,42.3671,-71.0689,Boston,campus,Hult International Business School,349.0,2038,38401,420,4743,525,4593
19,Charles Street north of Revere Street,2024-06-11,Tuesday,42.3597,-71.0708,Boston,near,Suffolk University,735.0,740,4503,192,558,132,667
2,Adams Street south of Washington Street,2024-06-11,Tuesday,42.272,-71.068,Boston,away,University of Massachusetts-Boston,5216.0,43,20322,7,2791,9,2716
21,Columbia Road south of Quincy Street,2024-06-11,Tuesday,42.3107,-71.0713,Boston,away,University of Massachusetts-Boston,2669.0,140,28739,17,3279,26,3489
26,Commonwealth Avenue west of Silber Way,2024-06-11,Tuesday,42.3496,-71.102,Boston,campus,Boston University,26.0,1387,13147,217,1615,302,2113
27,Congress Street south of Milk Street,2024-06-11,Tuesday,42.3564,-71.0562,Boston,near,Suffolk University,425.0,349,11335,103,1383,53,1502
3,Atlantic Avenue south of Commercial Street,2024-06-11,Tuesday,42.3635,-71.0511,Boston,away,Suffolk University,1017.0,952,,182,,230,
30,Dorchester Avenue north of B Street,2024-06-11,Tuesday,42.3386,-71.0571,Boston,away,Boston University,1169.0,502,23669,82,3009,125,3111
31,Dorchester Avenue north of Doris Street,2024-06-11,Tuesday,42.3137,-71.057,Boston,away,University of Massachusetts-Boston,1467.0,346,14277,74,1564,67,1716
32,Dorchester Avenue north of Dracut Street,2024-06-11,Tuesday,42.2873,-71.0639,Boston,away,University of Massachusetts-Boston,3580.0,144,8824,13,1063,21,1204
34,Franklin Street north of Alcott Street,2024-06-11,Tuesday,42.3581,-71.1331,Boston,away,Harvard University,1335.0,619,1719,96,209,131,245
35,Harvard Avenue north of Commonwealth Avenue,2024-06-11,Tuesday,42.3506,-71.1311,Boston,away,Boston University,1758.0,737,13760,119,1461,162,1782
37,Longfellow Bridge west of Charles Street,2024-06-11,Tuesday,42.3614,-71.0734,Boston,near,Hult International Business School,978.0,2579,21250,573,2714,665,3154
38,Longwood Avenue east of Pilgrim Road,2024-06-11,Tuesday,42.3392,-71.1078,Boston,campus,Simmons University,259.0,1232,9551,262,1170,277,1359
39,Main Street south of Sullivan Square,2024-06-11,Tuesday,42.384,-71.0725,Boston,campus,Cambridge College,323.0,780,16781,149,2307,197,2147
4,Beacon Street east of Mountfort Street,2024-06-11,Tuesday,42.3478,-71.101,Boston,campus,Boston University,212.0,936,18971,183,2427,227,2375
40,Market Street south of North Beacon Street,2024-06-11,Tuesday,42.3558,-71.1493,Boston,away,Harvard University,2627.0,323,17394,49,2210,57,2568
42,Massachusetts Avenue south of Newmarket Square,2024-06-11,Tuesday,42.3261,-71.0662,Boston,away,Boston University,1117.0,710,20338,83,2235,140,2665
46,Mt. Vernon Street west of Harbor Point Boulevard,2024-06-11,Tuesday,42.3188,-71.0451,Boston,near,University of Massachusetts-Boston,737.0,63,7812,5,903,14,1020
47,North Harvard Street south of Soldiers Field Road,2024-06-11,Tuesday,42.3677,-71.1243,Boston,near,Harvard University,445.0,1276,9662,208,1219,282,1489
49,Pleasant Street north of Morrill Street,2024-06-11,Tuesday,42.3165,-71.0595,Boston,away,University of Massachusetts-Boston,1700.0,161,8819,21,1118,42,1052
51,Quincy Street west of Ceylon Street,2024-06-11,Tuesday,42.3121,-71.0726,Boston,away,Boston University,2580.0,73,14579,9,1781,3,1734
52,Seaport Boulevard west of Sleeper Street,2024-06-11,Tuesday,42.3537,-71.0497,Boston,away,Suffolk University,1037.0,1447,24432,284,3072,355,2310
53,Seaver Street west of Humboldt Avenue,2024-06-11,Tuesday,42.3103,-71.0925,Boston,away,Roxbury Community College,2118.0,32,18125,2,2362,2,2327
54,South Huntington Avenue south of Castleton Street,2024-06-11,Tuesday,42.3224,-71.1121,Boston,away,Roxbury Community College,1565.0,209,9448,41,1338,46,1115
55,Southwest Corridor Bicycle Path south of Heath Street,2024-06-11,Tuesday,42.3238,-71.0996,Boston,near,Roxbury Community College,692.0,2114,,444,,552,
56,Summer Street east of Dorchester Avenue,2024-06-11,Tuesday,42.351,-71.0519,Boston,near,Tufts University,801.0,1096,15161,204,1827,265,1904
58,Warren Street north of Walnut Avenue,2024-06-11,Tuesday,42.3244,-71.0829,Boston,away,Roxbury Community College,1169.0,182,22777,24,2547,23,2835
59,Washington Street East of Beethoven Street,2024-06-11,Tuesday,42.3154,-71.0987,Boston,away,Roxbury Community College,1559.0,60,12858,11,1345,11,1428
6,Beacon Street east of Raleigh Street,2024-06-11,Tuesday,42.3496,-71.0939,Boston,campus,Boston University,347.0,827,14041,115,1643,271,1726
60,Washington Street north of Bexley Road,2024-06-11,Tuesday,42.2883,-71.1261,Boston,away,Roxbury Community College,5200.0,477,16976,79,2017,107,2228
61,Washington Street north of Kenwood Street,2024-06-11,Tuesday,42.2918,-71.0717,Boston,away,University of Massachusetts-Boston,3627.0,61,14757,6,1724,10,1716
62,Washington Street south of Hayward Place,2024-06-11,Tuesday,42.3528,-71.0626,Boston,campus,Emerson College,239.0,939,4302,242,398,148,548
63,Washington Street south of Herald Street,2024-06-11,Tuesday,42.3462,-71.0647,Boston,near,Tufts University,479.0,573,7803,110,1207,92,1070
64,Weld Street west of Centre Street,2024-06-11,Tuesday,42.2943,-71.1365,Boston,away,Roxbury Community College,5146.0,68,3150,12,474,12,476
65,Western Avenue east of Hague Street,2024-06-11,Tuesday,42.3639,-71.1217,Boston,campus,Harvard University,200.0,451,7044,74,898,125,902
66,Western Avenue west of Waverly Street,2024-06-11,Tuesday,42.3622,-71.1419,Boston,away,Harvard University,1831.0,482,10475,71,1371,101,1506
68,Arlington Street south of Marlborough Street,2024-06-11,Tuesday,42.3545,-71.072,Boston,near,Emerson College,575.0,976,18550,190,2491,280,2252
69,Beacon Street west of Charles Street,2024-06-11,Tuesday,42.356,-71.0703,Boston,near,Emerson College,564.0,1446,16796,133,1942,438,2877
7,Belgrade Avenue east of Anawan Avenue,2024-06-11,Tuesday,42.2861,-71.1471,Boston,away,Boston College,5620.0,98,12048,9,1576,26,1787
70,Boylston Street east of Arlington Street,2024-06-11,Tuesday,42.3522,-71.0694,Boston,campus,Emerson College,302.0,1486,9911,374,1299,247,1370
71,Charles Street north of Boylston Street,2024-06-11,Tuesday,42.353,-71.0676,Boston,campus,Emerson College,176.0,945,15212,94,2025,279,2503
73,Tremont Street north of Boylston Street,2024-06-11,Tuesday,42.3541,-71.0639,Boston,campus,Emerson College,244.0,1142,12212,118,1198,337,1631
74,Tremont Street north of School Street,2024-06-11,Tuesday,42.3586,-71.06,Boston,campus,Suffolk University,105.0,1102,13220,221,1622,240,1869
76,Cummins Highway east of Rugby Road,2024-06-11,Tuesday,42.2709,-71.1027,Boston,away,Roxbury Community College,6507.0,13,12645,0,1416,3,1762
78,American Legion Highway north of Mount Hope Street,2024-06-11,Tuesday,42.2831,-71.114,Boston,away,Roxbury Community College,5347.0,60,24053,10,2663,4,3376
8,Blue Hill Avenue north of Rexford Street,2024-06-11,Tuesday,42.2714,-71.0937,Boston,away,Roxbury Community College,6426.0,63,28746,10,3527,10,3275
80,Centre Street east of Willow Street,2024-06-11,Tuesday,42.2874,-71.1513,Boston,away,Boston College,5376.0,105,13134,15,1548,25,1865
81,Berkeley Street north of Chandler Street,2024-06-11,Tuesday,42.3473,-71.0711,Boston,near,Emerson College,703.0,188,8802,41,1434,31,982
82,North Beacon Street west of Glencoe Street,2024-06-11,Tuesday,42.3559,-71.1482,Boston,away,Harvard University,2539.0,156,11373,26,1473,25,1673
84,Melnea Cass Boulevard east of Tremont Street,2024-06-11,Tuesday,42.3351,-71.0855,Boston,near,Northeastern University,607.0,328,29864,60,3217,84,3863
85,Hyde Park Avenue north of Cleary Square,2024-06-11,Tuesday,42.2564,-71.124,Boston,away,Roxbury Community College,8425.0,43,13568,7,1590,9,1646
86,Saratoga Street east of Annavoy Street,2024-06-11,Tuesday,42.3831,-70.9968,Boston,away,MGH Institute of Health Professions,4795.0,107,22879,11,2405,16,3019
9,Blue Hill Avenue north of Seaver Street,2024-06-11,Tuesday,42.3057,-71.0846,Boston,away,Roxbury Community College,2764.0,60,20782,7,2327,2,2559
91,Meridian Street south of Nay Street,2024-06-11,Tuesday,42.3829,-71.0393,Boston,away,MGH Institute of Health Professions,1494.0,248,21438,20,2125,42,2655
1,A Street north of Iron Street,2024-06-12,Wednesday,42.3459,-71.052,Boston,near,Tufts University,894.0,814,10144,161,1416,197,1008
12,BU Bridge north of Commonwealth Avenue,2024-06-12,Wednesday,42.3523,-71.1107,Boston,campus,Boston University,148.0,2362,27918,496,3923,527,3546
13,Cambridge Street east of Lincoln Street,2024-06-12,Wednesday,42.3577,-71.1272,Boston,away,Harvard University,1022.0,504,38734,91,4364,110,4872
14,Cambridge Street west of Eleanor Street,2024-06-12,Wednesday,42.3513,-71.1445,Boston,away,Harvard University,2539.0,526,12458,87,1385,123,1558
16,Centre Street north of Harris Avenue,2024-06-12,Wednesday,42.3113,-71.1145,Boston,away,Roxbury Community College,2534.0,408,12197,59,1369,84,1440
17,Centre Street west of Wise Street,2024-06-12,Wednesday,42.3229,-71.1015,Boston,near,Roxbury Community College,860.0,440,14050,61,1598,86,1772
18,Charles River Dam Bridge west of Leverett Circle,2024-06-12,Wednesday,42.3671,-71.0689,Boston,campus,Hult International Business School,349.0,2104,38413,434,4577,462,4273
19,Charles Street north of Revere Street,2024-06-12,Wednesday,42.3597,-71.0708,Boston,near,Suffolk University,735.0,783,4468,191,514,137,746
2,Adams Street south of Washington Street,2024-06-12,Wednesday,42.272,-71.068,Boston,away,University of Massachusetts-Boston,5216.0,55,20541,7,2782,10,2745
21,Columbia Road south of Quincy Street,2024-06-12,Wednesday,42.3107,-71.0713,Boston,away,University of Massachusetts-Boston,2669.0,127,29758,11,3289,20,3443
26,Commonwealth Avenue west of Silber Way,2024-06-12,Wednesday,42.3496,-71.102,Boston,campus,Boston University,26.0,1512,13124,228,1613,299,2054
27,Congress Street south of Milk Street,2024-06-12,Wednesday,42.3564,-71.0562,Boston,near,Suffolk University,425.0,352,12359,90,1315,74,1651
3,Atlantic Avenue south of Commercial Street,2024-06-12,Wednesday,42.3635,-71.0511,Boston,away,Suffolk University,1017.0,1059,,182,,227,
30,Dorchester Avenue north of B Street,2024-06-12,Wednesday,42.3386,-71.0571,Boston,away,Boston University,1169.0,601,24226,92,3039,127,3038
31,Dorchester Avenue north of Doris Street,2024-06-12,Wednesday,42.3137,-71.057,Boston,away,University of Massachusetts-Boston,1467.0,355,13121,58,1441,66,1403
32,Dorchester Avenue north of Dracut Street,2024-06-12,Wednesday,42.2873,-71.0639,Boston,away,University of Massachusetts-Boston,3580.0,132,8722,18,957,26,1173
34,Franklin Street north of Alcott Street,2024-06-12,Wednesday,42.3581,-71.1331,Boston,away,Harvard University,1335.0,627,1570,89,183,131,222
35,Harvard Avenue north of Commonwealth Avenue,2024-06-12,Wednesday,42.3506,-71.1311,Boston,away,Boston University,1758.0,789,13738,119,1502,169,1786
37,Longfellow Bridge west of Charles Street,2024-06-12,Wednesday,42.3614,-71.0734,Boston,near,Hult International Business School,978.0,2736,20201,588,2903,643,3125
38,Longwood Avenue east of Pilgrim Road,2024-06-12,Wednesday,42.3392,-71.1078,Boston,campus,Simmons University,259.0,1283,9409,213,1055,248,1297
39,Main Street south of Sullivan Square,2024-06-12,Wednesday,42.384,-71.0725,Boston,campus,Cambridge College,323.0,791,17039,164,2265,158,2131
4,Beacon Street east of Mountfort Street,2024-06-12,Wednesday,42.3478,-71.101,Boston,campus,Boston University,212.0,984,19248,190,2364,227,2573
40,Market Street south of North Beacon Street,2024-06-12,Wednesday,42.3558,-71.1493,Boston,away,Harvard University,2627.0,336,17705,46,2295,53,2653
42,Massachusetts Avenue south of Newmarket Square,2024-06-12,Wednesday,42.3261,-71.0662,Boston,away,Boston University,1117.0,757,20719,99,2374,145,2549
46,Mt. Vernon Street west of Harbor Point Boulevard,2024-06-12,Wednesday,42.3188,-71.0451,Boston,near,University of Massachusetts-Boston,737.0,75,8031,11,1051,18,963
47,North Harvard Street south of Soldiers Field Road,2024-06-12,Wednesday,42.3677,-71.1243,Boston,near,Harvard University,445.0,1322,9523,192,1205,271,1404
49,Pleasant Street north of Morrill Street,2024-06-12,Wednesday,42.3165,-71.0595,Boston,away,University of Massachusetts-Boston,1700.0,166,9236,31,1112,35,1039
51,Quincy Street west of Ceylon Street,2024-06-12,Wednesday,42.3121,-71.0726,Boston,away,Boston University,2580.0,56,14550,5,1740,5,1766
52,Seaport Boulevard west of Sleeper Street,2024-06-12,Wednesday,42.3537,-71.0497,Boston,away,Suffolk University,1037.0,1393,26648,272,3077,321,2789
53,Seaver Street west of Humboldt Avenue,2024-06-12,Wednesday,42.3103,-71.0925,Boston,away,Roxbury Community College,2118.0,36,18758,3,2385,4,2238
54,South Huntington Avenue south of Castleton Street,2024-06-12,Wednesday,42.3224,-71.1121,Boston,away,Roxbury Community College,1565.0,318,9119,51,1268,65,1014
55,Southwest Corridor Bicycle Path south of Heath Street,2024-06-12,Wednesday,42.3238,-71.0996,Boston,near,Roxbury Community College,692.0,2087,,455,,459,
56,Summer Street east of Dorchester Avenue,2024-06-12,Wednesday,42.351,-71.0519,Boston,near,Tufts University,801.0,1128,16165,199,2093,264,2126
58,Warren Street north of Walnut Avenue,2024-06-12,Wednesday,42.3244,-71.0829,Boston,away,Roxbury Community College,1169.0,198,23160,33,2620,29,2743
59,Washington Street East of Beethoven Street,2024-06-12,Wednesday,42.3154,-71.0987,Boston,away,Roxbury Community College,1559.0,84,12918,5,1386,17,1298
6,Beacon Street east of Raleigh Street,2024-06-12,Wednesday,42.3496,-71.0939,Boston,campus,Boston University,347.0,828,14178,124,1617,254,1757
60,Washington Street north of Bexley Road,2024-06-12,Wednesday,42.2883,-71.1261,Boston,away,Roxbury Community College,5200.0,458,17156,72,2021,111,2275
61,Washington Street north of Kenwood Street,2024-06-12,Wednesday,42.2918,-71.0717,Boston,away,University of Massachusetts-Boston,3627.0,66,15094,8,1742,13,1810
62,Washington Street south of Hayward Place,2024-06-12,Wednesday,42.3528,-71.0626,Boston,campus,Emerson College,239.0,998,4145,233,428,141,523
63,Washington Street south of Herald Street,2024-06-12,Wednesday,42.3462,-71.0647,Boston,near,Tufts University,479.0,600,7629,112,1124,84,907
64,Weld Street west of Centre Street,2024-06-12,Wednesday,42.2943,-71.1365,Boston,away,Roxbury Community College,5146.0,80,3243,18,451,12,489
65,Western Avenue east of Hague Street,2024-06-12,Wednesday,42.3639,-71.1217,Boston,campus,Harvard University,200.0,464,6945,74,846,109,901
66,Western Avenue west of Waverly Street,2024-06-12,Wednesday,42.3622,-71.1419,Boston,away,Harvard University,1831.0,424,10059,71,1323,77,1481
68,Arlington Street south of Marlborough Street,2024-06-12,Wednesday,42.3545,-71.072,Boston,near,Emerson College,575.0,929,19472,188,2479,202,2713
7,Belgrade Avenue east of Anawan Avenue,2024-06-12,Wednesday,42.2861,-71.1471,Boston,away,Boston College,5620.0,93,12242,15,1532,28,1713
70,Boylston Street east of Arlington Street,2024-06-12,Wednesday,42.3522,-71.0694,Boston,campus,Emerson College,302.0,1603,10245,363,1506,287,1328
71,Charles Street north of Boylston Street,2024-06-12,Wednesday,42.353,-71.0676,Boston,campus,Emerson College,176.0,822,15493,101,2127,249,2105
73,Tremont Street north of Boylston Street,2024-06-12,Wednesday,42.3541,-71.0639,Boston,campus,Emerson College,244.0,1196,13034,105,1265,353,1749
74,Tremont Street north of School Street,2024-06-12,Wednesday,42.3586,-71.06,Boston,campus,Suffolk University,105.0,1179,14095,239,1513,232,1921
76,Cummins Highway east of Rugby Road,2024-06-12,Wednesday,42.2709,-71.1027,Boston,away,Roxbury Community College,6507.0,5,12730,0,1404,4,1700
78,American Legion Highway north of Mount Hope Street,2024-06-12,Wednesday,42.2831,-71.114,Boston,away,Roxbury Community College,5347.0,107,25692,12,2919,16,3499
8,Blue Hill Avenue north of Rexford Street,2024-06-12,Wednesday,42.2714,-71.0937,Boston,away,Roxbury Community College,6426.0,73,29496,9,3849,13,3356
80,Centre Street east of Willow Street,2024-06-12,Wednesday,42.2874,-71.1513,Boston,away,Boston College,5376.0,113,13313,16,1594,25,1819
81,Berkeley Street north of Chandler Street,2024-06-12,Wednesday,42.3473,-71.0711,Boston,near,Emerson College,703.0,205,8702,39,1386,42,1055
82,North Beacon Street west of Glencoe Street,2024-06-12,Wednesday,42.3559,-71.1482,Boston,away,Harvard University,2539.0,149,11069,23,1348,29,1711
84,Melnea Cass Boulevard east of Tremont Street,2024-06-12,Wednesday,42.3351,-71.0855,Boston,near,Northeastern University,607.0,370,31268,69,3535,78,3854
85,Hyde Park Avenue north of Cleary Square,2024-06-12,Wednesday,42.2564,-71.124,Boston,away,Roxbury Community College,8425.0,38,14034,2,1593,7,1697
86,Saratoga Street east of Annavoy Street,2024-06-12,Wednesday,42.3831,-70.9968,Boston,away,MGH Institute of Health Professions,4795.0,121,23243,19,2446,13,2970
9,Blue Hill Avenue north of Seaver Street,2024-06-12,Wednesday,42.3057,-71.0846,Boston,away,Roxbury Community College,2764.0,61,20793,8,2435,7,2350
91,Meridian Street south of Nay Street,2024-06-12,Wednesday,42.3829,-71.0393,Boston,away,MGH Institute of Health Professions,1494.0,226,21858,13,2101,46,2903
11,Brookline Avenue south of Francis Street,2024-06-18,Tuesday,42.3367,-71.1096,Boston,near,Harvard University,532.0,534,23524,112,2380,96,3134
15,Cambridge Street west of Staniford Street,2024-06-18,Tuesday,42.3613,-71.0642,Boston,campus,Suffolk University,324.0,1625,19851,274,2418,381,2308
22,Columbus Avenue west of Arlington Street,2024-06-18,Tuesday,42.3494,-71.0709,Boston,near,Emerson College,528.0,529,6122,117,747,143,880
44,Massachusetts Avenue north of Back Street,2024-06-18,Tuesday,42.3532,-71.0906,Boston,near,Massachusetts Institute of Technology,705.0,4364,21316,1002,2462,922,2881
5,Beacon Street west of Dartmouth Street,2024-06-18,Tuesday,42.3536,-71.0793,Boston,away,Berklee College of Music,1109.0,444,6571,47,777,117,745
10,Brighton Avenue east of St. Lukes Road,2024-06-25,Tuesday,42.3523,-71.126,Boston,away,Boston University,1343.0,1047,14758,169,1484,208,2199
20,Chestnut Hill Avenue north of Embassy Road,2024-06-25,Tuesday,42.3417,-71.1544,Boston,away,Boston College,1367.0,179,13271,29,1667,40,1791
23,Columbus Avenue west of Holyoke Street,2024-06-25,Tuesday,42.3441,-71.0775,Boston,near,Berklee College of Music,991.0,777,9086,151,1027,183,1268
24,Columbus Avenue west of Massachusetts Avenue,2024-06-25,Tuesday,42.3404,-71.082,Boston,near,Northeastern University,561.0,1219,10846,264,1273,270,1456
25,Commonwealth Avenue east of Berkeley Street,2024-06-25,Tuesday,42.353,-71.0733,Boston,near,Emerson College,629.0,1213,9413,241,1341,261,1383
28,D Street south of Fargo Street,2024-06-25,Tuesday,42.345,-71.0436,Boston,away,Tufts University,1568.0,307,7553,45,1121,74,1051
33,Dorchester Avenue south of Greenwich Street,2024-06-25,Tuesday,42.3025,-71.0596,Boston,away,University of Massachusetts-Boston,2099.0,272,13247,41,1419,47,1519
36,L Street north of East Broadway,2024-06-25,Tuesday,42.3361,-71.0354,Boston,away,University of Massachusetts-Boston,2496.0,189,12531,29,1496,53,1645
41,Massachusetts Avenue south of Columbus Avenue,2024-06-25,Tuesday,42.3398,-71.0809,Boston,near,Northeastern University,650.0,1371,21691,222,2352,255,2852
48,North Washington Street Bridge south of Chelsea Street,2024-06-25,Tuesday,42.3678,-71.059,Boston,near,MGH Institute of Health Professions,892.0,338,31153,58,3720,96,3956
75,Huntington Avenue west of Evans Way,2024-06-25,Tuesday,42.3365,-71.0986,Boston,campus,Massachusetts College of Art and Design,69.0,1213,9413,241,1341,261,1383
77,Tremont Street west of Union Park,2024-06-25,Tuesday,42.3434,-71.0727,Boston,near,Boston University,792.0,504,10112,86,1237,89,1290
79,American Legion Highway north of Franklin Hill Avenue,2024-06-25,Tuesday,42.2966,-71.0918,Boston,away,Roxbury Community College,3638.0,37,22339,4,2380,5,3040
87,West Fourth Street west of Foundry Street,2024-06-25,Tuesday,42.3421,-71.0592,Boston,near,Tufts University,876.0,563,15282,85,1957,133,1975
88,Traveler Street west of Dorchester Avenue,2024-06-25,Tuesday,42.3434,-71.0581,Boston,near,Tufts University,764.0,249,21716,40,2785,82,2654
10,Brighton Avenue east of St. Lukes Road,2024-06-26,Wednesday,42.3523,-71.126,Boston,away,Boston University,1343.0,896,15105,135,1499,227,2257
20,Chestnut Hill Avenue north of Embassy Road,2024-06-26,Wednesday,42.3417,-71.1544,Boston,away,Boston College,1367.0,151,12960,28,1728,41,1754
23,Columbus Avenue west of Holyoke Street,2024-06-26,Wednesday,42.3441,-71.0775,Boston,near,Berklee College of Music,991.0,704,9632,159,1084,160,1270
24,Columbus Avenue west of Massachusetts Avenue,2024-06-26,Wednesday,42.3404,-71.082,Boston,near,Northeastern University,561.0,1114,10454,266,1224,249,1405
25,Commonwealth Avenue east of Berkeley Street,2024-06-26,Wednesday,42.353,-71.0733,Boston,near,Emerson College,629.0,1083,10358,244,1382,266,1213
28,D Street south of Fargo Street,2024-06-26,Wednesday,42.345,-71.0436,Boston,away,Tufts University,1568.0,246,7610,43,1084,50,877
33,Dorchester Avenue south of Greenwich Street,2024-06-26,Wednesday,42.3025,-71.0596,Boston,away,University of Massachusetts-Boston,2099.0,238,13131,38,1455,50,1525
36,L Street north of East Broadway,2024-06-26,Wednesday,42.3361,-71.0354,Boston,away,University of Massachusetts-Boston,2496.0,184,13433,30,1463,56,1688
41,Massachusetts Avenue south of Columbus Avenue,2024-06-26,Wednesday,42.3398,-71.0809,Boston,near,Northeastern University,650.0,1206,22552,182,2380,286,3038
48,North Washington Street Bridge south of Chelsea Street,2024-06-26,Wednesday,42.3678,-71.059,Boston,near,MGH Institute of Health Professions,892.0,293,31344,55,3610,82,3910
72,Stuart Street east of Tremont Street,2024-06-26,Wednesday,42.351,-71.0642,Boston,campus,Emerson College,165.0,695,17416,141,1706,168,2102
75,Huntington Avenue west of Evans Way,2024-06-26,Wednesday,42.3365,-71.0986,Boston,campus,Massachusetts College of Art and Design,69.0,1083,10358,244,1382,266,1213
77,Tremont Street west of Union Park,2024-06-26,Wednesday,42.3434,-71.0727,Boston,near,Boston University,792.0,593,10559,96,1162,157,1314
79,American Legion Highway north of Franklin Hill Avenue,2024-06-26,Wednesday,42.2966,-71.0918,Boston,away,Roxbury Community College,3638.0,45,21775,3,2424,6,3094
87,West Fourth Street west of Foundry Street,2024-06-26,Wednesday,42.3421,-71.0592,Boston,near,Tufts University,876.0,499,16124,88,1905,122,2033
88,Traveler Street west of Dorchester Avenue,2024-06-26,Wednesday,42.3434,-71.0581,Boston,near,Tufts University,764.0,192,22751,33,2771,66,2655
72,Stuart Street east of Tremont Street,2024-06-27,Thursday,42.351,-71.0642,Boston,campus,Emerson College,165.0,628,17951,107,1849,150,1973
83,Ruggles Street south of Tremont Street,2024-07-09,Tuesday,42.3347,-71.0884,Boston,near,Wentworth Institute of Technology,580.0,109,1997,15,220,18,321
83,Ruggles Street south of Tremont Street,2024-07-10,Wednesday,42.3347,-71.0884,Boston,near,Wentworth Institute of Technology,580.0,98,1982,16,210,15,295
1,A Street north of Iron Street,2024-10-29,Tuesday,42.3459,-71.052,Boston,near,Tufts University,894.0,639,9903,139,1512,137,1223
10,Brighton Avenue east of St. Lukes Road,2024-10-29,Tuesday,42.3523,-71.126,Boston,away,Boston University,1343.0,1261,15197,228,1513,223,2218
11,Brookline Avenue south of Francis Street,2024-10-29,Tuesday,42.3367,-71.1096,Boston,near,Harvard University,532.0,550,23403,147,2543,104,2952
12,BU Bridge north of Commonwealth Avenue,2024-10-29,Tuesday,42.3523,-71.1107,Boston,campus,Boston University,148.0,2297,30427,494,3894,524,3935
14,Cambridge Street west of Eleanor Street,2024-10-29,Tuesday,42.3513,-71.1445,Boston,away,Harvard University,2539.0,493,12858,90,1483,94,1670
15,Cambridge Street west of Staniford Street,2024-10-29,Tuesday,42.3613,-71.0642,Boston,campus,Suffolk University,324.0,1370,19667,286,2534,347,2938
16,Centre Street north of Harris Avenue,2024-10-29,Tuesday,42.3113,-71.1145,Boston,away,Roxbury Community College,2534.0,316,12024,48,1414,52,1405
17,Centre Street west of Wise Street,2024-10-29,Tuesday,42.3229,-71.1015,Boston,near,Roxbury Community College,860.0,438,14123,78,1623,108,1788
18,Charles River Dam Bridge west of Leverett Circle,2024-10-29,Tuesday,42.3671,-71.0689,Boston,campus,Hult International Business School,349.0,1525,37665,400,4313,323,4786
19,Charles Street north of Revere Street,2024-10-29,Tuesday,42.3597,-71.0708,Boston,near,Suffolk University,735.0,680,4275,180,510,125,613
2,Adams Street south of Washington Street,2024-10-29,Tuesday,42.272,-71.068,Boston,away,University of Massachusetts-Boston,5216.0,15,19082,1,2737,2,2705
20,Chestnut Hill Avenue north of Embassy Road,2024-10-29,Tuesday,42.3417,-71.1544,Boston,away,Boston College,1367.0,198,12301,29,1612,46,1710
21,Columbia Road south of Quincy Street,2024-10-29,Tuesday,42.3107,-71.0713,Boston,away,University of Massachusetts-Boston,2669.0,152,27151,22,3131,15,3293
22,Columbus Avenue west of Arlington Street,2024-10-29,Tuesday,42.3494,-71.0709,Boston,near,Emerson College,528.0,454,5942,117,664,88,914
23,Columbus Avenue west of Holyoke Street,2024-10-29,Tuesday,42.3441,-71.0775,Boston,near,Berklee College of Music,991.0,766,9153,170,1016,164,1301
24,Columbus Avenue west of Massachusetts Avenue,2024-10-29,Tuesday,42.3404,-71.082,Boston,near,Northeastern University,561.0,1203,10387,246,1259,274,1427
25,Commonwealth Avenue east of Berkeley Street,2024-10-29,Tuesday,42.353,-71.0733,Boston,near,Emerson College,629.0,980,10101,246,1366,219,1192
26,Commonwealth Avenue west of Silber Way,2024-10-29,Tuesday,42.3496,-71.102,Boston,campus,Boston University,26.0,2000,15201,254,1799,339,2335
27,Congress Street south of Milk Street,2024-10-29,Tuesday,42.3564,-71.0562,Boston,near,Suffolk University,425.0,307,11813,111,1411,43,1548
28,D Street south of Fargo Street,2024-10-29,Tuesday,42.345,-71.0436,Boston,away,Tufts University,1568.0,266,7340,39,1209,59,825
29,D Street south of West Broadway,2024-10-29,Tuesday,42.3386,-71.0511,Boston,away,Tufts University,1510.0,246,5594,51,683,52,928
3,Atlantic Avenue south of Commercial Street,2024-10-29,Tuesday,42.3635,-71.0511,Boston,away,Suffolk University,1017.0,717,,170,,162,
30,Dorchester Avenue north of B Street,2024-10-29,Tuesday,42.3386,-71.0571,Boston,away,Boston University,1169.0,444,22666,76,3070,100,3087
31,Dorchester Avenue north of Doris Street,2024-10-29,Tuesday,42.3137,-71.057,Boston,away,University of Massachusetts-Boston,1467.0,285,13922,25,1476,51,1546
32,Dorchester Avenue north of Dracut Street,2024-10-29,Tuesday,42.2873,-71.0639,Boston,away,University of Massachusetts-Boston,3580.0,94,8102,8,941,10,1022
33,Dorchester Avenue south of Greenwich Street,2024-10-29,Tuesday,42.3025,-71.0596,Boston,away,University of Massachusetts-Boston,2099.0,266,13245,25,1466,43,1510
34,Franklin Street north of Alcott Street,2024-10-29,Tuesday,42.3581,-71.1331,Boston,away,Harvard University,1335.0,599,1614,91,247,121,246
35,Harvard Avenue north of Commonwealth Avenue,2024-10-29,Tuesday,42.3506,-71.1311,Boston,away,Boston University,1758.0,646,13965,105,1488,178,1678
36,L Street north of East Broadway,2024-10-29,Tuesday,42.3361,-71.0354,Boston,away,University of Massachusetts-Boston,2496.0,104,12002,24,1453,21,1777
37,Longfellow Bridge west of Charles Street,2024-10-29,Tuesday,42.3614,-71.0734,Boston,near,Hult International Business School,978.0,2220,20493,542,2630,532,3221
38,Longwood Avenue east of Pilgrim Road,2024-10-29,Tuesday,42.3392,-71.1078,Boston,campus,Simmons University,259.0,1376,9618,308,1182,289,1284
39,Main Street south of Sullivan Square,2024-10-29,Tuesday,42.384,-71.0725,Boston,campus,Cambridge College,323.0,631,16365,139,2316,120,2245
4,Beacon Street east of Mountfort Street,2024-10-29,Tuesday,42.3478,-71.101,Boston,campus,Boston University,212.0,840,18870,177,2250,203,2649
40,Market Street south of North Beacon Street,2024-10-29,Tuesday,42.3558,-71.1493,Boston,away,Harvard University,2627.0,249,17138,38,2205,48,2480
41,Massachusetts Avenue south of Columbus Avenue,2024-10-29,Tuesday,42.3398,-71.0809,Boston,near,Northeastern University,650.0,1451,20465,220,2334,258,2626
42,Massachusetts Avenue south of Newmarket Square,2024-10-29,Tuesday,42.3261,-71.0662,Boston,away,Boston University,1117.0,701,18651,90,2054,126,2574
43,Massachusetts Avenue south of Shawmut Avenue,2024-10-29,Tuesday,42.3369,-71.0775,Boston,near,Boston University,515.0,1096,21992,160,2404,185,2656
44,Massachusetts Avenue north of Back Street,2024-10-29,Tuesday,42.3532,-71.0906,Boston,near,Massachusetts Institute of Technology,705.0,5642,20842,1083,2575,1173,2871
45,Meridian Street south of Nay Street,2024-10-29,Tuesday,42.3829,-71.0393,Boston,away,MGH Institute of Health Professions,1494.0,50,18906,4,2242,6,2180
46,Mt. Vernon Street west of Harbor Point Boulevard,2024-10-29,Tuesday,42.3188,-71.0451,Boston,near,University of Massachusetts-Boston,737.0,137,10204,20,1218,22,1249
47,North Harvard Street south of Soldiers Field Road,2024-10-29,Tuesday,42.3677,-71.1243,Boston,near,Harvard University,445.0,1457,10309,223,1320,302,1418
48,North Washington Street Bridge south of Chelsea Street,2024-10-29,Tuesday,42.3678,-71.059,Boston,near,MGH Institute of Health Professions,892.0,967,28316,201,3332,233,3380
49,Pleasant Street north of Morrill Street,2024-10-29,Tuesday,42.3165,-71.0595,Boston,away,University of Massachusetts-Boston,1700.0,127,8284,13,1088,29,1047
5,Beacon Street west of Dartmouth Street,2024-10-29,Tuesday,42.3536,-71.0793,Boston,away,Berklee College of Music,1109.0,289,5600,41,690,98,857
50,Post Office Square north of Milk Street,2024-10-29,Tuesday,42.3572,-71.056,Boston,near,Suffolk University,413.0,180,3995,22,331,44,723
51,Quincy Street west of Ceylon Street,2024-10-29,Tuesday,42.3121,-71.0726,Boston,away,Boston University,2580.0,55,13919,6,1538,8,1787
52,Seaport Boulevard west of Sleeper Street,2024-10-29,Tuesday,42.3537,-71.0497,Boston,away,Suffolk University,1037.0,1167,25291,247,3154,264,2926
53,Seaver Street west of Humboldt Avenue,2024-10-29,Tuesday,42.3103,-71.0925,Boston,away,Roxbury Community College,2118.0,32,18628,3,2430,5,2368
54,South Huntington Avenue south of Castleton Street,2024-10-29,Tuesday,42.3224,-71.1121,Boston,away,Roxbury Community College,1565.0,170,9457,21,1430,27,1084
55,Southwest Corridor Bicycle Path south of Heath Street,2024-10-29,Tuesday,42.3238,-71.0996,Boston,near,Roxbury Community College,692.0,1883,,433,,412,
56,Summer Street east of Dorchester Avenue,2024-10-29,Tuesday,42.351,-71.0519,Boston,near,Tufts University,801.0,881,15670,219,2083,199,2064
57,Talbot Avenue west of New England Avenue,2024-10-29,Tuesday,42.292,-71.0779,Boston,away,University of Massachusetts-Boston,4006.0,85,12632,11,1556,8,1741
58,Warren Street north of Walnut Avenue,2024-10-29,Tuesday,42.3244,-71.0829,Boston,away,Roxbury Community College,1169.0,320,21180,40,2625,38,2511
59,Washington Street East of Beethoven Street,2024-10-29,Tuesday,42.3154,-71.0987,Boston,away,Roxbury Community College,1559.0,94,12195,7,1243,17,1396
6,Beacon Street east of Raleigh Street,2024-10-29,Tuesday,42.3496,-71.0939,Boston,campus,Boston University,347.0,645,14006,123,1636,146,1746
60,Washington Street north of Bexley Road,2024-10-29,Tuesday,42.2883,-71.1261,Boston,away,Roxbury Community College,5200.0,390,15984,87,1918,95,2157
61,Washington Street north of Kenwood Street,2024-10-29,Tuesday,42.2918,-71.0717,Boston,away,University of Massachusetts-Boston,3627.0,88,13580,8,1488,15,1644
62,Washington Street south of Hayward Place,2024-10-29,Tuesday,42.3528,-71.0626,Boston,campus,Emerson College,239.0,984,4901,257,414,161,458
63,Washington Street south of Herald Street,2024-10-29,Tuesday,42.3462,-71.0647,Boston,near,Tufts University,479.0,542,8351,107,1206,113,1090
64,Weld Street west of Centre Street,2024-10-29,Tuesday,42.2943,-71.1365,Boston,away,Roxbury Community College,5146.0,50,3256,13,466,11,495
65,Western Avenue east of Hague Street,2024-10-29,Tuesday,42.3639,-71.1217,Boston,campus,Harvard University,200.0,739,7064,143,872,149,977
66,Western Avenue west of Waverly Street,2024-10-29,Tuesday,42.3622,-71.1419,Boston,away,Harvard University,1831.0,391,10122,69,1457,77,1514
67,Neponset Greenway east of Blue Hill Avenue,2024-10-29,Tuesday,42.2672,-71.0934,Boston,away,University of Massachusetts-Boston,6840.0,33,1,7,0,5,0
68,Arlington Street south of Marlborough Street,2024-10-29,Tuesday,42.3545,-71.072,Boston,near,Emerson College,575.0,719,18694,177,2571,176,2294
69,Beacon Street west of Charles Street,2024-10-29,Tuesday,42.356,-71.0703,Boston,near,Emerson College,564.0,1060,16421,132,1692,327,2462
7,Belgrade Avenue east of Anawan Avenue,2024-10-29,Tuesday,42.2861,-71.1471,Boston,away,Boston College,5620.0,63,11212,6,1423,13,1718
70,Boylston Street east of Arlington Street,2024-10-29,Tuesday,42.3522,-71.0694,Boston,campus,Emerson College,302.0,1476,9998,361,1350,254,1399
71,Charles Street north of Boylston Street,2024-10-29,Tuesday,42.353,-71.0676,Boston,campus,Emerson College,176.0,720,15048,91,1881,197,2361
72,Stuart Street east of Tremont Street,2024-10-29,Tuesday,42.351,-71.0642,Boston,campus,Emerson College,165.0,780,18346,162,1963,153,2151
73,Tremont Street north of Boylston Street,2024-10-29,Tuesday,42.3541,-71.0639,Boston,campus,Emerson College,244.0,1088,13188,113,1223,315,1670
74,Tremont Street north of School Street,2024-10-29,Tuesday,42.3586,-71.06,Boston,campus,Suffolk University,105.0,1143,14993,222,1580,247,1776
75,Huntington Avenue west of Evans Way,2024-10-29,Tuesday,42.3365,-71.0986,Boston,campus,Massachusetts College of Art and Design,69.0,1143,21039,181,2673,210,2500
76,Cummins Highway east of Rugby Road,2024-10-29,Tuesday,42.2709,-71.1027,Boston,away,Roxbury Community College,6507.0,17,9496,1,1081,4,1442
77,Tremont Street west of Union Park,2024-10-29,Tuesday,42.3434,-71.0727,Boston,near,Boston University,792.0,592,10743,91,1419,153,1302
79,American Legion Highway north of Franklin Hill Avenue,2024-10-29,Tuesday,42.2966,-71.0918,Boston,away,Roxbury Community College,3638.0,46,22490,4,2660,5,3203
8,Blue Hill Avenue north of Rexford Street,2024-10-29,Tuesday,42.2714,-71.0937,Boston,away,Roxbury Community College,6426.0,64,27488,11,3759,8,3237
81,Berkeley Street north of Chandler Street,2024-10-29,Tuesday,42.3473,-71.0711,Boston,near,Emerson College,703.0,195,8776,47,1447,30,945
9,Blue Hill Avenue north of Seaver Street,2024-10-29,Tuesday,42.3057,-71.0846,Boston,away,Roxbury Community College,2764.0,71,20736,11,2465,5,2398
91,Meridian Street south of Nay Street,2024-10-29,Tuesday,42.3829,-71.0393,Boston,away,MGH Institute of Health Professions,1494.0,280,18906,4,2242,6,2180
1,A Street north of Iron Street,2024-10-30,Wednesday,42.3459,-71.052,Boston,near,Tufts University,894.0,737,10201,140,1474,179,1214
10,Brighton Avenue east of St. Lukes Road,2024-10-30,Wednesday,42.3523,-71.126,Boston,away,Boston University,1343.0,1327,15593,220,1458,273,2327
11,Brookline Avenue south of Francis Street,2024-10-30,Wednesday,42.3367,-71.1096,Boston,near,Harvard University,532.0,619,23941,154,2468,128,3271
12,BU Bridge north of Commonwealth Avenue,2024-10-30,Wednesday,42.3523,-71.1107,Boston,campus,Boston University,148.0,2322,31432,457,3884,518,4031
14,Cambridge Street west of Eleanor Street,2024-10-30,Wednesday,42.3513,-71.1445,Boston,away,Harvard University,2539.0,607,12774,90,1374,116,1699
15,Cambridge Street west of Staniford Street,2024-10-30,Wednesday,42.3613,-71.0642,Boston,campus,Suffolk University,324.0,1342,19067,257,2631,323,2864
16,Centre Street north of Harris Avenue,2024-10-30,Wednesday,42.3113,-71.1145,Boston,away,Roxbury Community College,2534.0,364,12164,60,1479,80,1485
17,Centre Street west of Wise Street,2024-10-30,Wednesday,42.3229,-71.1015,Boston,near,Roxbury Community College,860.0,460,14080,73,1572,94,1788
18,Charles River Dam Bridge west of Leverett Circle,2024-10-30,Wednesday,42.3671,-71.0689,Boston,campus,Hult International Business School,349.0,1692,38446,384,4303,380,4594
19,Charles Street north of Revere Street,2024-10-30,Wednesday,42.3597,-71.0708,Boston,near,Suffolk University,735.0,757,4615,202,509,157,704
2,Adams Street south of Washington Street,2024-10-30,Wednesday,42.272,-71.068,Boston,away,University of Massachusetts-Boston,5216.0,23,19648,1,2719,1,2702
20,Chestnut Hill Avenue north of Embassy Road,2024-10-30,Wednesday,42.3417,-71.1544,Boston,away,Boston College,1367.0,197,12413,38,1545,37,1767
21,Columbia Road south of Quincy Street,2024-10-30,Wednesday,42.3107,-71.0713,Boston,away,University of Massachusetts-Boston,2669.0,182,27587,20,3072,30,3430
22,Columbus Avenue west of Arlington Street,2024-10-30,Wednesday,42.3494,-71.0709,Boston,near,Emerson College,528.0,482,6203,133,705,131,924
23,Columbus Avenue west of Holyoke Street,2024-10-30,Wednesday,42.3441,-71.0775,Boston,near,Berklee College of Music,991.0,796,9358,179,1021,172,1316
24,Columbus Avenue west of Massachusetts Avenue,2024-10-30,Wednesday,42.3404,-71.082,Boston,near,Northeastern University,561.0,1336,10575,278,1250,298,1479
25,Commonwealth Avenue east of Berkeley Street,2024-10-30,Wednesday,42.353,-71.0733,Boston,near,Emerson College,629.0,1078,9784,258,1353,225,1182
26,Commonwealth Avenue west of Silber Way,2024-10-30,Wednesday,42.3496,-71.102,Boston,campus,Boston University,26.0,2242,15747,296,1665,385,2145
27,Congress Street south of Milk Street,2024-10-30,Wednesday,42.3564,-71.0562,Boston,near,Suffolk University,425.0,359,11027,92,1385,48,1432
28,D Street south of Fargo Street,2024-10-30,Wednesday,42.345,-71.0436,Boston,away,Tufts University,1568.0,275,7981,46,1283,57,703
29,D Street south of West Broadway,2024-10-30,Wednesday,42.3386,-71.0511,Boston,away,Tufts University,1510.0,297,5440,68,618,81,862
3,Atlantic Avenue south of Commercial Street,2024-10-30,Wednesday,42.3635,-71.0511,Boston,away,Suffolk University,1017.0,771,,162,,184,
30,Dorchester Avenue north of B Street,2024-10-30,Wednesday,42.3386,-71.0571,Boston,away,Boston University,1169.0,492,23541,86,3187,110,3302
31,Dorchester Avenue north of Doris Street,2024-10-30,Wednesday,42.3137,-71.057,Boston,away,University of Massachusetts-Boston,1467.0,343,14373,55,1495,70,1734
32,Dorchester Avenue north of Dracut Street,2024-10-30,Wednesday,42.2873,-71.0639,Boston,away,University of Massachusetts-Boston,3580.0,144,8344,13,961,23,1040
33,Dorchester Avenue south of Greenwich Street,2024-10-30,Wednesday,42.3025,-71.0596,Boston,away,University of Massachusetts-Boston,2099.0,303,13250,40,1466,67,1537
34,Franklin Street north of Alcott Street,2024-10-30,Wednesday,42.3581,-71.1331,Boston,away,Harvard University,1335.0,619,1730,96,229,133,281
35,Harvard Avenue north of Commonwealth Avenue,2024-10-30,Wednesday,42.3506,-71.1311,Boston,away,Boston University,1758.0,717,14040,77,1355,173,1786
36,L Street north of East Broadway,2024-10-30,Wednesday,42.3361,-71.0354,Boston,away,University of Massachusetts-Boston,2496.0,131,11662,31,1393,19,1775
37,Longfellow Bridge west of Charles Street,2024-10-30,Wednesday,42.3614,-71.0734,Boston,near,Hult International Business School,978.0,2442,21237,526,2806,595,3296
38,Longwood Avenue east of Pilgrim Road,2024-10-30,Wednesday,42.3392,-71.1078,Boston,campus,Simmons University,259.0,1455,9561,314,1172,349,1247
39,Main Street south of Sullivan Square,2024-10-30,Wednesday,42.384,-71.0725,Boston,campus,Cambridge College,323.0,724,16379,130,2261,143,2049
4,Beacon Street east of Mountfort Street,2024-10-30,Wednesday,42.3478,-71.101,Boston,campus,Boston University,212.0,758,18135,186,2474,159,2602
40,Market Street south of North Beacon Street,2024-10-30,Wednesday,42.3558,-71.1493,Boston,away,Harvard University,2627.0,293,17674,47,2173,63,2625
41,Massachusetts Avenue south of Columbus Avenue,2024-10-30,Wednesday,42.3398,-71.0809,Boston,near,Northeastern University,650.0,1639,21004,244,2089,311,2653
42,Massachusetts Avenue south of Newmarket Square,2024-10-30,Wednesday,42.3261,-71.0662,Boston,away,Boston University,1117.0,842,19644,112,2197,163,2621
43,Massachusetts Avenue south of Shawmut Avenue,2024-10-30,Wednesday,42.3369,-71.0775,Boston,near,Boston University,515.0,1227,22994,184,2361,209,2716
44,Massachusetts Avenue north of Back Street,2024-10-30,Wednesday,42.3532,-71.0906,Boston,near,Massachusetts Institute of Technology,705.0,6305,21388,1137,2651,1317,3112
45,Meridian Street south of Nay Street,2024-10-30,Wednesday,42.3829,-71.0393,Boston,away,MGH Institute of Health Professions,1494.0,44,19239,2,1913,5,2188
46,Mt. Vernon Street west of Harbor Point Boulevard,2024-10-30,Wednesday,42.3188,-71.0451,Boston,near,University of Massachusetts-Boston,737.0,150,10846,19,1247,31,1371
47,North Harvard Street south of Soldiers Field Road,2024-10-30,Wednesday,42.3677,-71.1243,Boston,near,Harvard University,445.0,1608,10728,230,1332,326,1585
48,North Washington Street Bridge south of Chelsea Street,2024-10-30,Wednesday,42.3678,-71.059,Boston,near,MGH Institute of Health Professions,892.0,948,28654,199,3433,243,3498
49,Pleasant Street north of Morrill Street,2024-10-30,Wednesday,42.3165,-71.0595,Boston,away,University of Massachusetts-Boston,1700.0,154,8698,24,1147,27,1077
5,Beacon Street west of Dartmouth Street,2024-10-30,Wednesday,42.3536,-71.0793,Boston,away,Berklee College of Music,1109.0,344,6788,52,793,98,914
50,Post Office Square north of Milk Street,2024-10-30,Wednesday,42.3572,-71.056,Boston,near,Suffolk University,413.0,183,3925,23,381,42,758
51,Quincy Street west of Ceylon Street,2024-10-30,Wednesday,42.3121,-71.0726,Boston,away,Boston University,2580.0,79,14315,9,1562,5,1832
52,Seaport Boulevard west of Sleeper Street,2024-10-30,Wednesday,42.3537,-71.0497,Boston,away,Suffolk University,1037.0,1309,24410,275,3267,277,2268
53,Seaver Street west of Humboldt Avenue,2024-10-30,Wednesday,42.3103,-71.0925,Boston,away,Roxbury Community College,2118.0,47,17945,4,2229,8,2272
54,South Huntington Avenue south of Castleton Street,2024-10-30,Wednesday,42.3224,-71.1121,Boston,away,Roxbury Community College,1565.0,213,9825,36,1434,48,1145
55,Southwest Corridor Bicycle Path south of Heath Street,2024-10-30,Wednesday,42.3238,-71.0996,Boston,near,Roxbury Community College,692.0,1893,,426,,405,
56,Summer Street east of Dorchester Avenue,2024-10-30,Wednesday,42.351,-71.0519,Boston,near,Tufts University,801.0,990,15622,214,2082,240,2039
57,Talbot Avenue west of New England Avenue,2024-10-30,Wednesday,42.292,-71.0779,Boston,away,University of Massachusetts-Boston,4006.0,86,12793,3,1616,13,1794
58,Warren Street north of Walnut Avenue,2024-10-30,Wednesday,42.3244,-71.0829,Boston,away,Roxbury Community College,1169.0,344,21272,41,2420,41,2663
59,Washington Street East of Beethoven Street,2024-10-30,Wednesday,42.3154,-71.0987,Boston,away,Roxbury Community College,1559.0,108,12206,13,1240,22,1357
6,Beacon Street east of Raleigh Street,2024-10-30,Wednesday,42.3496,-71.0939,Boston,campus,Boston University,347.0,678,14226,134,1678,143,1765
60,Washington Street north of Bexley Road,2024-10-30,Wednesday,42.2883,-71.1261,Boston,away,Roxbury Community College,5200.0,448,16293,80,1910,99,2317
61,Washington Street north of Kenwood Street,2024-10-30,Wednesday,42.2918,-71.0717,Boston,away,University of Massachusetts-Boston,3627.0,101,13490,4,1430,22,1750
62,Washington Street south of Hayward Place,2024-10-30,Wednesday,42.3528,-71.0626,Boston,campus,Emerson College,239.0,1100,5093,247,367,185,519
63,Washington Street south of Herald Street,2024-10-30,Wednesday,42.3462,-71.0647,Boston,near,Tufts University,479.0,547,8459,104,1214,106,1120
64,Weld Street west of Centre Street,2024-10-30,Wednesday,42.2943,-71.1365,Boston,away,Roxbury Community College,5146.0,44,3357,14,488,12,559
65,Western Avenue east of Hague Street,2024-10-30,Wednesday,42.3639,-71.1217,Boston,campus,Harvard University,200.0,683,7084,120,885,149,1076
66,Western Avenue west of Waverly Street,2024-10-30,Wednesday,42.3622,-71.1419,Boston,away,Harvard University,1831.0,444,11045,71,1399,102,1774
67,Neponset Greenway east of Blue Hill Avenue,2024-10-30,Wednesday,42.2672,-71.0934,Boston,away,University of Massachusetts-Boston,6840.0,110,3,8,0,17,0
68,Arlington Street south of Marlborough Street,2024-10-30,Wednesday,42.3545,-71.072,Boston,near,Emerson College,575.0,846,19137,190,2445,208,2411
69,Beacon Street west of Charles Street,2024-10-30,Wednesday,42.356,-71.0703,Boston,near,Emerson College,564.0,1182,18078,174,1773,334,2784
7,Belgrade Avenue east of Anawan Avenue,2024-10-30,Wednesday,42.2861,-71.1471,Boston,away,Boston College,5620.0,72,11228,8,1445,14,1721
70,Boylston Street east of Arlington Street,2024-10-30,Wednesday,42.3522,-71.0694,Boston,campus,Emerson College,302.0,1660,9831,369,1410,323,1329
71,Charles Street north of Boylston Street,2024-10-30,Wednesday,42.353,-71.0676,Boston,campus,Emerson College,176.0,793,16320,81,1996,223,2453
72,Stuart Street east of Tremont Street,2024-10-30,Wednesday,42.351,-71.0642,Boston,campus,Emerson College,165.0,768,19797,165,2224,177,2114
73,Tremont Street north of Boylston Street,2024-10-30,Wednesday,42.3541,-71.0639,Boston,campus,Emerson College,244.0,1249,12960,130,1280,348,1719
74,Tremont Street north of School Street,2024-10-30,Wednesday,42.3586,-71.06,Boston,campus,Suffolk University,105.0,1215,14933,225,1640,231,1931
75,Huntington Avenue west of Evans Way,2024-10-30,Wednesday,42.3365,-71.0986,Boston,campus,Massachusetts College of Art and Design,69.0,1208,20876,183,2645,228,2472
76,Cummins Highway east of Rugby Road,2024-10-30,Wednesday,42.2709,-71.1027,Boston,away,Roxbury Community College,6507.0,17,10256,0,1171,3,1419
77,Tremont Street west of Union Park,2024-10-30,Wednesday,42.3434,-71.0727,Boston,near,Boston University,792.0,730,11083,121,1400,191,1366
79,American Legion Highway north of Franklin Hill Avenue,2024-10-30,Wednesday,42.2966,-71.0918,Boston,away,Roxbury Community College,3638.0,78,23263,6,2705,5,3152
8,Blue Hill Avenue north of Rexford Street,2024-10-30,Wednesday,42.2714,-71.0937,Boston,away,Roxbury Community College,6426.0,64,27585,5,3750,6,3231
81,Berkeley Street north of Chandler Street,2024-10-30,Wednesday,42.3473,-71.0711,Boston,near,Emerson College,703.0,212,9072,53,1458,33,1053
9,Blue Hill Avenue north of Seaver Street,2024-10-30,Wednesday,42.3057,-71.0846,Boston,away,Roxbury Community College,2764.0,106,20831,17,2385,5,2429
91,Meridian Street south of Nay Street,2024-10-30,Wednesday,42.3829,-71.0393,Boston,away,MGH Institute of Health Professions,1494.0,298,19239,2,1913,5,2188
1,A Street north of Iron Street,2024-12-10,Tuesday,42.3459,-71.052,Boston,near,Tufts University,894.0,460,9495,109,1386,80,1015
15,Cambridge Street west of Staniford Street,2024-12-10,Tuesday,42.3613,-71.0642,Boston,campus,Suffolk University,324.0,988,17974,193,2510,253,2685
16,Centre Street north of Harris Avenue,2024-12-10,Tuesday,42.3113,-71.1145,Boston,away,Roxbury Community College,2534.0,157,11725,28,1388,32,1458
18,Charles River Dam Bridge west of Leverett Circle,2024-12-10,Tuesday,42.3671,-71.0689,Boston,campus,Hult International Business School,349.0,1032,38852,311,4566,181,4348
19,Charles Street north of Revere Street,2024-12-10,Tuesday,42.3597,-71.0708,Boston,near,Suffolk University,735.0,402,4824,114,518,65,731
20,Chestnut Hill Avenue north of Embassy Road,2024-12-10,Tuesday,42.3417,-71.1544,Boston,away,Boston College,1367.0,74,12117,17,1622,9,1683
21,Columbia Road south of Quincy Street,2024-12-10,Tuesday,42.3107,-71.0713,Boston,away,University of Massachusetts-Boston,2669.0,86,26602,15,3104,13,3192
23,Columbus Avenue west of Holyoke Street,2024-12-10,Tuesday,42.3441,-71.0775,Boston,near,Berklee College of Music,991.0,404,8887,80,1038,94,1321
26,Commonwealth Avenue west of Silber Way,2024-12-10,Tuesday,42.3496,-71.102,Boston,campus,Boston University,26.0,1104,15654,174,1661,179,2140
3,Atlantic Avenue south of Commercial Street,2024-12-10,Tuesday,42.3635,-71.0511,Boston,away,Suffolk University,1017.0,414,,99,,86,
31,Dorchester Avenue north of Doris Street,2024-12-10,Tuesday,42.3137,-71.057,Boston,away,University of Massachusetts-Boston,1467.0,151,13779,24,1491,22,1586
37,Longfellow Bridge west of Charles Street,2024-12-10,Tuesday,42.3614,-71.0734,Boston,near,Hult International Business School,978.0,1557,19703,388,2630,365,3116
38,Longwood Avenue east of Pilgrim Road,2024-12-10,Tuesday,42.3392,-71.1078,Boston,campus,Simmons University,259.0,876,9751,164,1240,186,1235
39,Main Street south of Sullivan Square,2024-12-10,Tuesday,42.384,-71.0725,Boston,campus,Cambridge College,323.0,275,15193,66,2141,52,1962
42,Massachusetts Avenue south of Newmarket Square,2024-12-10,Tuesday,42.3261,-71.0662,Boston,away,Boston University,1117.0,265,14900,17,1732,50,2124
44,Massachusetts Avenue north of Back Street,2024-12-10,Tuesday,42.3532,-71.0906,Boston,near,Massachusetts Institute of Technology,705.0,3628,21436,673,2594,682,3047
45,Meridian Street south of Nay Street,2024-12-10,Tuesday,42.3829,-71.0393,Boston,away,MGH Institute of Health Professions,1494.0,30,18327,0,1847,5,2495
52,Seaport Boulevard west of Sleeper Street,2024-12-10,Tuesday,42.3537,-71.0497,Boston,away,Suffolk University,1037.0,707,23953,166,2905,133,2755
54,South Huntington Avenue south of Castleton Street,2024-12-10,Tuesday,42.3224,-71.1121,Boston,away,Roxbury Community College,1565.0,149,9654,21,1344,38,1130
55,Southwest Corridor Bicycle Path south of Heath Street,2024-12-10,Tuesday,42.3238,-71.0996,Boston,near,Roxbury Community College,692.0,1064,,244,,227,
56,Summer Street east of Dorchester Avenue,2024-12-10,Tuesday,42.351,-71.0519,Boston,near,Tufts University,801.0,575,14457,149,1877,105,1984
58,Warren Street north of Walnut Avenue,2024-12-10,Tuesday,42.3244,-71.0829,Boston,away,Roxbury Community College,1169.0,194,20979,20,2557,23,2528
60,Washington Street north of Bexley Road,2024-12-10,Tuesday,42.2883,-71.1261,Boston,away,Roxbury Community College,5200.0,320,21180,40,2625,38,2511
62,Washington Street south of Hayward Place,2024-12-10,Tuesday,42.3528,-71.0626,Boston,campus,Emerson College,239.0,476,4153,139,383,51,568
66,Western Avenue west of Waverly Street,2024-12-10,Tuesday,42.3622,-71.1419,Boston,away,Harvard University,1831.0,235,10005,48,1387,34,1635
68,Arlington Street south of Marlborough Street,2024-12-10,Tuesday,42.3545,-71.072,Boston,near,Emerson College,575.0,484,17859,109,2521,113,2299
69,Beacon Street west of Charles Street,2024-12-10,Tuesday,42.356,-71.0703,Boston,near,Emerson College,564.0,603,17367,89,1787,160,2646
70,Boylston Street east of Arlington Street,2024-12-10,Tuesday,42.3522,-71.0694,Boston,campus,Emerson College,302.0,888,10236,239,1380,140,1500
71,Charles Street north of Boylston Street,2024-12-10,Tuesday,42.353,-71.0676,Boston,campus,Emerson College,176.0,420,15100,58,1785,93,2214
72,Stuart Street east of Tremont Street,2024-12-10,Tuesday,42.351,-71.0642,Boston,campus,Emerson College,165.0,416,18185,98,2005,70,2363
73,Tremont Street north of Boylston Street,2024-12-10,Tuesday,42.3541,-71.0639,Boston,campus,Emerson College,244.0,1088,13188,113,1223,315,1670
74,Tremont Street north of School Street,2024-12-10,Tuesday,42.3586,-71.06,Boston,campus,Suffolk University,105.0,751,12506,142,1458,168,1640
75,Huntington Avenue west of Evans Way,2024-12-10,Tuesday,42.3365,-71.0986,Boston,campus,Massachusetts College of Art and Design,69.0,552,21889,87,2725,75,2638
77,Tremont Street west of Union Park,2024-12-10,Tuesday,42.3434,-71.0727,Boston,near,Boston University,792.0,316,10689,38,1366,73,1459
91,Meridian Street south of Nay Street,2024-12-10,Tuesday,42.3829,-71.0393,Boston,away,MGH Institute of Health Professions,1494.0,140,18327,0,1847,5,2495
1,A Street north of Iron Street,2024-12-12,Thursday,42.3459,-71.052,Boston,near,Tufts University,894.0,475,11700,114,1746,101,1181
15,Cambridge Street west of Staniford Street,2024-12-12,Thursday,42.3613,-71.0642,Boston,campus,Suffolk University,324.0,949,20484,211,2545,207,2777
16,Centre Street north of Harris Avenue,2024-12-12,Thursday,42.3113,-71.1145,Boston,away,Roxbury Community College,2534.0,203,11991,42,1379,36,1441
18,Charles River Dam Bridge west of Leverett Circle,2024-12-12,Thursday,42.3671,-71.0689,Boston,campus,Hult International Business School,349.0,1140,39664,319,4366,250,3918
19,Charles Street north of Revere Street,2024-12-12,Thursday,42.3597,-71.0708,Boston,near,Suffolk University,735.0,489,5620,134,682,77,898
20,Chestnut Hill Avenue north of Embassy Road,2024-12-12,Thursday,42.3417,-71.1544,Boston,away,Boston College,1367.0,92,12330,21,1536,9,1746
21,Columbia Road south of Quincy Street,2024-12-12,Thursday,42.3107,-71.0713,Boston,away,University of Massachusetts-Boston,2669.0,88,28390,10,3262,7,3331
23,Columbus Avenue west of Holyoke Street,2024-12-12,Thursday,42.3441,-71.0775,Boston,near,Berklee College of Music,991.0,441,9749,91,1046,95,1314
26,Commonwealth Avenue west of Silber Way,2024-12-12,Thursday,42.3496,-71.102,Boston,campus,Boston University,26.0,862,14733,151,1598,169,1935
3,Atlantic Avenue south of Commercial Street,2024-12-12,Thursday,42.3635,-71.0511,Boston,away,Suffolk University,1017.0,477,,102,,96,
31,Dorchester Avenue north of Doris Street,2024-12-12,Thursday,42.3137,-71.057,Boston,away,University of Massachusetts-Boston,1467.0,184,14290,35,1593,31,1565
37,Longfellow Bridge west of Charles Street,2024-12-12,Thursday,42.3614,-71.0734,Boston,near,Hult International Business School,978.0,1640,21299,356,2861,348,3159
38,Longwood Avenue east of Pilgrim Road,2024-12-12,Thursday,42.3392,-71.1078,Boston,campus,Simmons University,259.0,911,9647,218,1125,187,1163
39,Main Street south of Sullivan Square,2024-12-12,Thursday,42.384,-71.0725,Boston,campus,Cambridge College,323.0,318,16273,70,2302,63,2112
42,Massachusetts Avenue south of Newmarket Square,2024-12-12,Thursday,42.3261,-71.0662,Boston,away,Boston University,1117.0,255,14314,22,1546,58,1758
44,Massachusetts Avenue north of Back Street,2024-12-12,Thursday,42.3532,-71.0906,Boston,near,Massachusetts Institute of Technology,705.0,3825,23637,688,2990,787,2842
45,Meridian Street south of Nay Street,2024-12-12,Thursday,42.3829,-71.0393,Boston,away,MGH Institute of Health Professions,1494.0,36,20366,3,2278,4,2797
52,Seaport Boulevard west of Sleeper Street,2024-12-12,Thursday,42.3537,-71.0497,Boston,away,Suffolk University,1037.0,797,27546,181,3352,193,2990
54,South Huntington Avenue south of Castleton Street,2024-12-12,Thursday,42.3224,-71.1121,Boston,away,Roxbury Community College,1565.0,199,9695,41,1301,41,1244
55,Southwest Corridor Bicycle Path south of Heath Street,2024-12-12,Thursday,42.3238,-71.0996,Boston,near,Roxbury Community College,692.0,1093,,237,,223,
56,Summer Street east of Dorchester Avenue,2024-12-12,Thursday,42.351,-71.0519,Boston,near,Tufts University,801.0,556,18327,111,2155,114,2440
58,Warren Street north of Walnut Avenue,2024-12-12,Thursday,42.3244,-71.0829,Boston,away,Roxbury Community College,1169.0,228,21522,24,2145,25,2582
60,Washington Street north of Bexley Road,2024-12-12,Thursday,42.2883,-71.1261,Boston,away,Roxbury Community College,5200.0,344,21272,41,2420,41,2663
62,Washington Street south of Hayward Place,2024-12-12,Thursday,42.3528,-71.0626,Boston,campus,Emerson College,239.0,499,4409,115,388,65,580
66,Western Avenue west of Waverly Street,2024-12-12,Thursday,42.3622,-71.1419,Boston,away,Harvard University,1831.0,270,10874,44,1428,47,1753
68,Arlington Street south of Marlborough Street,2024-12-12,Thursday,42.3545,-71.072,Boston,near,Emerson College,575.0,566,18588,133,2398,124,1791
69,Beacon Street west of Charles Street,2024-12-12,Thursday,42.356,-71.0703,Boston,near,Emerson College,564.0,730,18733,94,1718,241,1561
70,Boylston Street east of Arlington Street,2024-12-12,Thursday,42.3522,-71.0694,Boston,campus,Emerson College,302.0,984,10919,241,1507,165,1260
71,Charles Street north of Boylston Street,2024-12-12,Thursday,42.353,-71.0676,Boston,campus,Emerson College,176.0,544,16917,51,1873,169,1576
72,Stuart Street east of Tremont Street,2024-12-12,Thursday,42.351,-71.0642,Boston,campus,Emerson College,165.0,484,19957,98,2066,118,1991
73,Tremont Street north of Boylston Street,2024-12-12,Thursday,42.3541,-71.0639,Boston,campus,Emerson College,244.0,1249,12960,130,1280,348,1719
74,Tremont Street north of School Street,2024-12-12,Thursday,42.3586,-71.06,Boston,campus,Suffolk University,105.0,785,13901,137,1366,154,1610
75,Huntington Avenue west of Evans Way,2024-12-12,Thursday,42.3365,-71.0986,Boston,campus,Massachusetts College of Art and Design,69.0,523,22147,88,2562,93,2681
77,Tremont Street west of Union Park,2024-12-12,Thursday,42.3434,-71.0727,Boston,near,Boston University,792.0,369,11491,56,1320,80,1568
91,Meridian Street south of Nay Street,2024-12-12,Thursday,42.3829,-71.0393,Boston,away,MGH Institute of Health Professions,1494.0,168,20366,3,2278,4,2797
1,A Street north of Iron Street,2025-03-11,Tuesday,42.3459,-71.052,Boston,near,Tufts University,894.0,582,9235,115,1441,128,1121
12,BU Bridge north of Commonwealth Avenue,2025-03-11,Tuesday,42.3523,-71.1107,Boston,campus,Boston University,148.0,1725,27677,363,3618,434,3658
15,Cambridge Street west of Staniford Street,2025-03-11,Tuesday,42.3613,-71.0642,Boston,campus,Suffolk University,324.0,1151,19011,216,2335,344,3042
16,Centre Street north of Harris Avenue,2025-03-11,Tuesday,42.3113,-71.1145,Boston,away,Roxbury Community College,2534.0,244,11507,35,1429,42,1379
18,Charles River Dam Bridge west of Leverett Circle,2025-03-11,Tuesday,42.3671,-71.0689,Boston,campus,Hult International Business School,349.0,1290,36452,325,4383,267,4667
19,Charles Street north of Revere Street,2025-03-11,Tuesday,42.3597,-71.0708,Boston,near,Suffolk University,735.0,518,4256,137,493,99,689
21,Columbia Road south of Quincy Street,2025-03-11,Tuesday,42.3107,-71.0713,Boston,away,University of Massachusetts-Boston,2669.0,102,25336,11,2913,15,3111
23,Columbus Avenue west of Holyoke Street,2025-03-11,Tuesday,42.3441,-71.0775,Boston,near,Berklee College of Music,991.0,549,8263,118,978,147,1203
26,Commonwealth Avenue west of Silber Way,2025-03-11,Tuesday,42.3496,-71.102,Boston,campus,Boston University,26.0,907,10569,142,1311,191,1461
3,Atlantic Avenue south of Commercial Street,2025-03-11,Tuesday,42.3635,-71.0511,Boston,away,Suffolk University,1017.0,615,,134,,150,
31,Dorchester Avenue north of Doris Street,2025-03-11,Tuesday,42.3137,-71.057,Boston,away,University of Massachusetts-Boston,1467.0,244,13958,42,1515,48,1611
37,Longfellow Bridge west of Charles Street,2025-03-11,Tuesday,42.3614,-71.0734,Boston,near,Hult International Business School,978.0,1894,18807,420,2363,533,3101
38,Longwood Avenue east of Pilgrim Road,2025-03-11,Tuesday,42.3392,-71.1078,Boston,campus,Simmons University,259.0,1052,9015,239,1204,227,1103
39,Main Street south of Sullivan Square,2025-03-11,Tuesday,42.384,-71.0725,Boston,campus,Cambridge College,323.0,375,15278,68,2142,100,2142
42,Massachusetts Avenue south of Newmarket Square,2025-03-11,Tuesday,42.3261,-71.0662,Boston,away,Boston University,1117.0,454,18112,68,2024,74,2390
44,Massachusetts Avenue north of Back Street,2025-03-11,Tuesday,42.3532,-71.0906,Boston,near,Massachusetts Institute of Technology,705.0,4526,20294,867,2580,1018,2967
45,Meridian Street south of Nay Street,2025-03-11,Tuesday,42.3829,-71.0393,Boston,away,MGH Institute of Health Professions,1494.0,58,19140,4,1914,9,2472
52,Seaport Boulevard west of Sleeper Street,2025-03-11,Tuesday,42.3537,-71.0497,Boston,away,Suffolk University,1037.0,913,22748,210,3008,190,2579
54,South Huntington Avenue south of Castleton Street,2025-03-11,Tuesday,42.3224,-71.1121,Boston,away,Roxbury Community College,1565.0,159,9298,31,1265,30,1068
55,Southwest Corridor Bicycle Path south of Heath Street,2025-03-11,Tuesday,42.3238,-71.0996,Boston,near,Roxbury Community College,692.0,1572,,392,,337,
56,Summer Street east of Dorchester Avenue,2025-03-11,Tuesday,42.351,-71.0519,Boston,near,Tufts University,801.0,754,13882,172,1841,165,1800
58,Warren Street north of Walnut Avenue,2025-03-11,Tuesday,42.3244,-71.0829,Boston,away,Roxbury Community College,1169.0,220,21655,16,2533,49,2589
60,Washington Street north of Bexley Road,2025-03-11,Tuesday,42.2883,-71.1261,Boston,away,Roxbury Community College,5200.0,366,15390,70,1848,74,2029
62,Washington Street south of Hayward Place,2025-03-11,Tuesday,42.3528,-71.0626,Boston,campus,Emerson College,239.0,659,3364,177,366,111,408
66,Western Avenue west of Waverly Street,2025-03-11,Tuesday,42.3622,-71.1419,Boston,away,Harvard University,1831.0,365,9416,74,1284,114,1491
68,Arlington Street south of Marlborough Street,2025-03-11,Tuesday,42.3545,-71.072,Boston,near,Emerson College,575.0,782,17487,143,2319,222,2546
69,Beacon Street west of Charles Street,2025-03-11,Tuesday,42.356,-71.0703,Boston,near,Emerson College,564.0,985,15870,108,1612,312,2528
70,Boylston Street east of Arlington Street,2025-03-11,Tuesday,42.3522,-71.0694,Boston,campus,Emerson College,302.0,1229,8911,285,1188,233,1350
71,Charles Street north of Boylston Street,2025-03-11,Tuesday,42.353,-71.0676,Boston,campus,Emerson College,176.0,647,13757,64,1746,212,2267
72,Stuart Street east of Tremont Street,2025-03-11,Tuesday,42.351,-71.0642,Boston,campus,Emerson College,165.0,499,17834,102,1940,99,2339
73,Tremont Street north of Boylston Street,2025-03-11,Tuesday,42.3541,-71.0639,Boston,campus,Emerson College,244.0,835,11310,66,1104,272,1675
74,Tremont Street north of School Street,2025-03-11,Tuesday,42.3586,-71.06,Boston,campus,Suffolk University,105.0,858,12537,173,1425,186,1803
75,Huntington Avenue west of Evans Way,2025-03-11,Tuesday,42.3365,-71.0986,Boston,campus,Massachusetts College of Art and Design,69.0,817,20697,122,2526,159,2299
76,Cummins Highway east of Rugby Road,2025-03-11,Tuesday,42.2709,-71.1027,Boston,away,Roxbury Community College,6507.0,15,10167,3,1075,2,1448
77,Tremont Street west of Union Park,2025-03-11,Tuesday,42.3434,-71.0727,Boston,near,Boston University,792.0,452,9513,69,1244,115,1225
91,Meridian Street south of Nay Street,2025-03-11,Tuesday,42.3829,-71.0393,Boston,away,MGH Institute of Health Professions,1494.0,176,19140,4,1914,9,2472
1,A Street north of Iron Street,2025-03-12,Wednesday,42.3459,-71.052,Boston,near,Tufts University,894.0,501,9676,109,1472,108,1196
12,BU Bridge north of Commonwealth Avenue,2025-03-12,Wednesday,42.3523,-71.1107,Boston,campus,Boston University,148.0,1492,27857,357,3514,371,3657
15,Cambridge Street west of Staniford Street,2025-03-12,Wednesday,42.3613,-71.0642,Boston,campus,Suffolk University,324.0,1022,19952,196,2428,250,3191
16,Centre Street north of Harris Avenue,2025-03-12,Wednesday,42.3113,-71.1145,Boston,away,Roxbury Community College,2534.0,238,11651,28,1403,56,1405
18,Charles River Dam Bridge west of Leverett Circle,2025-03-12,Wednesday,42.3671,-71.0689,Boston,campus,Hult International Business School,349.0,1073,37188,273,4485,306,4475
19,Charles Street north of Revere Street,2025-03-12,Wednesday,42.3597,-71.0708,Boston,near,Suffolk University,735.0,401,4421,119,530,56,678
21,Columbia Road south of Quincy Street,2025-03-12,Wednesday,42.3107,-71.0713,Boston,away,University of Massachusetts-Boston,2669.0,87,25597,9,3101,14,3114
23,Columbus Avenue west of Holyoke Street,2025-03-12,Wednesday,42.3441,-71.0775,Boston,near,Berklee College of Music,991.0,431,8491,110,1119,110,1196
26,Commonwealth Avenue west of Silber Way,2025-03-12,Wednesday,42.3496,-71.102,Boston,campus,Boston University,26.0,756,10550,138,1160,158,1366
3,Atlantic Avenue south of Commercial Street,2025-03-12,Wednesday,42.3635,-71.0511,Boston,away,Suffolk University,1017.0,467,,107,,108,
31,Dorchester Avenue north of Doris Street,2025-03-12,Wednesday,42.3137,-71.057,Boston,away,University of Massachusetts-Boston,1467.0,221,14038,28,1461,42,1614
37,Longfellow Bridge west of Charles Street,2025-03-12,Wednesday,42.3614,-71.0734,Boston,near,Hult International Business School,978.0,1525,19342,360,2443,350,3177
38,Longwood Avenue east of Pilgrim Road,2025-03-12,Wednesday,42.3392,-71.1078,Boston,campus,Simmons University,259.0,1038,9366,233,1254,223,1141
39,Main Street south of Sullivan Square,2025-03-12,Wednesday,42.384,-71.0725,Boston,campus,Cambridge College,323.0,268,15396,65,2070,59,2203
42,Massachusetts Avenue south of Newmarket Square,2025-03-12,Wednesday,42.3261,-71.0662,Boston,away,Boston University,1117.0,368,18476,54,1980,63,2465
44,Massachusetts Avenue north of Back Street,2025-03-12,Wednesday,42.3532,-71.0906,Boston,near,Massachusetts Institute of Technology,705.0,3677,20692,739,2427,769,3039
45,Meridian Street south of Nay Street,2025-03-12,Wednesday,42.3829,-71.0393,Boston,away,MGH Institute of Health Professions,1494.0,42,19603,1,2037,6,2471
52,Seaport Boulevard west of Sleeper Street,2025-03-12,Wednesday,42.3537,-71.0497,Boston,away,Suffolk University,1037.0,780,23510,188,3105,173,2621
54,South Huntington Avenue south of Castleton Street,2025-03-12,Wednesday,42.3224,-71.1121,Boston,away,Roxbury Community College,1565.0,163,9272,29,1284,29,1042
55,Southwest Corridor Bicycle Path south of Heath Street,2025-03-12,Wednesday,42.3238,-71.0996,Boston,near,Roxbury Community College,692.0,1309,,298,,280,
56,Summer Street east of Dorchester Avenue,2025-03-12,Wednesday,42.351,-71.0519,Boston,near,Tufts University,801.0,595,14235,161,1859,116,1976
58,Warren Street north of Walnut Avenue,2025-03-12,Wednesday,42.3244,-71.0829,Boston,away,Roxbury Community College,1169.0,219,22707,29,2631,31,2715
60,Washington Street north of Bexley Road,2025-03-12,Wednesday,42.2883,-71.1261,Boston,away,Roxbury Community College,5200.0,246,15738,42,1909,62,1954
62,Washington Street south of Hayward Place,2025-03-12,Wednesday,42.3528,-71.0626,Boston,campus,Emerson College,239.0,577,3492,147,359,86,457
66,Western Avenue west of Waverly Street,2025-03-12,Wednesday,42.3622,-71.1419,Boston,away,Harvard University,1831.0,299,9238,60,1234,57,1367
68,Arlington Street south of Marlborough Street,2025-03-12,Wednesday,42.3545,-71.072,Boston,near,Emerson College,575.0,579,17492,116,2336,148,2424
69,Beacon Street west of Charles Street,2025-03-12,Wednesday,42.356,-71.0703,Boston,near,Emerson College,564.0,690,15521,87,1670,202,2571
70,Boylston Street east of Arlington Street,2025-03-12,Wednesday,42.3522,-71.0694,Boston,campus,Emerson College,302.0,876,9249,238,1190,126,1421
71,Charles Street north of Boylston Street,2025-03-12,Wednesday,42.353,-71.0676,Boston,campus,Emerson College,176.0,441,14087,58,1778,129,2439
72,Stuart Street east of Tremont Street,2025-03-12,Wednesday,42.351,-71.0642,Boston,campus,Emerson College,165.0,413,18906,106,2050,83,2458
73,Tremont Street north of Boylston Street,2025-03-12,Wednesday,42.3541,-71.0639,Boston,campus,Emerson College,244.0,661,11864,70,1172,161,1550
74,Tremont Street north of School Street,2025-03-12,Wednesday,42.3586,-71.06,Boston,campus,Suffolk University,105.0,729,12891,140,1474,122,1831
75,Huntington Avenue west of Evans Way,2025-03-12,Wednesday,42.3365,-71.0986,Boston,campus,Massachusetts College of Art and Design,69.0,730,20918,100,2523,128,2458
76,Cummins Highway east of Rugby Road,2025-03-12,Wednesday,42.2709,-71.1027,Boston,away,Roxbury Community College,6507.0,12,10176,3,1029,1,1399
77,Tremont Street west of Union Park,2025-03-12,Wednesday,42.3434,-71.0727,Boston,near,Boston University,792.0,426,9724,80,1212,126,1247
91,Meridian Street south of Nay Street,2025-03-12,Wednesday,42.3829,-71.0393,Boston,away,MGH Institute of Health Professions,1494.0,148,19603,1,2037,6,2471
78,American Legion Highway north of Mount Hope Street,2025-04-29,Tuesday,42.2831,-71.114,Boston,away,Roxbury Community College,5347.0,62,27580,7,3351,7,3696
78,American Legion Highway north of Mount Hope Street,2025-04-30,Wednesday,42.2831,-71.114,Boston,away,Roxbury Community College,5347.0,83,27783,13,3403,15,3620
1,A Street north of Iron Street,2025-06-11,Wednesday,42.3459,-71.052,Boston,near,Tufts University,894.0,798,9781,145,1508,151,1087
11,Brookline Avenue south of Francis Street,2025-06-11,Wednesday,42.3367,-71.1096,Boston,near,Harvard University,532.0,566,24565,120,2465,90,3295
12,BU Bridge north of Commonwealth Avenue,2025-06-11,Wednesday,42.3523,-71.1107,Boston,campus,Boston University,148.0,2476,30779,441,3789,624,3320
13,Cambridge Street east of Lincoln Street,2025-06-11,Wednesday,42.3577,-71.1272,Boston,away,Harvard University,1022.0,494,39881,73,4470,102,5016
15,Cambridge Street west of Staniford Street,2025-06-11,Wednesday,42.3613,-71.0642,Boston,campus,Suffolk University,324.0,1607,18930,248,2406,403,2395
16,Centre Street north of Harris Avenue,2025-06-11,Wednesday,42.3113,-71.1145,Boston,away,Roxbury Community College,2534.0,370,11469,37,1337,71,1345
18,Charles River Dam Bridge west of Leverett Circle,2025-06-11,Wednesday,42.3671,-71.0689,Boston,campus,Hult International Business School,349.0,2370,39190,470,4513,557,3665
19,Charles Street north of Revere Street,2025-06-11,Wednesday,42.3597,-71.0708,Boston,near,Suffolk University,735.0,781,4855,181,557,132,832
2,Adams Street south of Washington Street,2025-06-11,Wednesday,42.272,-71.068,Boston,away,University of Massachusetts-Boston,5216.0,55,20845,5,2594,8,2766
21,Columbia Road south of Quincy Street,2025-06-11,Wednesday,42.3107,-71.0713,Boston,away,University of Massachusetts-Boston,2669.0,138,27539,17,3126,46,3319
23,Columbus Avenue west of Holyoke Street,2025-06-11,Wednesday,42.3441,-71.0775,Boston,near,Berklee College of Music,991.0,722,8948,147,1087,184,1214
25,Commonwealth Avenue east of Berkeley Street,2025-06-11,Wednesday,42.353,-71.0733,Boston,near,Emerson College,629.0,1318,10882,256,1400,325,1553
26,Commonwealth Avenue west of Silber Way,2025-06-11,Wednesday,42.3496,-71.102,Boston,campus,Boston University,26.0,1461,11601,197,1145,380,1808
28,D Street south of Fargo Street,2025-06-11,Wednesday,42.345,-71.0436,Boston,away,Tufts University,1568.0,284,6866,44,933,73,786
3,Atlantic Avenue south of Commercial Street,2025-06-11,Wednesday,42.3635,-71.0511,Boston,away,Suffolk University,1017.0,1145,,188,,269,
31,Dorchester Avenue north of Doris Street,2025-06-11,Wednesday,42.3137,-71.057,Boston,away,University of Massachusetts-Boston,1467.0,389,15500,56,1591,89,1623
34,Franklin Street north of Alcott Street,2025-06-11,Wednesday,42.3581,-71.1331,Boston,away,Harvard University,1335.0,603,1602,84,237,138,219
37,Longfellow Bridge west of Charles Street,2025-06-11,Wednesday,42.3614,-71.0734,Boston,near,Hult International Business School,978.0,2370,19382,480,2373,583,3090
38,Longwood Avenue east of Pilgrim Road,2025-06-11,Wednesday,42.3392,-71.1078,Boston,campus,Simmons University,259.0,1213,9385,282,1129,292,1187
39,Main Street south of Sullivan Square,2025-06-11,Wednesday,42.384,-71.0725,Boston,campus,Cambridge College,323.0,710,16087,119,2274,151,1982
4,Beacon Street east of Mountfort Street,2025-06-11,Wednesday,42.3478,-71.101,Boston,campus,Boston University,212.0,1161,22186,241,2456,273,3115
42,Massachusetts Avenue south of Newmarket Square,2025-06-11,Wednesday,42.3261,-71.0662,Boston,away,Boston University,1117.0,695,19650,94,2130,134,2524
44,Massachusetts Avenue north of Back Street,2025-06-11,Wednesday,42.3532,-71.0906,Boston,near,Massachusetts Institute of Technology,705.0,5679,22682,964,2407,1297,3145
45,Meridian Street south of Nay Street,2025-06-11,Wednesday,42.3829,-71.0393,Boston,away,MGH Institute of Health Professions,1494.0,111,19279,14,2057,11,2423
5,Beacon Street west of Dartmouth Street,2025-06-11,Wednesday,42.3536,-71.0793,Boston,away,Berklee College of Music,1109.0,647,6813,51,778,194,722
52,Seaport Boulevard west of Sleeper Street,2025-06-11,Wednesday,42.3537,-71.0497,Boston,away,Suffolk University,1037.0,1656,24743,315,3100,393,2528
54,South Huntington Avenue south of Castleton Street,2025-06-11,Wednesday,42.3224,-71.1121,Boston,away,Roxbury Community College,1565.0,324,9716,43,1318,69,1125
56,Summer Street east of Dorchester Avenue,2025-06-11,Wednesday,42.351,-71.0519,Boston,near,Tufts University,801.0,1105,15216,215,1864,264,1869
58,Warren Street north of Walnut Avenue,2025-06-11,Wednesday,42.3244,-71.0829,Boston,away,Roxbury Community College,1169.0,237,22573,32,2612,30,2482
6,Beacon Street east of Raleigh Street,2025-06-11,Wednesday,42.3496,-71.0939,Boston,campus,Boston University,347.0,745,16260,95,1781,230,1939
60,Washington Street north of Bexley Road,2025-06-11,Wednesday,42.2883,-71.1261,Boston,away,Roxbury Community College,5200.0,552,16376,76,1864,120,2048
62,Washington Street south of Hayward Place,2025-06-11,Wednesday,42.3528,-71.0626,Boston,campus,Emerson College,239.0,962,3537,221,366,128,510
65,Western Avenue east of Hague Street,2025-06-11,Wednesday,42.3639,-71.1217,Boston,campus,Harvard University,200.0,780,7208,144,883,200,906
66,Western Avenue west of Waverly Street,2025-06-11,Wednesday,42.3622,-71.1419,Boston,away,Harvard University,1831.0,630,10366,104,1333,135,1443
67,Neponset Greenway east of Blue Hill Avenue,2025-06-11,Wednesday,42.2672,-71.0934,Boston,away,University of Massachusetts-Boston,6840.0,275,,33,,81,
69,Beacon Street west of Charles Street,2025-06-11,Wednesday,42.356,-71.0703,Boston,near,Emerson College,564.0,1545,18744,143,1827,477,3201
77,Tremont Street west of Union Park,2025-06-11,Wednesday,42.3434,-71.0727,Boston,near,Boston University,792.0,730,10592,92,1228,153,1376
78,American Legion Highway north of Mount Hope Street,2025-06-11,Wednesday,42.2831,-71.114,Boston,away,Roxbury Community College,5347.0,80,27200,10,3150,9,3841
79,American Legion Highway north of Franklin Hill Avenue,2025-06-11,Wednesday,42.2966,-71.0918,Boston,away,Roxbury Community College,3638.0,51,25443,4,2942,8,3582
80,Centre Street east of Willow Street,2025-06-11,Wednesday,42.2874,-71.1513,Boston,away,Boston College,5376.0,178,13564,26,1682,39,1935
82,North Beacon Street west of Glencoe Street,2025-06-11,Wednesday,42.3559,-71.1482,Boston,away,Harvard University,2539.0,213,10499,29,1261,43,1637
84,Melnea Cass Boulevard east of Tremont Street,2025-06-11,Wednesday,42.3351,-71.0855,Boston,near,Northeastern University,607.0,311,28197,44,3053,61,3624
85,Hyde Park Avenue north of Cleary Square,2025-06-11,Wednesday,42.2564,-71.124,Boston,away,Roxbury Community College,8425.0,44,15999,2,1886,5,1869
86,Saratoga Street east of Annavoy Street,2025-06-11,Wednesday,42.3831,-70.9968,Boston,away,MGH Institute of Health Professions,4795.0,125,22899,11,2309,26,2880
88,Traveler Street west of Dorchester Avenue,2025-06-11,Wednesday,42.3434,-71.0581,Boston,near,Tufts University,764.0,287,19379,22,2606,80,2518
89,Boylston Street west of Tremont Street,2025-06-11,Wednesday,42.3525,-71.065,Boston,campus,Emerson College,46.0,2125,7691,399,1026,491,778
90,Boylston Street west of Fairfield Street,2025-06-11,Wednesday,42.3487,-71.0824,Boston,near,Berklee College of Music,589.0,1124,9887,130,924,221,1349
91,Meridian Street south of Nay Street,2025-06-11,Wednesday,42.3829,-71.0393,Boston,away,MGH Institute of Health Professions,1494.0,241,19279,14,2057,11,2423
1,A Street north of Iron Street,2025-06-12,Thursday,42.3459,-71.052,Boston,near,Tufts University,894.0,781,11335,138,1438,158,1472
11,Brookline Avenue south of Francis Street,2025-06-12,Thursday,42.3367,-71.1096,Boston,near,Harvard University,532.0,604,23526,145,2405,102,3061
12,BU Bridge north of Commonwealth Avenue,2025-06-12,Thursday,42.3523,-71.1107,Boston,campus,Boston University,148.0,2063,29723,450,3735,470,3550
13,Cambridge Street east of Lincoln Street,2025-06-12,Thursday,42.3577,-71.1272,Boston,away,Harvard University,1022.0,439,39685,69,4608,95,4872
15,Cambridge Street west of Staniford Street,2025-06-12,Thursday,42.3613,-71.0642,Boston,campus,Suffolk University,324.0,1541,20088,247,2507,380,2490
16,Centre Street north of Harris Avenue,2025-06-12,Thursday,42.3113,-71.1145,Boston,away,Roxbury Community College,2534.0,480,11452,53,1289,129,1364
18,Charles River Dam Bridge west of Leverett Circle,2025-06-12,Thursday,42.3671,-71.0689,Boston,campus,Hult International Business School,349.0,2196,39906,445,4697,551,3569
19,Charles Street north of Revere Street,2025-06-12,Thursday,42.3597,-71.0708,Boston,near,Suffolk University,735.0,716,4815,172,506,140,749
2,Adams Street south of Washington Street,2025-06-12,Thursday,42.272,-71.068,Boston,away,University of Massachusetts-Boston,5216.0,38,21099,7,2715,4,2838
21,Columbia Road south of Quincy Street,2025-06-12,Thursday,42.3107,-71.0713,Boston,away,University of Massachusetts-Boston,2669.0,123,27601,13,3025,18,3160
23,Columbus Avenue west of Holyoke Street,2025-06-12,Thursday,42.3441,-71.0775,Boston,near,Berklee College of Music,991.0,750,8764,146,1080,155,1169
25,Commonwealth Avenue east of Berkeley Street,2025-06-12,Thursday,42.353,-71.0733,Boston,near,Emerson College,629.0,1059,10224,205,1465,213,1444
26,Commonwealth Avenue west of Silber Way,2025-06-12,Thursday,42.3496,-71.102,Boston,campus,Boston University,26.0,1165,11161,175,1280,245,1505
28,D Street south of Fargo Street,2025-06-12,Thursday,42.345,-71.0436,Boston,away,Tufts University,1568.0,280,7229,39,912,61,901
3,Atlantic Avenue south of Commercial Street,2025-06-12,Thursday,42.3635,-71.0511,Boston,away,Suffolk University,1017.0,1172,,217,,257,
31,Dorchester Avenue north of Doris Street,2025-06-12,Thursday,42.3137,-71.057,Boston,away,University of Massachusetts-Boston,1467.0,360,14672,46,1464,59,1615
34,Franklin Street north of Alcott Street,2025-06-12,Thursday,42.3581,-71.1331,Boston,away,Harvard University,1335.0,567,1683,62,213,124,260
37,Longfellow Bridge west of Charles Street,2025-06-12,Thursday,42.3614,-71.0734,Boston,near,Hult International Business School,978.0,2333,19534,460,2373,557,2860
38,Longwood Avenue east of Pilgrim Road,2025-06-12,Thursday,42.3392,-71.1078,Boston,campus,Simmons University,259.0,1031,9061,248,1141,193,1129
39,Main Street south of Sullivan Square,2025-06-12,Thursday,42.384,-71.0725,Boston,campus,Cambridge College,323.0,596,16064,97,2303,124,1965
4,Beacon Street east of Mountfort Street,2025-06-12,Thursday,42.3478,-71.101,Boston,campus,Boston University,212.0,1006,21024,201,2476,250,2867
42,Massachusetts Avenue south of Newmarket Square,2025-06-12,Thursday,42.3261,-71.0662,Boston,away,Boston University,1117.0,627,19859,68,2120,122,2608
44,Massachusetts Avenue north of Back Street,2025-06-12,Thursday,42.3532,-71.0906,Boston,near,Massachusetts Institute of Technology,705.0,5055,21795,946,2533,1154,3026
45,Meridian Street south of Nay Street,2025-06-12,Thursday,42.3829,-71.0393,Boston,away,MGH Institute of Health Professions,1494.0,74,20187,11,2043,12,2611
5,Beacon Street west of Dartmouth Street,2025-06-12,Thursday,42.3536,-71.0793,Boston,away,Berklee College of Music,1109.0,575,6602,51,764,173,724
52,Seaport Boulevard west of Sleeper Street,2025-06-12,Thursday,42.3537,-71.0497,Boston,away,Suffolk University,1037.0,1695,26485,293,2979,358,3054
54,South Huntington Avenue south of Castleton Street,2025-06-12,Thursday,42.3224,-71.1121,Boston,away,Roxbury Community College,1565.0,271,9804,47,1330,53,1131
56,Summer Street east of Dorchester Avenue,2025-06-12,Thursday,42.351,-71.0519,Boston,near,Tufts University,801.0,1040,16430,241,1851,203,2134
58,Warren Street north of Walnut Avenue,2025-06-12,Thursday,42.3244,-71.0829,Boston,away,Roxbury Community College,1169.0,238,22469,31,2562,30,2642
6,Beacon Street east of Raleigh Street,2025-06-12,Thursday,42.3496,-71.0939,Boston,campus,Boston University,347.0,605,15624,94,1775,146,1921
60,Washington Street north of Bexley Road,2025-06-12,Thursday,42.2883,-71.1261,Boston,away,Roxbury Community College,5200.0,541,16425,87,1843,118,1989
62,Washington Street south of Hayward Place,2025-06-12,Thursday,42.3528,-71.0626,Boston,campus,Emerson College,239.0,883,3788,194,363,155,442
65,Western Avenue east of Hague Street,2025-06-12,Thursday,42.3639,-71.1217,Boston,campus,Harvard University,200.0,756,7342,124,859,180,874
66,Western Avenue west of Waverly Street,2025-06-12,Thursday,42.3622,-71.1419,Boston,away,Harvard University,1831.0,661,11106,102,1400,142,1552
67,Neponset Greenway east of Blue Hill Avenue,2025-06-12,Thursday,42.2672,-71.0934,Boston,away,University of Massachusetts-Boston,6840.0,197,,29,,38,
69,Beacon Street west of Charles Street,2025-06-12,Thursday,42.356,-71.0703,Boston,near,Emerson College,564.0,1330,18100,145,1831,397,2648
78,American Legion Highway north of Mount Hope Street,2025-06-12,Thursday,42.2831,-71.114,Boston,away,Roxbury Community College,5347.0,94,28452,6,3191,12,3769
79,American Legion Highway north of Franklin Hill Avenue,2025-06-12,Thursday,42.2966,-71.0918,Boston,away,Roxbury Community College,3638.0,67,25333,2,2854,11,3285
80,Centre Street east of Willow Street,2025-06-12,Thursday,42.2874,-71.1513,Boston,away,Boston College,5376.0,140,13726,19,1666,33,1693
82,North Beacon Street west of Glencoe Street,2025-06-12,Thursday,42.3559,-71.1482,Boston,away,Harvard University,2539.0,173,10570,24,1187,39,1538
84,Melnea Cass Boulevard east of Tremont Street,2025-06-12,Thursday,42.3351,-71.0855,Boston,near,Northeastern University,607.0,329,27621,55,3043,55,3395
85,Hyde Park Avenue north of Cleary Square,2025-06-12,Thursday,42.2564,-71.124,Boston,away,Roxbury Community College,8425.0,45,15878,3,1909,10,1863
86,Saratoga Street east of Annavoy Street,2025-06-12,Thursday,42.3831,-70.9968,Boston,away,MGH Institute of Health Professions,4795.0,105,22821,16,2247,17,2902
88,Traveler Street west of Dorchester Avenue,2025-06-12,Thursday,42.3434,-71.0581,Boston,near,Tufts University,764.0,271,20364,28,2583,86,2557
89,Boylston Street west of Tremont Street,2025-06-12,Thursday,42.3525,-71.065,Boston,campus,Emerson College,46.0,1956,7642,393,975,408,1077
90,Boylston Street west of Fairfield Street,2025-06-12,Thursday,42.3487,-71.0824,Boston,near,Berklee College of Music,589.0,903,10251,140,997,187,1414
91,Meridian Street south of Nay Street,2025-06-12,Thursday,42.3829,-71.0393,Boston,away,MGH Institute of Health Professions,1494.0,242,20187,11,2043,12,2611
33,Dorchester Avenue south of Greenwich Street,2025-06-17,Tuesday,42.3025,-71.0596,Boston,away,University of Massachusetts-Boston,2099.0,242,13054,27,1387,41,1513
55,Southwest Corridor Bicycle Path south of Heath Street,2025-06-17,Tuesday,42.3238,-71.0996,Boston,near,Roxbury Community College,692.0,1488,,341,,275,
7,Belgrade Avenue east of Anawan Avenue,2025-06-17,Tuesday,42.2861,-71.1471,Boston,away,Boston College,5620.0,85,10615,18,1342,12,1529
8,Blue Hill Avenue north of Rexford Street,2025-06-17,Tuesday,42.2714,-71.0937,Boston,away,Roxbury Community College,6426.0,54,26563,3,3385,6,3031
83,Ruggles Street south of Tremont Street,2025-06-17,Tuesday,42.3347,-71.0884,Boston,near,Wentworth Institute of Technology,580.0,100,2194,21,228,17,375
87,West Fourth Street west of Foundry Street,2025-06-17,Tuesday,42.3421,-71.0592,Boston,near,Tufts University,876.0,467,15542,99,2086,77,2242
33,Dorchester Avenue south of Greenwich Street,2025-06-18,Wednesday,42.3025,-71.0596,Boston,away,University of Massachusetts-Boston,2099.0,205,12846,31,1359,34,1461
55,Southwest Corridor Bicycle Path south of Heath Street,2025-06-18,Wednesday,42.3238,-71.0996,Boston,near,Roxbury Community College,692.0,1404,,258,,285,
7,Belgrade Avenue east of Anawan Avenue,2025-06-18,Wednesday,42.2861,-71.1471,Boston,away,Boston College,5620.0,107,11195,14,1379,23,1622
8,Blue Hill Avenue north of Rexford Street,2025-06-18,Wednesday,42.2714,-71.0937,Boston,away,Roxbury Community College,6426.0,64,28381,8,3519,4,3238
83,Ruggles Street south of Tremont Street,2025-06-18,Wednesday,42.3347,-71.0884,Boston,near,Wentworth Institute of Technology,580.0,103,2296,10,222,21,419
87,West Fourth Street west of Foundry Street,2025-06-18,Wednesday,42.3421,-71.0592,Boston,near,Tufts University,876.0,500,15767,92,2055,106,1881
5,Beacon Street west of Dartmouth Street,2025-06-25,Wednesday,42.3536,-71.0793,Boston,away,Berklee College of Music,1109.0,488,6194,55,732,122,630
6,Beacon Street east of Raleigh Street,2025-06-25,Wednesday,42.3496,-71.0939,Boston,campus,Boston University,347.0,530,15380,90,1681,122,2088
77,Tremont Street west of Union Park,2025-06-25,Wednesday,42.3434,-71.0727,Boston,near,Boston University,792.0,631,10616,89,1351,123,1426
1,A Street north of Iron Street,2025-09-16,Tuesday,42.3459,-71.052,Boston,near,Tufts University,894.0,759,9887,165,1428,176,1082
12,BU Bridge north of Commonwealth Avenue,2025-09-16,Tuesday,42.3523,-71.1107,Boston,campus,Boston University,148.0,2652,30805,549,3908,656,3713
14,Cambridge Street west of Eleanor Street,2025-09-16,Tuesday,42.3513,-71.1445,Boston,away,Harvard University,2539.0,588,12865,94,1469,123,1678
15,Cambridge Street west of Staniford Street,2025-09-16,Tuesday,42.3613,-71.0642,Boston,campus,Suffolk University,324.0,1604,18389,278,2457,418,2843
17,Centre Street west of Wise Street,2025-09-16,Tuesday,42.3229,-71.1015,Boston,near,Roxbury Community College,860.0,411,14033,51,1575,98,1759
18,Charles River Dam Bridge west of Leverett Circle,2025-09-16,Tuesday,42.3671,-71.0689,Boston,campus,Hult International Business School,349.0,1962,37300,420,4540,482,3988
19,Charles Street north of Revere Street,2025-09-16,Tuesday,42.3597,-71.0708,Boston,near,Suffolk University,735.0,653,4569,169,524,116,691
2,Adams Street south of Washington Street,2025-09-16,Tuesday,42.272,-71.068,Boston,away,University of Massachusetts-Boston,5216.0,18,19715,1,2691,3,2784
21,Columbia Road south of Quincy Street,2025-09-16,Tuesday,42.3107,-71.0713,Boston,away,University of Massachusetts-Boston,2669.0,158,25635,19,2870,25,3163
22,Columbus Avenue west of Arlington Street,2025-09-16,Tuesday,42.3494,-71.0709,Boston,near,Emerson College,528.0,520,5704,120,651,141,842
23,Columbus Avenue west of Holyoke Street,2025-09-16,Tuesday,42.3441,-71.0775,Boston,near,Berklee College of Music,991.0,700,8652,146,1058,195,1193
24,Columbus Avenue west of Massachusetts Avenue,2025-09-16,Tuesday,42.3404,-71.082,Boston,near,Northeastern University,561.0,1230,10200,254,1222,295,1427
27,Congress Street south of Milk Street,2025-09-16,Tuesday,42.3564,-71.0562,Boston,near,Suffolk University,425.0,341,11002,82,1229,60,1512
28,D Street south of Fargo Street,2025-09-16,Tuesday,42.345,-71.0436,Boston,away,Tufts University,1568.0,316,6023,55,1015,84,663
29,D Street south of West Broadway,2025-09-16,Tuesday,42.3386,-71.0511,Boston,away,Tufts University,1510.0,274,4957,48,608,78,821
3,Atlantic Avenue south of Commercial Street,2025-09-16,Tuesday,42.3635,-71.0511,Boston,away,Suffolk University,1017.0,925,,182,,225,
31,Dorchester Avenue north of Doris Street,2025-09-16,Tuesday,42.3137,-71.057,Boston,away,University of Massachusetts-Boston,1467.0,418,13500,64,1403,80,1604
32,Dorchester Avenue north of Dracut Street,2025-09-16,Tuesday,42.2873,-71.0639,Boston,away,University of Massachusetts-Boston,3580.0,108,8117,13,883,26,1066
33,Dorchester Avenue south of Greenwich Street,2025-09-16,Tuesday,42.3025,-71.0596,Boston,away,University of Massachusetts-Boston,2099.0,295,12854,39,1454,58,1480
36,L Street north of East Broadway,2025-09-16,Tuesday,42.3361,-71.0354,Boston,away,University of Massachusetts-Boston,2496.0,185,11970,32,1517,46,1675
38,Longwood Avenue east of Pilgrim Road,2025-09-16,Tuesday,42.3392,-71.1078,Boston,campus,Simmons University,259.0,1399,9647,315,1231,314,1217
40,Market Street south of North Beacon Street,2025-09-16,Tuesday,42.3558,-71.1493,Boston,away,Harvard University,2627.0,304,16824,30,2126,54,2551
41,Massachusetts Avenue south of Columbus Avenue,2025-09-16,Tuesday,42.3398,-71.0809,Boston,near,Northeastern University,650.0,1583,21386,241,2289,319,2837
44,Massachusetts Avenue north of Back Street,2025-09-16,Tuesday,42.3532,-71.0906,Boston,near,Massachusetts Institute of Technology,705.0,5904,20644,1044,2447,1366,3023
45,Meridian Street south of Nay Street,2025-09-16,Tuesday,42.3829,-71.0393,Boston,away,MGH Institute of Health Professions,1494.0,63,19012,3,2142,10,2611
46,Mt. Vernon Street west of Harbor Point Boulevard,2025-09-16,Tuesday,42.3188,-71.0451,Boston,near,University of Massachusetts-Boston,737.0,117,10204,16,1321,25,1385
47,North Harvard Street south of Soldiers Field Road,2025-09-16,Tuesday,42.3677,-71.1243,Boston,near,Harvard University,445.0,1726,10259,280,1315,371,1511
48,North Washington Street Bridge south of Chelsea Street,2025-09-16,Tuesday,42.3678,-71.059,Boston,near,MGH Institute of Health Professions,892.0,1583,32701,321,4318,372,4209
49,Pleasant Street north of Morrill Street,2025-09-16,Tuesday,42.3165,-71.0595,Boston,away,University of Massachusetts-Boston,1700.0,154,7188,18,826,36,874
50,Post Office Square north of Milk Street,2025-09-16,Tuesday,42.3572,-71.056,Boston,near,Suffolk University,413.0,203,4825,33,517,46,820
51,Quincy Street west of Ceylon Street,2025-09-16,Tuesday,42.3121,-71.0726,Boston,away,Boston University,2580.0,104,14407,11,1548,13,1789
52,Seaport Boulevard west of Sleeper Street,2025-09-16,Tuesday,42.3537,-71.0497,Boston,away,Suffolk University,1037.0,1529,24197,285,3237,359,2894
54,South Huntington Avenue south of Castleton Street,2025-09-16,Tuesday,42.3224,-71.1121,Boston,away,Roxbury Community College,1565.0,289,9655,43,1375,58,1128
56,Summer Street east of Dorchester Avenue,2025-09-16,Tuesday,42.351,-71.0519,Boston,near,Tufts University,801.0,1086,15993,243,2163,235,2123
57,Talbot Avenue west of New England Avenue,2025-09-16,Tuesday,42.292,-71.0779,Boston,away,University of Massachusetts-Boston,4006.0,115,12572,17,1488,25,1649
58,Warren Street north of Walnut Avenue,2025-09-16,Tuesday,42.3244,-71.0829,Boston,away,Roxbury Community College,1169.0,289,20878,38,2493,43,2573
59,Washington Street East of Beethoven Street,2025-09-16,Tuesday,42.3154,-71.0987,Boston,away,Roxbury Community College,1559.0,78,11871,10,1291,17,1328
61,Washington Street north of Kenwood Street,2025-09-16,Tuesday,42.2918,-71.0717,Boston,away,University of Massachusetts-Boston,3627.0,90,13696,5,1679,14,1739
62,Washington Street south of Hayward Place,2025-09-16,Tuesday,42.3528,-71.0626,Boston,campus,Emerson College,239.0,1003,3456,238,372,149,417
63,Washington Street south of Herald Street,2025-09-16,Tuesday,42.3462,-71.0647,Boston,near,Tufts University,479.0,578,8326,106,1241,99,1072
64,Weld Street west of Centre Street,2025-09-16,Tuesday,42.2943,-71.1365,Boston,away,Roxbury Community College,5146.0,61,3164,11,449,15,515
65,Western Avenue east of Hague Street,2025-09-16,Tuesday,42.3639,-71.1217,Boston,campus,Harvard University,200.0,926,7339,152,836,223,938
66,Western Avenue west of Waverly Street,2025-09-16,Tuesday,42.3622,-71.1419,Boston,away,Harvard University,1831.0,624,9403,113,1201,145,1484
67,Neponset Greenway east of Blue Hill Avenue,2025-09-16,Tuesday,42.2672,-71.0934,Boston,away,University of Massachusetts-Boston,6840.0,143,,10,,29,
68,Arlington Street south of Marlborough Street,2025-09-16,Tuesday,42.3545,-71.072,Boston,near,Emerson College,575.0,969,18464,221,2415,224,2419
69,Beacon Street west of Charles Street,2025-09-16,Tuesday,42.356,-71.0703,Boston,near,Emerson College,564.0,1238,16769,163,1785,382,2692
7,Belgrade Avenue east of Anawan Avenue,2025-09-16,Tuesday,42.2861,-71.1471,Boston,away,Boston College,5620.0,121,10723,23,1361,20,1505
71,Charles Street north of Boylston Street,2025-09-16,Tuesday,42.353,-71.0676,Boston,campus,Emerson College,176.0,763,13895,83,1859,256,2148
72,Stuart Street east of Tremont Street,2025-09-16,Tuesday,42.351,-71.0642,Boston,campus,Emerson College,165.0,867,18501,169,2026,196,2448
73,Tremont Street north of Boylston Street,2025-09-16,Tuesday,42.3541,-71.0639,Boston,campus,Emerson College,244.0,1098,11595,120,1115,350,1535
76,Cummins Highway east of Rugby Road,2025-09-16,Tuesday,42.2709,-71.1027,Boston,away,Roxbury Community College,6507.0,13,9714,1,1018,3,1362
77,Tremont Street west of Union Park,2025-09-16,Tuesday,42.3434,-71.0727,Boston,near,Boston University,792.0,715,10587,100,1304,158,1253
78,American Legion Highway north of Mount Hope Street,2025-09-16,Tuesday,42.2831,-71.114,Boston,away,Roxbury Community College,5347.0,74,24553,14,2851,10,3563
79,American Legion Highway north of Franklin Hill Avenue,2025-09-16,Tuesday,42.2966,-71.0918,Boston,away,Roxbury Community College,3638.0,43,22788,4,2768,7,3235
8,Blue Hill Avenue north of Rexford Street,2025-09-16,Tuesday,42.2714,-71.0937,Boston,away,Roxbury Community College,6426.0,74,26237,10,3580,14,3250
80,Centre Street east of Willow Street,2025-09-16,Tuesday,42.2874,-71.1513,Boston,away,Boston College,5376.0,136,13600,21,1821,25,1788
81,Berkeley Street north of Chandler Street,2025-09-16,Tuesday,42.3473,-71.0711,Boston,near,Emerson College,703.0,250,9115,45,1459,37,1121
82,North Beacon Street west of Glencoe Street,2025-09-16,Tuesday,42.3559,-71.1482,Boston,away,Harvard University,2539.0,219,10400,28,1250,50,1550
83,Ruggles Street south of Tremont Street,2025-09-16,Tuesday,42.3347,-71.0884,Boston,near,Wentworth Institute of Technology,580.0,182,2213,28,222,27,353
84,Melnea Cass Boulevard east of Tremont Street,2025-09-16,Tuesday,42.3351,-71.0855,Boston,near,Northeastern University,607.0,422,27574,61,3121,85,3629
86,Saratoga Street east of Annavoy Street,2025-09-16,Tuesday,42.3831,-70.9968,Boston,away,MGH Institute of Health Professions,4795.0,118,21876,12,2451,14,3020
87,West Fourth Street west of Foundry Street,2025-09-16,Tuesday,42.3421,-71.0592,Boston,near,Tufts University,876.0,589,14303,92,1859,118,1849
89,Boylston Street west of Tremont Street,2025-09-16,Tuesday,42.3525,-71.065,Boston,campus,Emerson College,46.0,1796,7533,399,904,437,1083
9,Blue Hill Avenue north of Seaver Street,2025-09-16,Tuesday,42.3057,-71.0846,Boston,away,Roxbury Community College,2764.0,70,21308,7,2540,15,2635
90,Boylston Street west of Fairfield Street,2025-09-16,Tuesday,42.3487,-71.0824,Boston,near,Berklee College of Music,589.0,1174,10176,169,1081,257,1514
91,Meridian Street south of Nay Street,2025-09-16,Tuesday,42.3829,-71.0393,Boston,away,MGH Institute of Health Professions,1494.0,197,19012,3,2142,10,2611
1,A Street north of Iron Street,2025-09-17,Wednesday,42.3459,-71.052,Boston,near,Tufts University,894.0,777,10257,142,1561,180,1055
12,BU Bridge north of Commonwealth Avenue,2025-09-17,Wednesday,42.3523,-71.1107,Boston,campus,Boston University,148.0,2699,31755,536,3811,636,3883
14,Cambridge Street west of Eleanor Street,2025-09-17,Wednesday,42.3513,-71.1445,Boston,away,Harvard University,2539.0,522,13388,80,1467,109,1705
15,Cambridge Street west of Staniford Street,2025-09-17,Wednesday,42.3613,-71.0642,Boston,campus,Suffolk University,324.0,1492,19289,232,2493,365,2636
17,Centre Street west of Wise Street,2025-09-17,Wednesday,42.3229,-71.1015,Boston,near,Roxbury Community College,860.0,421,14004,57,1609,74,1819
18,Charles River Dam Bridge west of Leverett Circle,2025-09-17,Wednesday,42.3671,-71.0689,Boston,campus,Hult International Business School,349.0,2060,39482,445,4341,514,4371
19,Charles Street north of Revere Street,2025-09-17,Wednesday,42.3597,-71.0708,Boston,near,Suffolk University,735.0,623,4702,174,500,122,747
2,Adams Street south of Washington Street,2025-09-17,Wednesday,42.272,-71.068,Boston,away,University of Massachusetts-Boston,5216.0,38,19410,8,2627,10,2764
21,Columbia Road south of Quincy Street,2025-09-17,Wednesday,42.3107,-71.0713,Boston,away,University of Massachusetts-Boston,2669.0,168,25874,14,2956,27,3161
22,Columbus Avenue west of Arlington Street,2025-09-17,Wednesday,42.3494,-71.0709,Boston,near,Emerson College,528.0,490,5911,108,647,97,890
23,Columbus Avenue west of Holyoke Street,2025-09-17,Wednesday,42.3441,-71.0775,Boston,near,Berklee College of Music,991.0,639,8875,125,1096,138,1193
24,Columbus Avenue west of Massachusetts Avenue,2025-09-17,Wednesday,42.3404,-71.082,Boston,near,Northeastern University,561.0,1200,10173,238,1234,272,1401
27,Congress Street south of Milk Street,2025-09-17,Wednesday,42.3564,-71.0562,Boston,near,Suffolk University,425.0,284,11402,80,1274,45,1542
28,D Street south of Fargo Street,2025-09-17,Wednesday,42.345,-71.0436,Boston,away,Tufts University,1568.0,303,6394,51,945,80,730
29,D Street south of West Broadway,2025-09-17,Wednesday,42.3386,-71.0511,Boston,away,Tufts University,1510.0,267,5008,42,573,65,872
3,Atlantic Avenue south of Commercial Street,2025-09-17,Wednesday,42.3635,-71.0511,Boston,away,Suffolk University,1017.0,844,,164,,212,
31,Dorchester Avenue north of Doris Street,2025-09-17,Wednesday,42.3137,-71.057,Boston,away,University of Massachusetts-Boston,1467.0,372,13456,49,1242,70,1576
32,Dorchester Avenue north of Dracut Street,2025-09-17,Wednesday,42.2873,-71.0639,Boston,away,University of Massachusetts-Boston,3580.0,92,7967,13,917,18,1022
33,Dorchester Avenue south of Greenwich Street,2025-09-17,Wednesday,42.3025,-71.0596,Boston,away,University of Massachusetts-Boston,2099.0,286,12943,43,1393,53,1465
36,L Street north of East Broadway,2025-09-17,Wednesday,42.3361,-71.0354,Boston,away,University of Massachusetts-Boston,2496.0,198,12482,30,1502,50,1827
38,Longwood Avenue east of Pilgrim Road,2025-09-17,Wednesday,42.3392,-71.1078,Boston,campus,Simmons University,259.0,1363,9969,309,1168,282,1317
40,Market Street south of North Beacon Street,2025-09-17,Wednesday,42.3558,-71.1493,Boston,away,Harvard University,2627.0,316,17049,50,2097,50,2588
41,Massachusetts Avenue south of Columbus Avenue,2025-09-17,Wednesday,42.3398,-71.0809,Boston,near,Northeastern University,650.0,1558,22259,229,2343,342,3048
44,Massachusetts Avenue north of Back Street,2025-09-17,Wednesday,42.3532,-71.0906,Boston,near,Massachusetts Institute of Technology,705.0,6045,20986,1073,2502,1416,3068
45,Meridian Street south of Nay Street,2025-09-17,Wednesday,42.3829,-71.0393,Boston,away,MGH Institute of Health Professions,1494.0,88,18937,8,1951,14,2462
46,Mt. Vernon Street west of Harbor Point Boulevard,2025-09-17,Wednesday,42.3188,-71.0451,Boston,near,University of Massachusetts-Boston,737.0,146,10632,18,1321,26,1241
47,North Harvard Street south of Soldiers Field Road,2025-09-17,Wednesday,42.3677,-71.1243,Boston,near,Harvard University,445.0,1621,10306,247,1204,328,1396
48,North Washington Street Bridge south of Chelsea Street,2025-09-17,Wednesday,42.3678,-71.059,Boston,near,MGH Institute of Health Professions,892.0,1496,35359,313,4241,349,4497
49,Pleasant Street north of Morrill Street,2025-09-17,Wednesday,42.3165,-71.0595,Boston,away,University of Massachusetts-Boston,1700.0,132,7078,12,920,33,892
50,Post Office Square north of Milk Street,2025-09-17,Wednesday,42.3572,-71.056,Boston,near,Suffolk University,413.0,223,4982,21,517,53,777
51,Quincy Street west of Ceylon Street,2025-09-17,Wednesday,42.3121,-71.0726,Boston,away,Boston University,2580.0,94,14111,8,1624,12,1688
52,Seaport Boulevard west of Sleeper Street,2025-09-17,Wednesday,42.3537,-71.0497,Boston,away,Suffolk University,1037.0,1459,24983,290,2979,333,3228
54,South Huntington Avenue south of Castleton Street,2025-09-17,Wednesday,42.3224,-71.1121,Boston,away,Roxbury Community College,1565.0,312,9408,55,1307,67,1187
56,Summer Street east of Dorchester Avenue,2025-09-17,Wednesday,42.351,-71.0519,Boston,near,Tufts University,801.0,1074,16813,207,2167,234,2181
57,Talbot Avenue west of New England Avenue,2025-09-17,Wednesday,42.292,-71.0779,Boston,away,University of Massachusetts-Boston,4006.0,103,12861,11,1524,20,1739
58,Warren Street north of Walnut Avenue,2025-09-17,Wednesday,42.3244,-71.0829,Boston,away,Roxbury Community College,1169.0,275,21037,46,2411,42,2443
59,Washington Street East of Beethoven Street,2025-09-17,Wednesday,42.3154,-71.0987,Boston,away,Roxbury Community College,1559.0,82,12025,6,1303,15,1451
61,Washington Street north of Kenwood Street,2025-09-17,Wednesday,42.2918,-71.0717,Boston,away,University of Massachusetts-Boston,3627.0,97,14012,9,1685,17,1687
62,Washington Street south of Hayward Place,2025-09-17,Wednesday,42.3528,-71.0626,Boston,campus,Emerson College,239.0,976,3447,206,369,165,411
63,Washington Street south of Herald Street,2025-09-17,Wednesday,42.3462,-71.0647,Boston,near,Tufts University,479.0,573,8479,100,1232,104,1043
64,Weld Street west of Centre Street,2025-09-17,Wednesday,42.2943,-71.1365,Boston,away,Roxbury Community College,5146.0,63,3142,16,462,20,495
65,Western Avenue east of Hague Street,2025-09-17,Wednesday,42.3639,-71.1217,Boston,campus,Harvard University,200.0,980,7420,147,823,217,983
66,Western Avenue west of Waverly Street,2025-09-17,Wednesday,42.3622,-71.1419,Boston,away,Harvard University,1831.0,692,9503,109,1175,146,1437
67,Neponset Greenway east of Blue Hill Avenue,2025-09-17,Wednesday,42.2672,-71.0934,Boston,away,University of Massachusetts-Boston,6840.0,128,2,19,0,29,1
68,Arlington Street south of Marlborough Street,2025-09-17,Wednesday,42.3545,-71.072,Boston,near,Emerson College,575.0,897,18801,184,2370,208,2573
69,Beacon Street west of Charles Street,2025-09-17,Wednesday,42.356,-71.0703,Boston,near,Emerson College,564.0,1189,17459,156,1807,334,2797
7,Belgrade Avenue east of Anawan Avenue,2025-09-17,Wednesday,42.2861,-71.1471,Boston,away,Boston College,5620.0,97,10835,19,1359,21,1563
71,Charles Street north of Boylston Street,2025-09-17,Wednesday,42.353,-71.0676,Boston,campus,Emerson College,176.0,746,14508,97,1872,218,2048
72,Stuart Street east of Tremont Street,2025-09-17,Wednesday,42.351,-71.0642,Boston,campus,Emerson College,165.0,849,19165,150,2223,162,2423
73,Tremont Street north of Boylston Street,2025-09-17,Wednesday,42.3541,-71.0639,Boston,campus,Emerson College,244.0,1075,12189,108,1147,296,1635
76,Cummins Highway east of Rugby Road,2025-09-17,Wednesday,42.2709,-71.1027,Boston,away,Roxbury Community College,6507.0,30,9730,3,1013,8,1383
77,Tremont Street west of Union Park,2025-09-17,Wednesday,42.3434,-71.0727,Boston,near,Boston University,792.0,732,11325,116,1374,179,1354
78,American Legion Highway north of Mount Hope Street,2025-09-17,Wednesday,42.2831,-71.114,Boston,away,Roxbury Community College,5347.0,96,25052,15,2830,15,3545
79,American Legion Highway north of Franklin Hill Avenue,2025-09-17,Wednesday,42.2966,-71.0918,Boston,away,Roxbury Community College,3638.0,45,22927,6,2808,9,3020
8,Blue Hill Avenue north of Rexford Street,2025-09-17,Wednesday,42.2714,-71.0937,Boston,away,Roxbury Community College,6426.0,73,26439,7,3400,9,3225
80,Centre Street east of Willow Street,2025-09-17,Wednesday,42.2874,-71.1513,Boston,away,Boston College,5376.0,140,13605,14,1691,26,1822
81,Berkeley Street north of Chandler Street,2025-09-17,Wednesday,42.3473,-71.0711,Boston,near,Emerson College,703.0,250,9399,46,1501,30,1022
82,North Beacon Street west of Glencoe Street,2025-09-17,Wednesday,42.3559,-71.1482,Boston,away,Harvard University,2539.0,255,10711,40,1263,43,1537
83,Ruggles Street south of Tremont Street,2025-09-17,Wednesday,42.3347,-71.0884,Boston,near,Wentworth Institute of Technology,580.0,155,2090,23,196,27,319
84,Melnea Cass Boulevard east of Tremont Street,2025-09-17,Wednesday,42.3351,-71.0855,Boston,near,Northeastern University,607.0,386,27761,53,2995,77,3603
86,Saratoga Street east of Annavoy Street,2025-09-17,Wednesday,42.3831,-70.9968,Boston,away,MGH Institute of Health Professions,4795.0,131,21822,15,2380,29,3015
87,West Fourth Street west of Foundry Street,2025-09-17,Wednesday,42.3421,-71.0592,Boston,near,Tufts University,876.0,626,14569,90,2029,149,1884
89,Boylston Street west of Tremont Street,2025-09-17,Wednesday,42.3525,-71.065,Boston,campus,Emerson College,46.0,1772,7421,385,916,394,957
9,Blue Hill Avenue north of Seaver Street,2025-09-17,Wednesday,42.3057,-71.0846,Boston,away,Roxbury Community College,2764.0,87,21048,10,2455,13,2554
90,Boylston Street west of Fairfield Street,2025-09-17,Wednesday,42.3487,-71.0824,Boston,near,Berklee College of Music,589.0,1189,10407,160,1177,242,1350
91,Meridian Street south of Nay Street,2025-09-17,Wednesday,42.3829,-71.0393,Boston,away,MGH Institute of Health Professions,1494.0,208,18937,8,1951,14,2462
10,Brighton Avenue east of St. Lukes Road,2025-09-23,Tuesday,42.3523,-71.126,Boston,away,Boston University,1343.0,1319,13939,212,1373,265,2177
11,Brookline Avenue south of Francis Street,2025-09-23,Tuesday,42.3367,-71.1096,Boston,near,Harvard University,532.0,570,21487,116,2421,91,2677
25,Commonwealth Avenue east of Berkeley Street,2025-09-23,Tuesday,42.353,-71.0733,Boston,near,Emerson College,629.0,888,9814,205,1408,204,1412
26,Commonwealth Avenue west of Silber Way,2025-09-23,Tuesday,42.3496,-71.102,Boston,campus,Boston University,26.0,1712,12583,257,1501,330,1660
5,Beacon Street west of Dartmouth Street,2025-09-23,Tuesday,42.3536,-71.0793,Boston,away,Berklee College of Music,1109.0,568,6254,75,824,156,740
53,Seaver Street west of Humboldt Avenue,2025-09-23,Tuesday,42.3103,-71.0925,Boston,away,Roxbury Community College,2118.0,56,18058,5,2330,9,2212
55,Southwest Corridor Bicycle Path south of Heath Street,2025-09-23,Tuesday,42.3238,-71.0996,Boston,near,Roxbury Community College,692.0,1863,,416,,400,
6,Beacon Street east of Raleigh Street,2025-09-23,Tuesday,42.3496,-71.0939,Boston,campus,Boston University,347.0,720,13904,132,1633,152,1854
70,Boylston Street east of Arlington Street,2025-09-23,Tuesday,42.3522,-71.0694,Boston,campus,Emerson College,302.0,1533,8850,346,1219,275,1244
85,Hyde Park Avenue north of Cleary Square,2025-09-23,Tuesday,42.2564,-71.124,Boston,away,Roxbury Community College,8425.0,34,14003,2,1644,9,1725
88,Traveler Street west of Dorchester Avenue,2025-09-23,Tuesday,42.3434,-71.0581,Boston,near,Tufts University,764.0,256,18303,41,2359,57,2384
10,Brighton Avenue east of St. Lukes Road,2025-09-24,Wednesday,42.3523,-71.126,Boston,away,Boston University,1343.0,879,14116,161,1327,132,2182
11,Brookline Avenue south of Francis Street,2025-09-24,Wednesday,42.3367,-71.1096,Boston,near,Harvard University,532.0,453,23000,114,2366,63,3252
25,Commonwealth Avenue east of Berkeley Street,2025-09-24,Wednesday,42.353,-71.0733,Boston,near,Emerson College,629.0,534,10334,156,1386,108,1461
26,Commonwealth Avenue west of Silber Way,2025-09-24,Wednesday,42.3496,-71.102,Boston,campus,Boston University,26.0,1215,13358,206,1450,168,1818
5,Beacon Street west of Dartmouth Street,2025-09-24,Wednesday,42.3536,-71.0793,Boston,away,Berklee College of Music,1109.0,341,6160,66,765,72,705
53,Seaver Street west of Humboldt Avenue,2025-09-24,Wednesday,42.3103,-71.0925,Boston,away,Roxbury Community College,2118.0,39,17958,6,2347,2,2186
55,Southwest Corridor Bicycle Path south of Heath Street,2025-09-24,Wednesday,42.3238,-71.0996,Boston,near,Roxbury Community College,692.0,1019,,248,,189,
6,Beacon Street east of Raleigh Street,2025-09-24,Wednesday,42.3496,-71.0939,Boston,campus,Boston University,347.0,488,14770,103,1663,85,2044
70,Boylston Street east of Arlington Street,2025-09-24,Wednesday,42.3522,-71.0694,Boston,campus,Emerson College,302.0,912,9725,254,1301,111,1577
85,Hyde Park Avenue north of Cleary Square,2025-09-24,Wednesday,42.2564,-71.124,Boston,away,Roxbury Community College,8425.0,15,14222,0,1699,6,1676
88,Traveler Street west of Dorchester Avenue,2025-09-24,Wednesday,42.3434,-71.0581,Boston,near,Tufts University,764.0,140,18966,22,2512,25,2438
13,Cambridge Street east of Lincoln Street,2025-09-30,Tuesday,42.3577,-71.1272,Boston,away,Harvard University,1022.0,476,38646,83,4777,99,4877
16,Centre Street north of Harris Avenue,2025-09-30,Tuesday,42.3113,-71.1145,Boston,away,Roxbury Community College,2534.0,383,11343,59,1329,72,1463
20,Chestnut Hill Avenue north of Embassy Road,2025-09-30,Tuesday,42.3417,-71.1544,Boston,away,Boston College,1367.0,207,12557,31,1669,39,1803
30,Dorchester Avenue north of B Street,2025-09-30,Tuesday,42.3386,-71.0571,Boston,away,Boston University,1169.0,615,22207,95,3135,148,2882
34,Franklin Street north of Alcott Street,2025-09-30,Tuesday,42.3581,-71.1331,Boston,away,Harvard University,1335.0,669,1463,99,214,168,233
35,Harvard Avenue north of Commonwealth Avenue,2025-09-30,Tuesday,42.3506,-71.1311,Boston,away,Boston University,1758.0,858,13380,140,1402,184,1680
37,Longfellow Bridge west of Charles Street,2025-09-30,Tuesday,42.3614,-71.0734,Boston,near,Hult International Business School,978.0,2185,18589,471,2361,536,3173
39,Main Street south of Sullivan Square,2025-09-30,Tuesday,42.384,-71.0725,Boston,campus,Cambridge College,323.0,641,15613,128,2213,172,2035
4,Beacon Street east of Mountfort Street,2025-09-30,Tuesday,42.3478,-71.101,Boston,campus,Boston University,212.0,1070,19743,225,2494,278,2739
43,Massachusetts Avenue south of Shawmut Avenue,2025-09-30,Tuesday,42.3369,-71.0775,Boston,near,Boston University,515.0,1271,22230,177,2558,204,2886
60,Washington Street north of Bexley Road,2025-09-30,Tuesday,42.2883,-71.1261,Boston,away,Roxbury Community College,5200.0,576,15445,107,1829,123,2060
74,Tremont Street north of School Street,2025-09-30,Tuesday,42.3586,-71.06,Boston,campus,Suffolk University,105.0,1205,11663,224,1294,243,1628
75,Huntington Avenue west of Evans Way,2025-09-30,Tuesday,42.3365,-71.0986,Boston,campus,Massachusetts College of Art and Design,69.0,1091,20044,200,2563,187,2418
13,Cambridge Street east of Lincoln Street,2025-10-01,Wednesday,42.3577,-71.1272,Boston,away,Harvard University,1022.0,483,39402,70,4795,114,4851
16,Centre Street north of Harris Avenue,2025-10-01,Wednesday,42.3113,-71.1145,Boston,away,Roxbury Community College,2534.0,355,11604,43,1348,74,1413
20,Chestnut Hill Avenue north of Embassy Road,2025-10-01,Wednesday,42.3417,-71.1544,Boston,away,Boston College,1367.0,230,12557,28,1590,54,1691
30,Dorchester Avenue north of B Street,2025-10-01,Wednesday,42.3386,-71.0571,Boston,away,Boston University,1169.0,553,23107,88,3047,127,2918
34,Franklin Street north of Alcott Street,2025-10-01,Wednesday,42.3581,-71.1331,Boston,away,Harvard University,1335.0,663,1602,82,218,141,232
35,Harvard Avenue north of Commonwealth Avenue,2025-10-01,Wednesday,42.3506,-71.1311,Boston,away,Boston University,1758.0,794,13458,128,1458,160,1678
37,Longfellow Bridge west of Charles Street,2025-10-01,Wednesday,42.3614,-71.0734,Boston,near,Hult International Business School,978.0,2087,19399,423,2281,507,3131
39,Main Street south of Sullivan Square,2025-10-01,Wednesday,42.384,-71.0725,Boston,campus,Cambridge College,323.0,598,15569,124,2162,140,1928
4,Beacon Street east of Mountfort Street,2025-10-01,Wednesday,42.3478,-71.101,Boston,campus,Boston University,212.0,1010,20808,211,2462,235,2814
43,Massachusetts Avenue south of Shawmut Avenue,2025-10-01,Wednesday,42.3369,-71.0775,Boston,near,Boston University,515.0,1202,22535,186,2501,246,2891
60,Washington Street north of Bexley Road,2025-10-01,Wednesday,42.2883,-71.1261,Boston,away,Roxbury Community College,5200.0,572,16034,103,1896,112,2044
74,Tremont Street north of School Street,2025-10-01,Wednesday,42.3586,-71.06,Boston,campus,Suffolk University,105.0,1026,12281,190,1422,218,1751
75,Huntington Avenue west of Evans Way,2025-10-01,Wednesday,42.3365,-71.0986,Boston,campus,Massachusetts College of Art and Design,69.0,1021,20373,172,2514,171,2498
42,Massachusetts Avenue south of Newmarket Square,2025-10-07,Tuesday,42.3261,-71.0662,Boston,away,Boston University,1117.0,666,18844,90,2120,108,2387
42,Massachusetts Avenue south of Newmarket Square,2025-10-08,Wednesday,42.3261,-71.0662,Boston,away,Boston University,1117.0,554,19610,76,2254,101,2555
1,A Street north of Iron Street,2025-12-03,Wednesday,42.3459,-71.052,Boston,near,Tufts University,894.0,343,10993,79,1799,74,1024
16,Centre Street north of Harris Avenue,2025-12-03,Wednesday,42.3113,-71.1145,Boston,away,Roxbury Community College,2534.0,176,12066,31,1461,37,1464
18,Charles River Dam Bridge west of Leverett Circle,2025-12-03,Wednesday,42.3671,-71.0689,Boston,campus,Hult International Business School,349.0,812,37106,164,4394,180,4157
20,Chestnut Hill Avenue north of Embassy Road,2025-12-03,Wednesday,42.3417,-71.1544,Boston,away,Boston College,1367.0,72,12837,17,1704,15,1763
23,Columbus Avenue west of Holyoke Street,2025-12-03,Wednesday,42.3441,-71.0775,Boston,near,Berklee College of Music,991.0,189,9545,10,1105,60,1332
26,Commonwealth Avenue west of Silber Way,2025-12-03,Wednesday,42.3496,-71.102,Boston,campus,Boston University,26.0,829,13900,120,1556,140,1964
3,Atlantic Avenue south of Commercial Street,2025-12-03,Wednesday,42.3635,-71.0511,Boston,away,Suffolk University,1017.0,327,,71,,88,
31,Dorchester Avenue north of Doris Street,2025-12-03,Wednesday,42.3137,-71.057,Boston,away,University of Massachusetts-Boston,1467.0,166,13487,21,1426,31,1632
37,Longfellow Bridge west of Charles Street,2025-12-03,Wednesday,42.3614,-71.0734,Boston,near,Hult International Business School,978.0,992,18934,219,2327,249,3033
38,Longwood Avenue east of Pilgrim Road,2025-12-03,Wednesday,42.3392,-71.1078,Boston,campus,Simmons University,259.0,750,9874,163,1330,158,1238
44,Massachusetts Avenue north of Back Street,2025-12-03,Wednesday,42.3532,-71.0906,Boston,near,Massachusetts Institute of Technology,705.0,2924,22205,537,2721,597,3353
45,Meridian Street south of Nay Street,2025-12-03,Wednesday,42.3829,-71.0393,Boston,away,MGH Institute of Health Professions,1494.0,27,19407,3,2231,10,3087
52,Seaport Boulevard west of Sleeper Street,2025-12-03,Wednesday,42.3537,-71.0497,Boston,away,Suffolk University,1037.0,685,24295,126,3367,161,2732
54,South Huntington Avenue south of Castleton Street,2025-12-03,Wednesday,42.3224,-71.1121,Boston,away,Roxbury Community College,1565.0,158,9775,24,1461,34,1167
56,Summer Street east of Dorchester Avenue,2025-12-03,Wednesday,42.351,-71.0519,Boston,near,Tufts University,801.0,473,17567,93,2756,105,2142
58,Warren Street north of Walnut Avenue,2025-12-03,Wednesday,42.3244,-71.0829,Boston,away,Roxbury Community College,1169.0,157,21215,17,2514,23,2568
60,Washington Street north of Bexley Road,2025-12-03,Wednesday,42.2883,-71.1261,Boston,away,Roxbury Community College,5200.0,235,15693,43,1936,63,2025
62,Washington Street south of Hayward Place,2025-12-03,Wednesday,42.3528,-71.0626,Boston,campus,Emerson College,239.0,439,3649,78,354,59,549
66,Western Avenue west of Waverly Street,2025-12-03,Wednesday,42.3622,-71.1419,Boston,away,Harvard University,1831.0,282,10022,55,1361,70,1503
68,Arlington Street south of Marlborough Street,2025-12-03,Wednesday,42.3545,-71.072,Boston,near,Emerson College,575.0,388,17746,79,2455,79,2453
70,Boylston Street east of Arlington Street,2025-12-03,Wednesday,42.3522,-71.0694,Boston,campus,Emerson College,302.0,680,7794,163,595,132,1525
71,Charles Street north of Boylston Street,2025-12-03,Wednesday,42.353,-71.0676,Boston,campus,Emerson College,176.0,317,14061,43,1764,94,1930
72,Stuart Street east of Tremont Street,2025-12-03,Wednesday,42.351,-71.0642,Boston,campus,Emerson College,165.0,473,18825,69,2166,98,2369
74,Tremont Street north of School Street,2025-12-03,Wednesday,42.3586,-71.06,Boston,campus,Suffolk University,105.0,516,12412,96,1476,106,1783
77,Tremont Street west of Union Park,2025-12-03,Wednesday,42.3434,-71.0727,Boston,near,Boston University,792.0,314,10841,49,1331,62,1385
91,Meridian Street south of Nay Street,2025-12-03,Wednesday,42.3829,-71.0393,Boston,away,MGH Institute of Health Professions,1494.0,103,19407,3,2231,10,3087
1,A Street north of Iron Street,2025-12-04,Thursday,42.3459,-71.052,Boston,near,Tufts University,894.0,356,11474,81,1582,75,1298
16,Centre Street north of Harris Avenue,2025-12-04,Thursday,42.3113,-71.1145,Boston,away,Roxbury Community College,2534.0,218,12527,39,1463,46,1496
18,Charles River Dam Bridge west of Leverett Circle,2025-12-04,Thursday,42.3671,-71.0689,Boston,campus,Hult International Business School,349.0,871,39507,208,4615,207,4115
20,Chestnut Hill Avenue north of Embassy Road,2025-12-04,Thursday,42.3417,-71.1544,Boston,away,Boston College,1367.0,96,12427,23,1596,14,1710
23,Columbus Avenue west of Holyoke Street,2025-12-04,Thursday,42.3441,-71.0775,Boston,near,Berklee College of Music,991.0,305,10096,74,1196,64,1408
26,Commonwealth Avenue west of Silber Way,2025-12-04,Thursday,42.3496,-71.102,Boston,campus,Boston University,26.0,862,14467,129,1860,137,1909
3,Atlantic Avenue south of Commercial Street,2025-12-04,Thursday,42.3635,-71.0511,Boston,away,Suffolk University,1017.0,312,,68,,71,
31,Dorchester Avenue north of Doris Street,2025-12-04,Thursday,42.3137,-71.057,Boston,away,University of Massachusetts-Boston,1467.0,170,14515,24,1411,32,1594
37,Longfellow Bridge west of Charles Street,2025-12-04,Thursday,42.3614,-71.0734,Boston,near,Hult International Business School,978.0,1136,19672,281,2366,267,2744
38,Longwood Avenue east of Pilgrim Road,2025-12-04,Thursday,42.3392,-71.1078,Boston,campus,Simmons University,259.0,780,9944,178,1285,142,1162
44,Massachusetts Avenue north of Back Street,2025-12-04,Thursday,42.3532,-71.0906,Boston,near,Massachusetts Institute of Technology,705.0,2900,22910,649,2842,526,3158
45,Meridian Street south of Nay Street,2025-12-04,Thursday,42.3829,-71.0393,Boston,away,MGH Institute of Health Professions,1494.0,30,19622,4,2021,3,2441
52,Seaport Boulevard west of Sleeper Street,2025-12-04,Thursday,42.3537,-71.0497,Boston,away,Suffolk University,1037.0,707,25592,147,3015,166,3233
54,South Huntington Avenue south of Castleton Street,2025-12-04,Thursday,42.3224,-71.1121,Boston,away,Roxbury Community College,1565.0,162,10086,26,1447,27,1222
56,Summer Street east of Dorchester Avenue,2025-12-04,Thursday,42.351,-71.0519,Boston,near,Tufts University,801.0,523,16572,118,1990,108,2230
58,Warren Street north of Walnut Avenue,2025-12-04,Thursday,42.3244,-71.0829,Boston,away,Roxbury Community College,1169.0,156,21806,24,2531,23,2705
60,Washington Street north of Bexley Road,2025-12-04,Thursday,42.2883,-71.1261,Boston,away,Roxbury Community College,5200.0,275,15607,58,1944,55,1966
62,Washington Street south of Hayward Place,2025-12-04,Thursday,42.3528,-71.0626,Boston,campus,Emerson College,239.0,502,3883,114,365,63,514
66,Western Avenue west of Waverly Street,2025-12-04,Thursday,42.3622,-71.1419,Boston,away,Harvard University,1831.0,275,9924,60,1295,50,1482
68,Arlington Street south of Marlborough Street,2025-12-04,Thursday,42.3545,-71.072,Boston,near,Emerson College,575.0,390,19222,93,2455,89,2428
70,Boylston Street east of Arlington Street,2025-12-04,Thursday,42.3522,-71.0694,Boston,campus,Emerson College,302.0,739,10798,204,1306,128,1704
71,Charles Street north of Boylston Street,2025-12-04,Thursday,42.353,-71.0676,Boston,campus,Emerson College,176.0,349,15545,49,1700,91,2344
72,Stuart Street east of Tremont Street,2025-12-04,Thursday,42.351,-71.0642,Boston,campus,Emerson College,165.0,445,19688,83,2120,85,2263
74,Tremont Street north of School Street,2025-12-04,Thursday,42.3586,-71.06,Boston,campus,Suffolk University,105.0,594,13386,114,1557,127,1786
77,Tremont Street west of Union Park,2025-12-04,Thursday,42.3434,-71.0727,Boston,near,Boston University,792.0,313,11808,54,1420,55,1475
91,Meridian Street south of Nay Street,2025-12-04,Thursday,42.3829,-71.0393,Boston,away,MGH Institute of Health Professions,1494.0,89,19622,4,2021,3,2441
15,Cambridge Street west of Staniford Street,2025-12-09,Tuesday,42.3613,-71.0642,Boston,campus,Suffolk University,324.0,588,19099,116,2750,150,2700
19,Charles Street north of Revere Street,2025-12-09,Tuesday,42.3597,-71.0708,Boston,near,Suffolk University,735.0,287,4903,70,588,67,767
21,Columbia Road south of Quincy Street,2025-12-09,Tuesday,42.3107,-71.0713,Boston,away,University of Massachusetts-Boston,2669.0,69,25120,10,2947,9,3148
39,Main Street south of Sullivan Square,2025-12-09,Tuesday,42.384,-71.0725,Boston,campus,Cambridge College,323.0,215,15444,51,2211,47,1946
42,Massachusetts Avenue south of Newmarket Square,2025-12-09,Tuesday,42.3261,-71.0662,Boston,away,Boston University,1117.0,254,18975,41,2127,47,2564
55,Southwest Corridor Bicycle Path south of Heath Street,2025-12-09,Tuesday,42.3238,-71.0996,Boston,near,Roxbury Community College,692.0,579,,143,,123,
69,Beacon Street west of Charles Street,2025-12-09,Tuesday,42.356,-71.0703,Boston,near,Emerson College,564.0,498,18413,65,2043,146,2959
73,Tremont Street north of Boylston Street,2025-12-09,Tuesday,42.3541,-71.0639,Boston,campus,Emerson College,244.0,443,12453,57,1245,121,1605
75,Huntington Avenue west of Evans Way,2025-12-09,Tuesday,42.3365,-71.0986,Boston,campus,Massachusetts College of Art and Design,69.0,390,21887,67,2675,89,2556
89,Boylston Street west of Tremont Street,2025-12-09,Tuesday,42.3525,-71.065,Boston,campus,Emerson College,46.0,767,8063,201,1068,164,1133
15,Cambridge Street west of Staniford Street,2025-12-10,Wednesday,42.3613,-71.0642,Boston,campus,Suffolk University,324.0,754,18316,143,2566,178,2460
19,Charles Street north of Revere Street,2025-12-10,Wednesday,42.3597,-71.0708,Boston,near,Suffolk University,735.0,346,5083,95,598,35,772
21,Columbia Road south of Quincy Street,2025-12-10,Wednesday,42.3107,-71.0713,Boston,away,University of Massachusetts-Boston,2669.0,80,25575,12,2957,12,3222
39,Main Street south of Sullivan Square,2025-12-10,Wednesday,42.384,-71.0725,Boston,campus,Cambridge College,323.0,228,15294,54,2185,48,1896
42,Massachusetts Avenue south of Newmarket Square,2025-12-10,Wednesday,42.3261,-71.0662,Boston,away,Boston University,1117.0,361,19310,60,2269,51,2474
55,Southwest Corridor Bicycle Path south of Heath Street,2025-12-10,Wednesday,42.3238,-71.0996,Boston,near,Roxbury Community College,692.0,751,,193,,159,
69,Beacon Street west of Charles Street,2025-12-10,Wednesday,42.356,-71.0703,Boston,near,Emerson College,564.0,599,19122,78,1974,143,2559
73,Tremont Street north of Boylston Street,2025-12-10,Wednesday,42.3541,-71.0639,Boston,campus,Emerson College,244.0,550,12511,57,1248,135,1603
75,Huntington Avenue west of Evans Way,2025-12-10,Wednesday,42.3365,-71.0986,Boston,campus,Massachusetts College of Art and Design,69.0,497,22544,80,2750,85,2776
89,Boylston Street west of Tremont Street,2025-12-10,Wednesday,42.3525,-71.065,Boston,campus,Emerson College,46.0,958,7683,243,999,162,997
12,BU Bridge north of Commonwealth Avenue,2026-03-10,Tuesday,42.3523,-71.1107,Boston,campus,Boston University,148.0,1852,28182,370,3881,460,3709
18,Charles River Dam Bridge west of Leverett Circle,2026-03-10,Tuesday,42.3671,-71.0689,Boston,campus,Hult International Business School,349.0,1616,36405,323,4334,446,4244
23,Columbus Avenue west of Holyoke Street,2026-03-10,Tuesday,42.3441,-71.0775,Boston,near,Berklee College of Music,991.0,480,8127,106,972,116,1216
31,Dorchester Avenue north of Doris Street,2026-03-10,Tuesday,42.3137,-71.057,Boston,away,University of Massachusetts-Boston,1467.0,296,13068,38,1328,63,1540
37,Longfellow Bridge west of Charles Street,2026-03-10,Tuesday,42.3614,-71.0734,Boston,near,Hult International Business School,978.0,1774,17549,373,2211,471,2983
42,Massachusetts Avenue south of Newmarket Square,2026-03-10,Tuesday,42.3261,-71.0662,Boston,away,Boston University,1117.0,472,18977,54,2154,106,2565
44,Massachusetts Avenue north of Back Street,2026-03-10,Tuesday,42.3532,-71.0906,Boston,near,Massachusetts Institute of Technology,705.0,4331,19857,744,2541,1053,2835
55,Southwest Corridor Bicycle Path south of Heath Street,2026-03-10,Tuesday,42.3238,-71.0996,Boston,near,Roxbury Community College,692.0,1460,,290,,353,
56,Summer Street east of Dorchester Avenue,2026-03-10,Tuesday,42.351,-71.0519,Boston,near,Tufts University,801.0,771,14526,154,1771,193,2015
66,Western Avenue west of Waverly Street,2026-03-10,Tuesday,42.3622,-71.1419,Boston,away,Harvard University,1831.0,458,9295,90,1223,124,1407
70,Boylston Street east of Arlington Street,2026-03-10,Tuesday,42.3522,-71.0694,Boston,campus,Emerson College,302.0,1234,8393,301,1182,250,1314
73,Tremont Street north of Boylston Street,2026-03-10,Tuesday,42.3541,-71.0639,Boston,campus,Emerson College,244.0,809,10951,63,1112,238,1480
77,Tremont Street west of Union Park,2026-03-10,Tuesday,42.3434,-71.0727,Boston,near,Boston University,792.0,516,10344,76,1308,133,1168
8,Blue Hill Avenue north of Rexford Street,2026-03-10,Tuesday,42.2714,-71.0937,Boston,away,Roxbury Community College,6426.0,61,26355,9,3595,14,3186
82,North Beacon Street west of Glencoe Street,2026-03-10,Tuesday,42.3559,-71.1482,Boston,away,Harvard University,2539.0,150,10369,17,1250,30,1659
89,Boylston Street west of Tremont Street,2026-03-10,Tuesday,42.3525,-71.065,Boston,campus,Emerson College,46.0,1319,6669,299,853,304,973
9,Blue Hill Avenue north of Seaver Street,2026-03-10,Tuesday,42.3057,-71.0846,Boston,away,Roxbury Community College,2764.0,71,21865,8,2467,6,2655
12,BU Bridge north of Commonwealth Avenue,2026-03-11,Wednesday,42.3523,-71.1107,Boston,campus,Boston University,148.0,1460,27906,344,3664,345,3887
18,Charles River Dam Bridge west of Leverett Circle,2026-03-11,Wednesday,42.3671,-71.0689,Boston,campus,Hult International Business School,349.0,1010,36931,250,4468,223,4264
23,Columbus Avenue west of Holyoke Street,2026-03-11,Wednesday,42.3441,-71.0775,Boston,near,Berklee College of Music,991.0,363,8332,88,1016,87,1210
31,Dorchester Avenue north of Doris Street,2026-03-11,Wednesday,42.3137,-71.057,Boston,away,University of Massachusetts-Boston,1467.0,211,13137,29,1379,43,1516
37,Longfellow Bridge west of Charles Street,2026-03-11,Wednesday,42.3614,-71.0734,Boston,near,Hult International Business School,978.0,1209,18078,287,2139,271,2948
42,Massachusetts Avenue south of Newmarket Square,2026-03-11,Wednesday,42.3261,-71.0662,Boston,away,Boston University,1117.0,369,18878,50,2201,80,2439
44,Massachusetts Avenue north of Back Street,2026-03-11,Wednesday,42.3532,-71.0906,Boston,near,Massachusetts Institute of Technology,705.0,2998,20412,622,2693,633,2873
55,Southwest Corridor Bicycle Path south of Heath Street,2026-03-11,Wednesday,42.3238,-71.0996,Boston,near,Roxbury Community College,692.0,989,,244,,224,
56,Summer Street east of Dorchester Avenue,2026-03-11,Wednesday,42.351,-71.0519,Boston,near,Tufts University,801.0,476,14654,120,2116,106,1972
66,Western Avenue west of Waverly Street,2026-03-11,Wednesday,42.3622,-71.1419,Boston,away,Harvard University,1831.0,347,9485,77,1271,83,1443
70,Boylston Street east of Arlington Street,2026-03-11,Wednesday,42.3522,-71.0694,Boston,campus,Emerson College,302.0,753,8824,204,1292,114,1450
73,Tremont Street north of Boylston Street,2026-03-11,Wednesday,42.3541,-71.0639,Boston,campus,Emerson College,244.0,519,10972,46,1146,134,1377
77,Tremont Street west of Union Park,2026-03-11,Wednesday,42.3434,-71.0727,Boston,near,Boston University,792.0,372,9951,76,1253,93,1265
8,Blue Hill Avenue north of Rexford Street,2026-03-11,Wednesday,42.2714,-71.0937,Boston,away,Roxbury Community College,6426.0,40,25455,6,3489,4,2766
82,North Beacon Street west of Glencoe Street,2026-03-11,Wednesday,42.3559,-71.1482,Boston,away,Harvard University,2539.0,94,10612,17,1298,18,1738
89,Boylston Street west of Tremont Street,2026-03-11,Wednesday,42.3525,-71.065,Boston,campus,Emerson College,46.0,814,7331,219,956,153,1076
9,Blue Hill Avenue north of Seaver Street,2026-03-11,Wednesday,42.3057,-71.0846,Boston,away,Roxbury Community College,2764.0,42,21219,7,2397,6,2358
1,A Street north of Iron Street,2026-06-09,Tuesday,42.3459,-71.052,Boston,near,Tufts University,894.0,858,10247,154,1572,216,1153
11,Brookline Avenue south of Francis Street,2026-06-09,Tuesday,42.3367,-71.1096,Boston,near,Harvard University,532.0,590,22373,125,2371,109,2939
12,BU Bridge north of Commonwealth Avenue,2026-06-09,Tuesday,42.3523,-71.1107,Boston,campus,Boston University,148.0,2579,29722,520,4023,570,3563
15,Cambridge Street west of Staniford Street,2026-06-09,Tuesday,42.3613,-71.0642,Boston,campus,Suffolk University,324.0,1558,17439,293,2324,379,2471
16,Centre Street north of Harris Avenue,2026-06-09,Tuesday,42.3113,-71.1145,Boston,away,Roxbury Community College,2534.0,405,12256,56,1523,66,1345
18,Charles River Dam Bridge west of Leverett Circle,2026-06-09,Tuesday,42.3671,-71.0689,Boston,campus,Hult International Business School,349.0,2285,38108,452,4688,549,4111
19,Charles Street north of Revere Street,2026-06-09,Tuesday,42.3597,-71.0708,Boston,near,Suffolk University,735.0,675,4973,160,563,105,848
21,Columbia Road south of Quincy Street,2026-06-09,Tuesday,42.3107,-71.0713,Boston,away,University of Massachusetts-Boston,2669.0,222,26311,27,2969,30,3057
23,Columbus Avenue west of Holyoke Street,2026-06-09,Tuesday,42.3441,-71.0775,Boston,near,Berklee College of Music,991.0,657,9004,137,1055,154,1216
25,Commonwealth Avenue east of Berkeley Street,2026-06-09,Tuesday,42.353,-71.0733,Boston,near,Emerson College,629.0,1208,9753,226,1363,236,1362
28,D Street south of Fargo Street,2026-06-09,Tuesday,42.345,-71.0436,Boston,away,Tufts University,1568.0,290,6509,47,974,71,953
3,Atlantic Avenue south of Commercial Street,2026-06-09,Tuesday,42.3635,-71.0511,Boston,away,Suffolk University,1017.0,973,6971,187,724,237,1174
31,Dorchester Avenue north of Doris Street,2026-06-09,Tuesday,42.3137,-71.057,Boston,away,University of Massachusetts-Boston,1467.0,387,13266,51,1358,77,1554
33,Dorchester Avenue south of Greenwich Street,2026-06-09,Tuesday,42.3025,-71.0596,Boston,away,University of Massachusetts-Boston,2099.0,321,12984,37,1503,64,1399
34,Franklin Street north of Alcott Street,2026-06-09,Tuesday,42.3581,-71.1331,Boston,away,Harvard University,1335.0,529,2185,72,314,115,240
37,Longfellow Bridge west of Charles Street,2026-06-09,Tuesday,42.3614,-71.0734,Boston,near,Hult International Business School,978.0,2182,18797,469,2388,513,2947
38,Longwood Avenue east of Pilgrim Road,2026-06-09,Tuesday,42.3392,-71.1078,Boston,campus,Simmons University,259.0,1225,9838,278,1337,266,1209
39,Main Street south of Sullivan Square,2026-06-09,Tuesday,42.384,-71.0725,Boston,campus,Cambridge College,323.0,423,16008,139,2146,51,2123
4,Beacon Street east of Mountfort Street,2026-06-09,Tuesday,42.3478,-71.101,Boston,campus,Boston University,212.0,1085,22705,205,2891,249,2985
44,Massachusetts Avenue north of Back Street,2026-06-09,Tuesday,42.3532,-71.0906,Boston,near,Massachusetts Institute of Technology,705.0,5049,19906,933,2508,1140,3017
45,Meridian Street south of Nay Street,2026-06-09,Tuesday,42.3829,-71.0393,Boston,away,MGH Institute of Health Professions,1494.0,87,19418,13,2013,7,2208
5,Beacon Street west of Dartmouth Street,2026-06-09,Tuesday,42.3536,-71.0793,Boston,away,Berklee College of Music,1109.0,753,6128,85,799,195,734
52,Seaport Boulevard west of Sleeper Street,2026-06-09,Tuesday,42.3537,-71.0497,Boston,away,Suffolk University,1037.0,1627,25142,286,3294,370,2960
54,South Huntington Avenue south of Castleton Street,2026-06-09,Tuesday,42.3224,-71.1121,Boston,away,Roxbury Community College,1565.0,293,10105,46,1419,40,1191
55,Southwest Corridor Bicycle Path south of Heath Street,2026-06-09,Tuesday,42.3238,-71.0996,Boston,near,Roxbury Community College,692.0,1752,,352,,395,
56,Summer Street east of Dorchester Avenue,2026-06-09,Tuesday,42.351,-71.0519,Boston,near,Tufts University,801.0,1094,16944,221,2216,234,2343
58,Warren Street north of Walnut Avenue,2026-06-09,Tuesday,42.3244,-71.0829,Boston,away,Roxbury Community College,1169.0,254,22118,35,2591,35,2563
6,Beacon Street east of Raleigh Street,2026-06-09,Tuesday,42.3496,-71.0939,Boston,campus,Boston University,347.0,776,16200,120,1709,187,2183
60,Washington Street north of Bexley Road,2026-06-09,Tuesday,42.2883,-71.1261,Boston,away,Roxbury Community College,5200.0,593,15612,111,1737,134,1998
62,Washington Street south of Hayward Place,2026-06-09,Tuesday,42.3528,-71.0626,Boston,campus,Emerson College,239.0,864,3199,204,307,134,454
67,Neponset Greenway east of Blue Hill Avenue,2026-06-09,Tuesday,42.2672,-71.0934,Boston,away,University of Massachusetts-Boston,6840.0,249,,21,,65,
73,Tremont Street north of Boylston Street,2026-06-09,Tuesday,42.3541,-71.0639,Boston,campus,Emerson College,244.0,971,11093,99,1176,315,1691
8,Blue Hill Avenue north of Rexford Street,2026-06-09,Tuesday,42.2714,-71.0937,Boston,away,Roxbury Community College,6426.0,77,27724,11,3550,19,3373
89,Boylston Street west of Tremont Street,2026-06-09,Tuesday,42.3525,-71.065,Boston,campus,Emerson College,46.0,1794,7894,349,1046,396,1143
1,A Street north of Iron Street,2026-06-10,Wednesday,42.3459,-71.052,Boston,near,Tufts University,894.0,829,11032,157,1508,205,1225
11,Brookline Avenue south of Francis Street,2026-06-10,Wednesday,42.3367,-71.1096,Boston,near,Harvard University,532.0,545,22297,111,2322,95,3055
12,BU Bridge north of Commonwealth Avenue,2026-06-10,Wednesday,42.3523,-71.1107,Boston,campus,Boston University,148.0,2404,30165,460,4080,593,3638
15,Cambridge Street west of Staniford Street,2026-06-10,Wednesday,42.3613,-71.0642,Boston,campus,Suffolk University,324.0,1506,18375,257,2431,334,2606
16,Centre Street north of Harris Avenue,2026-06-10,Wednesday,42.3113,-71.1145,Boston,away,Roxbury Community College,2534.0,416,12397,51,1493,94,1389
18,Charles River Dam Bridge west of Leverett Circle,2026-06-10,Wednesday,42.3671,-71.0689,Boston,campus,Hult International Business School,349.0,2073,38500,397,4547,504,3916
19,Charles Street north of Revere Street,2026-06-10,Wednesday,42.3597,-71.0708,Boston,near,Suffolk University,735.0,603,5316,149,596,119,935
21,Columbia Road south of Quincy Street,2026-06-10,Wednesday,42.3107,-71.0713,Boston,away,University of Massachusetts-Boston,2669.0,182,26539,16,2965,25,3079
23,Columbus Avenue west of Holyoke Street,2026-06-10,Wednesday,42.3441,-71.0775,Boston,near,Berklee College of Music,991.0,633,9113,134,1142,156,1278
25,Commonwealth Avenue east of Berkeley Street,2026-06-10,Wednesday,42.353,-71.0733,Boston,near,Emerson College,629.0,1078,10231,213,1292,221,1378
28,D Street south of Fargo Street,2026-06-10,Wednesday,42.345,-71.0436,Boston,away,Tufts University,1568.0,264,7183,31,1079,52,958
3,Atlantic Avenue south of Commercial Street,2026-06-10,Wednesday,42.3635,-71.0511,Boston,away,Suffolk University,1017.0,1032,7357,173,702,211,1226
31,Dorchester Avenue north of Doris Street,2026-06-10,Wednesday,42.3137,-71.057,Boston,away,University of Massachusetts-Boston,1467.0,418,13018,63,1317,84,1512
33,Dorchester Avenue south of Greenwich Street,2026-06-10,Wednesday,42.3025,-71.0596,Boston,away,University of Massachusetts-Boston,2099.0,366,12986,43,1448,88,1410
34,Franklin Street north of Alcott Street,2026-06-10,Wednesday,42.3581,-71.1331,Boston,away,Harvard University,1335.0,586,2284,78,298,137,237
37,Longfellow Bridge west of Charles Street,2026-06-10,Wednesday,42.3614,-71.0734,Boston,near,Hult International Business School,978.0,2072,19642,438,2469,462,3002
38,Longwood Avenue east of Pilgrim Road,2026-06-10,Wednesday,42.3392,-71.1078,Boston,campus,Simmons University,259.0,1180,9900,283,1169,256,1202
39,Main Street south of Sullivan Square,2026-06-10,Wednesday,42.384,-71.0725,Boston,campus,Cambridge College,323.0,374,16540,95,2231,46,2146
4,Beacon Street east of Mountfort Street,2026-06-10,Wednesday,42.3478,-71.101,Boston,campus,Boston University,212.0,989,22828,195,2836,241,2951
44,Massachusetts Avenue north of Back Street,2026-06-10,Wednesday,42.3532,-71.0906,Boston,near,Massachusetts Institute of Technology,705.0,4590,20745,866,2523,1006,3085
45,Meridian Street south of Nay Street,2026-06-10,Wednesday,42.3829,-71.0393,Boston,away,MGH Institute of Health Professions,1494.0,88,20898,7,2551,18,2636
5,Beacon Street west of Dartmouth Street,2026-06-10,Wednesday,42.3536,-71.0793,Boston,away,Berklee College of Music,1109.0,662,6392,75,843,190,790
52,Seaport Boulevard west of Sleeper Street,2026-06-10,Wednesday,42.3537,-71.0497,Boston,away,Suffolk University,1037.0,1608,25971,306,3273,381,2916
54,South Huntington Avenue south of Castleton Street,2026-06-10,Wednesday,42.3224,-71.1121,Boston,away,Roxbury Community College,1565.0,268,10347,46,1463,43,1311
55,Southwest Corridor Bicycle Path south of Heath Street,2026-06-10,Wednesday,42.3238,-71.0996,Boston,near,Roxbury Community College,692.0,1656,,350,,374,
56,Summer Street east of Dorchester Avenue,2026-06-10,Wednesday,42.351,-71.0519,Boston,near,Tufts University,801.0,1077,17459,208,2327,244,2364
58,Warren Street north of Walnut Avenue,2026-06-10,Wednesday,42.3244,-71.0829,Boston,away,Roxbury Community College,1169.0,290,22233,33,2494,45,2674
6,Beacon Street east of Raleigh Street,2026-06-10,Wednesday,42.3496,-71.0939,Boston,campus,Boston University,347.0,688,15979,105,1708,183,1870
60,Washington Street north of Bexley Road,2026-06-10,Wednesday,42.2883,-71.1261,Boston,away,Roxbury Community College,5200.0,555,16040,106,1922,128,2069
62,Washington Street south of Hayward Place,2026-06-10,Wednesday,42.3528,-71.0626,Boston,campus,Emerson College,239.0,899,3267,204,316,150,532
67,Neponset Greenway east of Blue Hill Avenue,2026-06-10,Wednesday,42.2672,-71.0934,Boston,away,University of Massachusetts-Boston,6840.0,243,,37,,41,
73,Tremont Street north of Boylston Street,2026-06-10,Wednesday,42.3541,-71.0639,Boston,campus,Emerson College,244.0,1021,11152,98,1215,296,1503
8,Blue Hill Avenue north of Rexford Street,2026-06-10,Wednesday,42.2714,-71.0937,Boston,away,Roxbury Community College,6426.0,81,28746,10,3582,16,3406
89,Boylston Street west of Tremont Street,2026-06-10,Wednesday,42.3525,-71.065,Boston,campus,Emerson College,46.0,1768,8158,377,1080,383,1006
13,Cambridge Street east of Lincoln Street,2026-06-16,Tuesday,42.3577,-71.1272,Boston,away,Harvard University,1022.0,482,37054,80,4554,107,4357
2,Adams Street south of Washington Street,2026-06-16,Tuesday,42.272,-71.068,Boston,away,University of Massachusetts-Boston,5216.0,25,18741,2,2498,2,2432
26,Commonwealth Avenue west of Silber Way,2026-06-16,Tuesday,42.3496,-71.102,Boston,campus,Boston University,26.0,1372,10994,187,1252,281,1604
42,Massachusetts Avenue south of Newmarket Square,2026-06-16,Tuesday,42.3261,-71.0662,Boston,away,Boston University,1117.0,710,19360,77,2137,131,2496
65,Western Avenue east of Hague Street,2026-06-16,Tuesday,42.3639,-71.1217,Boston,campus,Harvard University,200.0,729,7018,119,795,194,986
7,Belgrade Avenue east of Anawan Avenue,2026-06-16,Tuesday,42.2861,-71.1471,Boston,away,Boston College,5620.0,56,10667,3,1346,13,1460
77,Tremont Street west of Union Park,2026-06-16,Tuesday,42.3434,-71.0727,Boston,near,Boston University,792.0,700,9431,95,1223,170,1149
90,Boylston Street west of Fairfield Street,2026-06-16,Tuesday,42.3487,-71.0824,Boston,near,Berklee College of Music,589.0,1050,9690,143,994,218,1467
13,Cambridge Street east of Lincoln Street,2026-06-17,Wednesday,42.3577,-71.1272,Boston,away,Harvard University,1022.0,498,38016,76,4331,95,4417
2,Adams Street south of Washington Street,2026-06-17,Wednesday,42.272,-71.068,Boston,away,University of Massachusetts-Boston,5216.0,43,19152,6,2491,6,2653
26,Commonwealth Avenue west of Silber Way,2026-06-17,Wednesday,42.3496,-71.102,Boston,campus,Boston University,26.0,1297,11561,174,1353,296,1669
42,Massachusetts Avenue south of Newmarket Square,2026-06-17,Wednesday,42.3261,-71.0662,Boston,away,Boston University,1117.0,682,20062,83,2218,120,2535
65,Western Avenue east of Hague Street,2026-06-17,Wednesday,42.3639,-71.1217,Boston,campus,Harvard University,200.0,808,7319,123,909,177,1012
7,Belgrade Avenue east of Anawan Avenue,2026-06-17,Wednesday,42.2861,-71.1471,Boston,away,Boston College,5620.0,64,10556,11,1300,11,1497
77,Tremont Street west of Union Park,2026-06-17,Wednesday,42.3434,-71.0727,Boston,near,Boston University,792.0,720,10082,97,1231,158,1199
90,Boylston Street west of Fairfield Street,2026-06-17,Wednesday,42.3487,-71.0824,Boston,near,Berklee College of Music,589.0,961,10106,150,1005,141,1413
